iteration,nll_loss
0,1.1815484762191772
1,1.1889009475708008
2,1.1741316318511963
3,1.1813676357269287
4,1.1746530532836914
5,1.1642158031463623
6,1.1607235670089722
7,1.1660232543945312
8,1.162333369255066
9,1.1664507389068604
10,1.1554726362228394
11,1.1515529155731201
12,1.1538362503051758
13,1.1444759368896484
14,1.153562307357788
15,1.1566264629364014
16,1.1482033729553223
17,1.1449321508407593
18,1.1435543298721313
19,1.1466666460037231
20,1.1409021615982056
21,1.1381826400756836
22,1.1304073333740234
23,1.1201236248016357
24,1.1295232772827148
25,1.1222747564315796
26,1.120682954788208
27,1.1211137771606445
28,1.1254174709320068
29,1.1124683618545532
30,1.1084585189819336
31,1.1061322689056396
32,1.098708987236023
33,1.100699782371521
34,1.0985480546951294
35,1.1019511222839355
36,1.0930126905441284
37,1.087439775466919
38,1.0800050497055054
39,1.0820392370224
40,1.0767954587936401
41,1.0748862028121948
42,1.0614427328109741
43,1.0554091930389404
44,1.0570173263549805
45,1.0452877283096313
46,1.0475077629089355
47,1.027275562286377
48,1.0318775177001953
49,1.0159600973129272
50,1.0086747407913208
51,1.0019997358322144
52,0.993626594543457
53,0.9882621169090271
54,0.9777101874351501
55,0.9683322310447693
56,0.9601214528083801
57,0.949044942855835
58,0.940926730632782
59,0.9282816648483276
60,0.9190317988395691
61,0.9092031717300415
62,0.8978753089904785
63,0.8861108422279358
64,0.8727944493293762
65,0.8577314615249634
66,0.8511910438537598
67,0.8342828154563904
68,0.8229729533195496
69,0.8090335130691528
70,0.7975977063179016
71,0.7770344614982605
72,0.7589299082756042
73,0.752144455909729
74,0.7429579496383667
75,0.7163664102554321
76,0.7050764560699463
77,0.6998991966247559
78,0.6741513013839722
79,0.6617878079414368
80,0.6408061981201172
81,0.631062388420105
82,0.6152536869049072
83,0.5974064469337463
84,0.5904521346092224
85,0.5650694370269775
86,0.5418540239334106
87,0.5341647863388062
88,0.5227864384651184
89,0.4974950850009918
90,0.4851379990577698
91,0.4745403826236725
92,0.4349677264690399
93,0.44148683547973633
94,0.4312385320663452
95,0.4140956699848175
96,0.39522019028663635
97,0.3787710964679718
98,0.34478527307510376
99,0.34620657563209534
100,0.3252895474433899
101,0.31038838624954224
102,0.2664932608604431
103,0.27178213000297546
104,0.24755047261714935
105,0.23494265973567963
106,0.23988637328147888
107,0.16576896607875824
108,0.17427247762680054
109,0.17575405538082123
110,0.1353638768196106
111,0.16343088448047638
112,0.093903087079525
113,0.10536228865385056
114,0.048029862344264984
115,0.10795998573303223
116,0.04300534725189209
117,-0.0028143376111984253
118,0.009421020746231079
119,-0.04082132875919342
120,-0.04412558302283287
121,-0.09055100381374359
122,-0.025246255099773407
123,-0.06124907732009888
124,-0.10159773379564285
125,-0.12590280175209045
126,-0.15701225399971008
127,-0.2217615246772766
128,-0.1917015165090561
129,-0.23324063420295715
130,-0.2478277087211609
131,-0.28834182024002075
132,-0.32468318939208984
133,-0.32505112886428833
134,-0.3196735382080078
135,-0.40515366196632385
136,-0.24119694530963898
137,-0.46420198678970337
138,-0.3207434415817261
139,-0.36370962858200073
140,-0.4908522665500641
141,-0.5367698073387146
142,-0.5262064933776855
143,-0.4974950850009918
144,-0.5549339056015015
145,-0.5150521993637085
146,-0.6491528749465942
147,-0.5683009624481201
148,-0.4807181656360626
149,-0.5721322894096375
150,-0.6325687170028687
151,-0.5898933410644531
152,-0.6238784193992615
153,-0.7517601847648621
154,-0.6001055240631104
155,-0.6523635387420654
156,-0.6677384376525879
157,-0.678168535232544
158,-0.6582143306732178
159,-0.667793869972229
160,-0.7148895263671875
161,-0.7021298408508301
162,-0.7494933009147644
163,-0.7313103675842285
164,-0.8467910289764404
165,-0.8454887866973877
166,-0.7044759392738342
167,-0.8668815493583679
168,-0.8109273314476013
169,-0.7617303133010864
170,-0.8256723284721375
171,-0.8373669385910034
172,-0.8509531617164612
173,-0.8732444643974304
174,-0.820955216884613
175,-0.7865625619888306
176,-0.8333601355552673
177,-0.8339067697525024
178,-0.8733708262443542
179,-0.8335769176483154
180,-0.9371674656867981
181,-0.9255039095878601
182,-0.8552259802818298
183,-0.8471713066101074
184,-0.883344292640686
185,-0.7996901869773865
186,-0.9227756261825562
187,-0.9511589407920837
188,-0.9023892879486084
189,-0.8609325289726257
190,-0.8869588971138
191,-0.8430187106132507
192,-0.9049129486083984
193,-0.8997290134429932
194,-0.9669386744499207
195,-0.892565906047821
196,-0.8393038511276245
197,-0.9104647040367126
198,-0.8800336122512817
199,-0.9060937166213989
200,-0.842944324016571
201,-0.8296659588813782
202,-0.9071735143661499
203,-0.8810237050056458
204,-0.8430930972099304
205,-0.874580979347229
206,-0.9322546720504761
207,-0.8455077409744263
208,-0.8777270317077637
209,-0.8967298269271851
210,-0.9455603957176208
211,-0.9175864458084106
212,-0.9348961710929871
213,-0.8553369045257568
214,-0.8017178177833557
215,-0.8858227133750916
216,-0.8924015760421753
217,-0.8569121956825256
218,-0.8421489000320435
219,-0.9232071042060852
220,-0.9149839878082275
221,-0.7997971177101135
222,-0.891767144203186
223,-0.9448790550231934
224,-0.9504902958869934
225,-0.9084409475326538
226,-0.9265185594558716
227,-0.9265403747558594
228,-0.9325496554374695
229,-0.8711780309677124
230,-0.9060507416725159
231,-0.9404329061508179
232,-0.9628773927688599
233,-0.9732396602630615
234,-0.9099330306053162
235,-0.9509214758872986
236,-0.9646207094192505
237,-0.9024550318717957
238,-0.9477317929267883
239,-0.967958390712738
240,-0.9590358138084412
241,-0.9628159403800964
242,-0.9405817985534668
243,-0.9245079159736633
244,-0.8534421324729919
245,-0.932732105255127
246,-0.9526724815368652
247,-0.9053511023521423
248,-0.9463067054748535
249,-0.9576120376586914
250,-0.8815171718597412
251,-0.9129912853240967
252,-0.8825857043266296
253,-0.9372586011886597
254,-0.9564470052719116
255,-0.9726231694221497
256,-1.0099496841430664
257,-0.9517933130264282
258,-0.9244580268859863
259,-0.8988867998123169
260,-0.9770379066467285
261,-0.8820888996124268
262,-0.879560112953186
263,-0.9111314415931702
264,-0.9695865511894226
265,-0.940558910369873
266,-0.805178701877594
267,-0.8763471841812134
268,-0.960985004901886
269,-0.9166159629821777
270,-0.9458690881729126
271,-0.9046701788902283
272,-0.951061487197876
273,-0.9134625792503357
274,-0.9403334856033325
275,-0.9641045331954956
276,-0.9103414416313171
277,-0.9447681307792664
278,-0.9021310806274414
279,-0.9158722758293152
280,-0.9375172853469849
281,-0.969210147857666
282,-0.8394196033477783
283,-0.9405242800712585
284,-0.9416002631187439
285,-0.9436373710632324
286,-0.8686610460281372
287,-0.8878306150436401
288,-0.9108962416648865
289,-0.9227476119995117
290,-0.9385403394699097
291,-0.9255598783493042
292,-0.9655488133430481
293,-0.9587137699127197
294,-0.8862695693969727
295,-0.9148672819137573
296,-0.9271278381347656
297,-0.826476514339447
298,-0.9346438050270081
299,-0.9551088213920593
300,-0.9182257056236267
301,-0.9751743674278259
302,-0.9278155565261841
303,-0.9731636047363281
304,-0.9387091398239136
305,-0.8928343653678894
306,-0.8776782751083374
307,-0.9173584580421448
308,-0.9251666069030762
309,-0.9403126239776611
310,-0.9424420595169067
311,-0.8982093930244446
312,-0.955736517906189
313,-0.9259899258613586
314,-0.9088322520256042
315,-0.9561519026756287
316,-0.938212513923645
317,-0.9154629707336426
318,-0.9416871070861816
319,-0.9256059527397156
320,-0.9433678388595581
321,-0.9012576937675476
322,-0.9657571911811829
323,-0.9273260235786438
324,-0.9322965741157532
325,-0.9125286936759949
326,-0.8811008334159851
327,-0.9469104409217834
328,-0.9385506510734558
329,-0.8971226215362549
330,-0.9713858366012573
331,-0.9442546367645264
332,-0.9128804206848145
333,-0.8931219577789307
334,-0.9381099939346313
335,-0.9303497076034546
336,-0.9542636275291443
337,-0.9813682436943054
338,-0.9473129510879517
339,-0.9432497024536133
340,-0.9272100329399109
341,-0.9370343089103699
342,-0.8573048710823059
343,-0.9151139259338379
344,-0.9608199000358582
345,-0.9099061489105225
346,-0.877531886100769
347,-0.9045277833938599
348,-0.9546122550964355
349,-0.9409136772155762
350,-0.9575802683830261
351,-0.8907677531242371
352,-0.9761097431182861
353,-0.9230945706367493
354,-0.8868454098701477
355,-0.9183295965194702
356,-0.9559720754623413
357,-0.919776439666748
358,-0.9009648561477661
359,-0.9916204214096069
360,-0.946380078792572
361,-0.9311754107475281
362,-0.9178352355957031
363,-0.9263585209846497
364,-0.9178774356842041
365,-0.9608954191207886
366,-0.905909538269043
367,-0.9017567038536072
368,-0.9193664193153381
369,-0.924209475517273
370,-0.8548436164855957
371,-0.9217758178710938
372,-0.9082764387130737
373,-0.8989942669868469
374,-0.8132832050323486
375,-0.9055654406547546
376,-0.9164935350418091
377,-0.9467958807945251
378,-0.8614916205406189
379,-0.9078476428985596
380,-0.946295976638794
381,-0.915119469165802
382,-0.9638421535491943
383,-0.8978866934776306
384,-0.9310809969902039
385,-0.9078251123428345
386,-0.9065790772438049
387,-0.9214121103286743
388,-0.8871166110038757
389,-0.9534210562705994
390,-0.8658170104026794
391,-0.8965327143669128
392,-0.9211527705192566
393,-0.8876028656959534
394,-0.9555654525756836
395,-0.963364839553833
396,-0.9725023508071899
397,-0.907317042350769
398,-0.9599875807762146
399,-0.9411383271217346
400,-0.9578696489334106
401,-0.9587633609771729
402,-1.0170342922210693
403,-0.8797886371612549
404,-0.9587138891220093
405,-0.9916288256645203
406,-0.9192994832992554
407,-0.813305675983429
408,-0.9150278568267822
409,-0.8331315517425537
410,-0.9061944484710693
411,-0.908226490020752
412,-0.9378284215927124
413,-0.8355948328971863
414,-0.9327552914619446
415,-0.9273065328598022
416,-0.8947374820709229
417,-0.8909549117088318
418,-0.9268398284912109
419,-0.9775410890579224
420,-0.9663290977478027
421,-0.8604035973548889
422,-0.8629239201545715
423,-0.8504380583763123
424,-0.9040735960006714
425,-0.94318026304245
426,-0.848598062992096
427,-0.9010114669799805
428,-0.9626614451408386
429,-0.9296761751174927
430,-0.9539707899093628
431,-0.869796872138977
432,-0.9681365489959717
433,-0.9437205195426941
434,-0.9231171011924744
435,-0.9270472526550293
436,-0.9450249075889587
437,-0.9323252439498901
438,-0.9199859499931335
439,-0.9540504813194275
440,-0.9652119278907776
441,-0.9896453022956848
442,-0.9187467694282532
443,-0.913958728313446
444,-0.9356157779693604
445,-0.9614750742912292
446,-0.9531659483909607
447,-0.9370679259300232
448,-0.9458582997322083
449,-0.9397672414779663
450,-0.9476642608642578
451,-0.9194806218147278
452,-0.9179666042327881
453,-0.909979522228241
454,-0.8847768306732178
455,-0.9170606136322021
456,-0.9065125584602356
457,-0.9464580416679382
458,-0.908481240272522
459,-0.9321578145027161
460,-0.8908867239952087
461,-0.8809128999710083
462,-0.9592846035957336
463,-0.9189404249191284
464,-0.9134955406188965
465,-0.9660438895225525
466,-0.9522714614868164
467,-0.9520285129547119
468,-0.9901566505432129
469,-0.8790774941444397
470,-0.9599633812904358
471,-0.8986368179321289
472,-0.9904982447624207
473,-0.9603506326675415
474,-0.9503602981567383
475,-0.9821635484695435
476,-0.913438081741333
477,-0.9441586136817932
478,-0.9278906583786011
479,-0.9764279127120972
480,-0.8729148507118225
481,-0.9543257355690002
482,-0.9032645225524902
483,-0.9370602369308472
484,-0.9879209399223328
485,-0.9211087226867676
486,-0.9696898460388184
487,-0.8999517560005188
488,-0.9632699489593506
489,-0.8928777575492859
490,-0.9591426849365234
491,-0.9004168510437012
492,-0.9435340166091919
493,-0.9567602276802063
494,-0.9639080166816711
495,-0.946071982383728
496,-0.8981230854988098
497,-0.9068931937217712
498,-0.9822616577148438
499,-0.948066234588623
500,-0.8244627714157104
501,-0.9639316201210022
502,-0.8794617056846619
503,-0.9271227717399597
504,-0.8996201157569885
505,-1.0038914680480957
506,-0.9456976056098938
507,-0.9209078550338745
508,-0.9232935905456543
509,-0.9446666240692139
510,-0.8888759016990662
511,-0.928012490272522
512,-0.985748827457428
513,-0.9537496566772461
514,-0.9137381315231323
515,-0.9554659724235535
516,-0.9362865686416626
517,-0.947811484336853
518,-0.9532391428947449
519,-0.9516223073005676
520,-0.9944950938224792
521,-0.9700052738189697
522,-0.8903527855873108
523,-0.9575824737548828
524,-0.9733725786209106
525,-0.9868477582931519
526,-0.9120690226554871
527,-0.9278242588043213
528,-0.8753135204315186
529,-0.8744516372680664
530,-0.9385713934898376
531,-0.8962552547454834
532,-0.931416392326355
533,-0.9595673680305481
534,-0.956719696521759
535,-0.8867827653884888
536,-0.9533597826957703
537,-0.9730086326599121
538,-0.9825696349143982
539,-0.9460725784301758
540,-0.9629716873168945
541,-0.9316818714141846
542,-0.9972305297851562
543,-0.8829359412193298
544,-0.8968108892440796
545,-0.9231674075126648
546,-0.9445095658302307
547,-0.9720450043678284
548,-0.8981712460517883
549,-0.9057005643844604
550,-0.9922188520431519
551,-0.9325451850891113
552,-0.9615545272827148
553,-0.92742520570755
554,-0.934562087059021
555,-0.9632309079170227
556,-0.9389082789421082
557,-0.9283046722412109
558,-0.9363969564437866
559,-0.9226556420326233
560,-0.9174728393554688
561,-0.914325475692749
562,-0.9423907995223999
563,-0.9654571413993835
564,-0.922751784324646
565,-0.9498956203460693
566,-0.8947250247001648
567,-1.0023365020751953
568,-0.9898938536643982
569,-0.9944911003112793
570,-0.9350181221961975
571,-0.9399334788322449
572,-0.9940035343170166
573,-0.8852236866950989
574,-0.9846013784408569
575,-0.9633830785751343
576,-0.9395266175270081
577,-0.9783748388290405
578,-0.9227801561355591
579,-0.9140302538871765
580,-0.9620186686515808
581,-0.9758082628250122
582,-0.930866539478302
583,-0.9498516917228699
584,-0.9275818467140198
585,-0.9263352155685425
586,-0.9306908845901489
587,-0.949620246887207
588,-0.9548215866088867
589,-0.918855607509613
590,-0.9541149139404297
591,-0.9403336644172668
592,-0.9499539136886597
593,-0.956153392791748
594,-0.9524362683296204
595,-0.9016510248184204
596,-0.9634276628494263
597,-0.9568244814872742
598,-0.898781955242157
599,-0.9623196125030518
600,-0.9374972581863403
601,-0.9244624376296997
602,-0.9049028158187866
603,-0.9227129817008972
604,-0.9850703477859497
605,-0.9598656892776489
606,-0.9198822379112244
607,-1.0022377967834473
608,-0.9244188070297241
609,-0.9283379912376404
610,-0.9543119668960571
611,-0.9672280550003052
612,-0.9637344479560852
613,-0.989841639995575
614,-0.9376381039619446
615,-0.9258620142936707
616,-0.9842193722724915
617,-0.8712595701217651
618,-0.9366634488105774
619,-0.9501067399978638
620,-0.8838663101196289
621,-0.9188623428344727
622,-0.9421097040176392
623,-0.9954428672790527
624,-0.9696504473686218
625,-0.8928669095039368
626,-0.8386886119842529
627,-0.8948981165885925
628,-0.910527765750885
629,-0.8661496639251709
630,-0.8673421144485474
631,-0.893385112285614
632,-0.9710965156555176
633,-0.9515285491943359
634,-0.9350255727767944
635,-0.9547216892242432
636,-0.981898307800293
637,-0.9526622295379639
638,-0.9028517603874207
639,-0.8994105458259583
640,-0.855923056602478
641,-0.92657470703125
642,-0.9480993747711182
643,-0.9382568001747131
644,-0.8954400420188904
645,-0.9727609157562256
646,-0.9399139881134033
647,-0.9290070533752441
648,-0.887607216835022
649,-0.9380103945732117
650,-0.9535868763923645
651,-0.9831083416938782
652,-0.9940986633300781
653,-0.9645794630050659
654,-0.9582228660583496
655,-0.9637020230293274
656,-0.8718439340591431
657,-0.9075388312339783
658,-0.9347238540649414
659,-0.8318986296653748
660,-0.8647594451904297
661,-0.903954803943634
662,-0.8999639749526978
663,-0.9183188676834106
664,-0.9350155591964722
665,-0.9438711404800415
666,-0.8581897020339966
667,-0.9830491542816162
668,-0.9718614816665649
669,-0.9167031645774841
670,-0.9368155598640442
671,-0.8811870813369751
672,-0.95318603515625
673,-0.9822609424591064
674,-0.9411747455596924
675,-0.914531409740448
676,-0.8407719135284424
677,-0.9903388619422913
678,-0.9598002433776855
679,-0.9454686045646667
680,-0.9280376434326172
681,-0.9261808395385742
682,-0.925513744354248
683,-0.912570595741272
684,-0.9746129512786865
685,-0.9683558940887451
686,-0.9904589653015137
687,-0.8829682469367981
688,-0.9421902298927307
689,-0.9837334752082825
690,-0.9064122438430786
691,-0.9555057287216187
692,-0.9221251010894775
693,-0.9802515506744385
694,-0.8902926445007324
695,-0.9188538789749146
696,-1.022658348083496
697,-0.9449391961097717
698,-0.9641631245613098
699,-0.9227161407470703
700,-0.9546739459037781
701,-0.9101899862289429
702,-0.939518392086029
703,-0.8586881160736084
704,-0.9592468738555908
705,-0.9018943309783936
706,-0.9784638285636902
707,-0.9426329135894775
708,-0.9530747532844543
709,-0.990703821182251
710,-0.9281252026557922
711,-0.8945943117141724
712,-0.8963470458984375
713,-0.9334219694137573
714,-0.9170442819595337
715,-0.9803645610809326
716,-0.9324098825454712
717,-0.9489947557449341
718,-0.9355801939964294
719,-0.9633767008781433
720,-0.9559289813041687
721,-0.9476102590560913
722,-0.9697306752204895
723,-0.9513201117515564
724,-0.9390136003494263
725,-0.9032331705093384
726,-0.9668883681297302
727,-0.9280823469161987
728,-0.9502619504928589
729,-0.9485929608345032
730,-0.9237319827079773
731,-0.9156476259231567
732,-0.9215218424797058
733,-0.9096765518188477
734,-0.9027954936027527
735,-0.969145655632019
736,-0.9368448853492737
737,-0.927799642086029
738,-0.9426847696304321
739,-1.0033397674560547
740,-0.9274908304214478
741,-0.9808417558670044
742,-0.9833002090454102
743,-0.972783625125885
744,-0.9635378122329712
745,-0.9030553698539734
746,-0.9738544225692749
747,-0.9237498641014099
748,-0.9559072852134705
749,-0.9126508831977844
750,-0.9842853546142578
751,-0.9690637588500977
752,-0.9230544567108154
753,-0.9793703556060791
754,-0.9550355076789856
755,-0.9626636505126953
756,-0.9748715162277222
757,-0.9853804111480713
758,-0.9476946592330933
759,-0.9142962694168091
760,-0.9317845106124878
761,-0.9563130140304565
762,-0.9636434316635132
763,-0.9615148901939392
764,-0.9708198308944702
765,-1.0002273321151733
766,-0.9985654950141907
767,-0.980343222618103
768,-0.9326540231704712
769,-0.9386988878250122
770,-0.908620297908783
771,-0.9655365943908691
772,-0.9360222220420837
773,-0.9586257934570312
774,-0.9019226431846619
775,-0.8912320733070374
776,-0.9336203336715698
777,-0.9767002463340759
778,-0.9226630926132202
779,-1.0145635604858398
780,-0.9367138147354126
781,-0.9530488848686218
782,-0.9778600335121155
783,-0.9415936470031738
784,-0.9734376072883606
785,-0.8918470144271851
786,-1.0252039432525635
787,-0.9146559834480286
788,-1.023308277130127
789,-0.9290134310722351
790,-0.9121076464653015
791,-0.9741418361663818
792,-0.9185346961021423
793,-0.9440938234329224
794,-0.9680936932563782
795,-0.922111988067627
796,-0.9620488286018372
797,-0.8879345655441284
798,-0.9583161473274231
799,-0.9502837657928467
800,-0.8878512978553772
801,-0.9489784240722656
802,-0.952792763710022
803,-0.9320253729820251
804,-0.9059612154960632
805,-0.9604072570800781
806,-0.970518946647644
807,-0.9384472370147705
808,-0.9475376009941101
809,-0.9857327342033386
810,-0.9766937494277954
811,-0.8863285779953003
812,-0.940030574798584
813,-0.9836754202842712
814,-0.937142014503479
815,-0.9363110661506653
816,-0.9255291223526001
817,-0.9694103002548218
818,-0.9032689332962036
819,-0.9565629959106445
820,-0.9535646438598633
821,-0.9251095652580261
822,-0.8875646591186523
823,-0.9500389695167542
824,-1.0285451412200928
825,-0.9251440167427063
826,-0.9346818923950195
827,-0.9060497283935547
828,-0.8879551887512207
829,-0.9892818927764893
830,-0.9662059545516968
831,-0.9460242986679077
832,-0.9765103459358215
833,-0.7885541915893555
834,-0.9755286574363708
835,-0.9619331359863281
836,-0.9354855418205261
837,-0.9638388752937317
838,-0.9771232604980469
839,-0.9746624231338501
840,-0.9505520462989807
841,-0.899200975894928
842,-0.9817665815353394
843,-0.9568365216255188
844,-0.891802966594696
845,-0.945589542388916
846,-0.973385751247406
847,-0.943170964717865
848,-0.9300612807273865
849,-0.9595202207565308
850,-0.9724080562591553
851,-0.980934739112854
852,-0.9608869552612305
853,-0.9280040860176086
854,-0.9962936639785767
855,-0.9549155235290527
856,-0.9158641695976257
857,-0.9639785289764404
858,-0.9868990182876587
859,-0.9276700615882874
860,-0.9547436237335205
861,-1.025771141052246
862,-0.9127801060676575
863,-0.955181896686554
864,-0.9519811272621155
865,-0.9382370710372925
866,-0.9008607268333435
867,-0.9874308109283447
868,-0.9578760862350464
869,-0.8905722498893738
870,-1.0103306770324707
871,-0.9633882641792297
872,-0.9677778482437134
873,-0.9370318651199341
874,-0.9720739722251892
875,-0.9348812103271484
876,-0.9622017741203308
877,-0.9532970190048218
878,-0.976283073425293
879,-0.9293011426925659
880,-0.996019721031189
881,-0.9467589259147644
882,-0.9976545572280884
883,-0.9933954477310181
884,-0.9700771570205688
885,-1.014804482460022
886,-1.0209672451019287
887,-0.984329104423523
888,-0.9640824794769287
889,-0.9587633609771729
890,-0.9575366973876953
891,-0.9350908994674683
892,-0.9312532544136047
893,-0.9728447198867798
894,-0.930415153503418
895,-0.951894998550415
896,-0.9009513854980469
897,-0.9225101470947266
898,-0.9425066709518433
899,-1.022185206413269
900,-0.9599447846412659
901,-0.9364222884178162
902,-0.8743577003479004
903,-0.8387065529823303
904,-0.9710925817489624
905,-0.9541779160499573
906,-0.9662832021713257
907,-0.9713231921195984
908,-0.9363967776298523
909,-0.8912479281425476
910,-0.9940417408943176
911,-0.940784215927124
912,-0.942943811416626
913,-0.9691488146781921
914,-0.958896815776825
915,-0.9704933166503906
916,-0.9231346845626831
917,-0.8629412055015564
918,-0.9668971300125122
919,-0.924322247505188
920,-0.929008960723877
921,-0.9411869049072266
922,-0.9208281636238098
923,-0.9703119993209839
924,-0.9395556449890137
925,-0.9217509627342224
926,-0.9112339019775391
927,-1.0132343769073486
928,-0.9124435782432556
929,-0.9931442141532898
930,-0.9728031158447266
931,-0.8980046510696411
932,-0.969113290309906
933,-0.9683964848518372
934,-0.9715515375137329
935,-0.927161455154419
936,-0.9854841232299805
937,-0.9833695888519287
938,-0.9634133577346802
939,-0.9575423002243042
940,-0.9227887988090515
941,-0.9137981534004211
942,-0.946094810962677
943,-0.9699811935424805
944,-0.9241023063659668
945,-0.9496746063232422
946,-0.9959843158721924
947,-0.9054279327392578
948,-0.9581858515739441
949,-0.9237138628959656
950,-0.9688690304756165
951,-0.9424111247062683
952,-0.8881607055664062
953,-1.0070114135742188
954,-0.9115123748779297
955,-0.9534821510314941
956,-0.9510873556137085
957,-0.9281917810440063
958,-0.9587723016738892
959,-0.9206289052963257
960,-0.9163694977760315
961,-0.9083265066146851
962,-0.9521734118461609
963,-0.9600019454956055
964,-0.9570966362953186
965,-0.9714370369911194
966,-0.9976538419723511
967,-0.9402399063110352
968,-0.9191443920135498
969,-0.8570456504821777
970,-0.9765855073928833
971,-0.9314661026000977
972,-0.9547191858291626
973,-0.9155858755111694
974,-0.942221999168396
975,-0.9474180340766907
976,-0.9578263759613037
977,-0.9799942374229431
978,-0.9701235294342041
979,-0.9775748252868652
980,-0.9629307985305786
981,-0.9864178895950317
982,-0.9745917320251465
983,-0.9139004945755005
984,-0.9664276242256165
985,-0.8831035494804382
986,-0.9711980223655701
987,-0.9811450242996216
988,-0.987261176109314
989,-0.9321759343147278
990,-0.9157102108001709
991,-0.9020498991012573
992,-0.903623640537262
993,-0.936627984046936
994,-0.9463827610015869
995,-0.9417552947998047
996,-0.9581093788146973
997,-0.9477115869522095
998,-0.9115853309631348
999,-1.004270076751709
1000,-0.9251932501792908
1001,-0.901982307434082
1002,-0.9171127676963806
1003,-0.8342409133911133
1004,-0.8947474360466003
1005,-0.8839008212089539
1006,-0.9095338582992554
1007,-0.9977231025695801
1008,-0.8991308808326721
1009,-0.9023934006690979
1010,-0.8959562182426453
1011,-0.9523317217826843
1012,-0.9475651383399963
1013,-0.927556037902832
1014,-0.9287950396537781
1015,-0.9616146087646484
1016,-0.8988086581230164
1017,-0.992973268032074
1018,-0.8916611671447754
1019,-0.93885737657547
1020,-0.9187324047088623
1021,-0.956910252571106
1022,-0.9444181323051453
1023,-0.9681535959243774
1024,-0.9361451268196106
1025,-0.9383880496025085
1026,-0.9735461473464966
1027,-0.9597219824790955
1028,-0.9308227896690369
1029,-0.8850977420806885
1030,-0.940535306930542
1031,-0.9556963443756104
1032,-0.951927125453949
1033,-0.9303834438323975
1034,-0.9286136627197266
1035,-1.0028223991394043
1036,-0.9402952194213867
1037,-0.8447389602661133
1038,-0.9055476188659668
1039,-0.8992063999176025
1040,-0.9203169345855713
1041,-0.7970774173736572
1042,-0.9310576319694519
1043,-0.8968915939331055
1044,-0.9229118824005127
1045,-0.9626469016075134
1046,-0.9221125841140747
1047,-0.9070267081260681
1048,-0.9452484846115112
1049,-0.9766805171966553
1050,-0.9708870053291321
1051,-0.9730896353721619
1052,-1.0198167562484741
1053,-0.9833505749702454
1054,-0.9111553430557251
1055,-0.9774059057235718
1056,-0.9631369113922119
1057,-0.9397129416465759
1058,-0.9390244483947754
1059,-0.963126540184021
1060,-0.9512244462966919
1061,-0.9391047358512878
1062,-0.8938783407211304
1063,-0.9561182260513306
1064,-0.8703359365463257
1065,-1.0084730386734009
1066,-0.996301531791687
1067,-1.004564642906189
1068,-0.9689275026321411
1069,-0.9411619901657104
1070,-0.9317318201065063
1071,-0.9934103488922119
1072,-0.9983957409858704
1073,-0.9956458806991577
1074,-0.947356104850769
1075,-0.9252775311470032
1076,-0.9750305414199829
1077,-0.990966796875
1078,-0.9834446907043457
1079,-1.0206785202026367
1080,-0.9743631482124329
1081,-0.9884916543960571
1082,-0.9988120198249817
1083,-0.9791674017906189
1084,-0.9350547790527344
1085,-0.9685665965080261
1086,-0.987259030342102
1087,-0.9192327857017517
1088,-1.0115265846252441
1089,-0.9395881295204163
1090,-0.8851085901260376
1091,-0.9503008127212524
1092,-0.8948493003845215
1093,-0.954829752445221
1094,-0.952346920967102
1095,-0.9038268327713013
1096,-0.9657783508300781
1097,-1.0096514225006104
1098,-0.9342169165611267
1099,-0.9379749298095703
1100,-0.9893085360527039
1101,-0.9731023907661438
1102,-0.9597444534301758
1103,-0.9887138605117798
1104,-0.981570839881897
1105,-1.00240159034729
1106,-0.9326693415641785
1107,-0.9470447301864624
1108,-0.960495114326477
1109,-0.9304977655410767
1110,-0.9886044263839722
1111,-0.9807985424995422
1112,-0.9973968863487244
1113,-0.958725094795227
1114,-0.9917300939559937
1115,-0.9345677495002747
1116,-0.9656511545181274
1117,-0.9662408828735352
1118,-0.9694016575813293
1119,-1.0085952281951904
1120,-0.9689544439315796
1121,-0.9499168992042542
1122,-0.9515726566314697
1123,-0.9511857032775879
1124,-0.9402227401733398
1125,-0.9506312608718872
1126,-0.9533628225326538
1127,-0.9598147869110107
1128,-0.993550717830658
1129,-0.9415830373764038
1130,-1.0023715496063232
1131,-0.9612341523170471
1132,-0.9891158938407898
1133,-0.9242851734161377
1134,-1.0005083084106445
1135,-1.008033037185669
1136,-0.9612907767295837
1137,-0.9310756921768188
1138,-0.9919216632843018
1139,-0.9680364727973938
1140,-0.948266863822937
1141,-0.9560627341270447
1142,-0.9454526305198669
1143,-0.962691605091095
1144,-0.9483800530433655
1145,-0.9429235458374023
1146,-0.9545531272888184
1147,-0.9427511692047119
1148,-0.9216253161430359
1149,-0.9784797430038452
1150,-0.978661298751831
1151,-0.9715979099273682
1152,-0.9528480768203735
1153,-1.0208194255828857
1154,-0.9691225290298462
1155,-0.9503340125083923
1156,-0.9608054161071777
1157,-0.9462160468101501
1158,-0.9419355392456055
1159,-0.9791428446769714
1160,-0.9747137427330017
1161,-0.9717535972595215
1162,-0.9515601992607117
1163,-0.9618183374404907
1164,-1.0177299976348877
1165,-1.0624035596847534
1166,-1.0090057849884033
1167,-0.9249615669250488
1168,-0.9769736528396606
1169,-0.9943878054618835
1170,-0.9397115707397461
1171,-0.9886996150016785
1172,-0.9661564230918884
1173,-1.0073561668395996
1174,-0.967420220375061
1175,-0.9294575452804565
1176,-0.9746664762496948
1177,-0.9015804529190063
1178,-0.9367755651473999
1179,-0.9302936792373657
1180,-0.9724913239479065
1181,-0.9282824993133545
1182,-0.930725634098053
1183,-0.94725102186203
1184,-1.0316308736801147
1185,-0.9249798059463501
1186,-0.8698137998580933
1187,-0.9590722918510437
1188,-0.9558312892913818
1189,-0.9827337265014648
1190,-0.9663848876953125
1191,-0.9639309644699097
1192,-1.0005189180374146
1193,-0.9391449689865112
1194,-0.8893453478813171
1195,-0.9950470328330994
1196,-0.9093961715698242
1197,-0.9222140312194824
1198,-0.9739120006561279
1199,-0.9568692445755005
1200,-0.9074808359146118
1201,-0.9712706208229065
1202,-0.9823018312454224
1203,-1.0079679489135742
1204,-0.9219487905502319
1205,-0.9819892644882202
1206,-1.0147687196731567
1207,-0.9882563352584839
1208,-0.9171783924102783
1209,-0.9546568393707275
1210,-0.929429829120636
1211,-0.953910768032074
1212,-0.8749390244483948
1213,-0.9396840333938599
1214,-1.0062683820724487
1215,-0.9571815133094788
1216,-0.8588705062866211
1217,-0.973713219165802
1218,-0.9848741292953491
1219,-0.9681015014648438
1220,-0.9266952276229858
1221,-0.9400021433830261
1222,-0.9487369656562805
1223,-0.9846645593643188
1224,-0.90891033411026
1225,-0.9533676505088806
1226,-0.9591578245162964
1227,-0.9710901379585266
1228,-0.9889489412307739
1229,-0.99462890625
1230,-0.9556472301483154
1231,-0.965539276599884
1232,-0.9679973125457764
1233,-0.9804403185844421
1234,-0.9651541709899902
1235,-0.9534763693809509
1236,-0.9174296855926514
1237,-0.9325947761535645
1238,-0.967120349407196
1239,-0.9561569094657898
1240,-0.9542662501335144
1241,-0.9798541069030762
1242,-0.976611316204071
1243,-0.912747859954834
1244,-0.9614524841308594
1245,-1.0237284898757935
1246,-0.9717611074447632
1247,-0.9960992932319641
1248,-0.9710595011711121
1249,-0.9203381538391113
1250,-0.9939656257629395
1251,-0.9814324378967285
1252,-0.9305219650268555
1253,-1.0047433376312256
1254,-0.9303946495056152
1255,-0.9544188380241394
1256,-0.9153777956962585
1257,-1.0103564262390137
1258,-0.9934508800506592
1259,-0.8851370811462402
1260,-0.9874787330627441
1261,-0.977512538433075
1262,-0.9278305768966675
1263,-0.9873480796813965
1264,-0.9872691631317139
1265,-1.0114067792892456
1266,-0.9904500246047974
1267,-0.9382476806640625
1268,-0.951755166053772
1269,-0.977148175239563
1270,-0.9813817143440247
1271,-0.9059905409812927
1272,-1.005090594291687
1273,-0.9820883274078369
1274,-0.9884544610977173
1275,-0.9486342668533325
1276,-1.0088127851486206
1277,-0.9722080230712891
1278,-0.9697187542915344
1279,-0.9743531346321106
1280,-0.9920853972434998
1281,-0.9726219177246094
1282,-0.981434166431427
1283,-0.9587568640708923
1284,-1.0066519975662231
1285,-0.9873387217521667
1286,-0.9346323609352112
1287,-0.9930896162986755
1288,-0.969221293926239
1289,-0.9731981158256531
1290,-1.0037992000579834
1291,-0.9796269536018372
1292,-0.9644632935523987
1293,-1.0037460327148438
1294,-0.9757388830184937
1295,-0.9491496682167053
1296,-0.9879930019378662
1297,-1.0157314538955688
1298,-1.004794716835022
1299,-1.0244200229644775
1300,-0.9895905256271362
1301,-0.9344658255577087
1302,-1.0151374340057373
1303,-0.9577313661575317
1304,-0.9895645380020142
1305,-0.9791932106018066
1306,-0.9170759916305542
1307,-0.9889773726463318
1308,-1.0175728797912598
1309,-1.034487247467041
1310,-1.0020699501037598
1311,-1.0156716108322144
1312,-1.0238194465637207
1313,-0.9798837900161743
1314,-0.9289146661758423
1315,-0.9904143810272217
1316,-0.9767463207244873
1317,-0.9599800109863281
1318,-0.9130940437316895
1319,-0.8392245173454285
1320,-0.9587509632110596
1321,-1.004023551940918
1322,-0.9773459434509277
1323,-1.0126898288726807
1324,-0.9419963359832764
1325,-1.0012919902801514
1326,-0.9655404090881348
1327,-1.0258408784866333
1328,-0.9331698417663574
1329,-0.9991628527641296
1330,-0.9572305679321289
1331,-0.9879559874534607
1332,-0.9827919006347656
1333,-0.9812667965888977
1334,-0.9661099314689636
1335,-0.9932299852371216
1336,-0.9634340405464172
1337,-0.9400730133056641
1338,-1.0228288173675537
1339,-1.0090749263763428
1340,-0.9247031807899475
1341,-0.9942785501480103
1342,-0.9357579350471497
1343,-0.9566333889961243
1344,-0.9889286160469055
1345,-0.9915575981140137
1346,-0.8853790760040283
1347,-1.007692575454712
1348,-0.9601684212684631
1349,-1.0028250217437744
1350,-0.9776365160942078
1351,-0.9900963306427002
1352,-0.9854511022567749
1353,-0.9924942851066589
1354,-1.0005486011505127
1355,-0.9785840511322021
1356,-1.0169795751571655
1357,-1.0032004117965698
1358,-1.048812747001648
1359,-0.8868329524993896
1360,-0.9870008230209351
1361,-0.954401969909668
1362,-0.990293562412262
1363,-1.00770902633667
1364,-0.9940416216850281
1365,-0.976885199546814
1366,-0.9878543615341187
1367,-0.9112743735313416
1368,-1.0322691202163696
1369,-0.9490819573402405
1370,-0.9943842887878418
1371,-0.9607466459274292
1372,-0.9395953416824341
1373,-0.9721055030822754
1374,-0.9820000529289246
1375,-0.9811189770698547
1376,-0.9457242488861084
1377,-0.9154460430145264
1378,-0.9827762246131897
1379,-0.9627770185470581
1380,-0.9149982929229736
1381,-0.956628143787384
1382,-0.9850735664367676
1383,-1.0100678205490112
1384,-0.9812150597572327
1385,-1.0105867385864258
1386,-1.0182397365570068
1387,-0.8956623077392578
1388,-0.9647717475891113
1389,-0.9670860767364502
1390,-1.0662293434143066
1391,-0.9952319264411926
1392,-1.0874041318893433
1393,-0.9985474348068237
1394,-1.0004571676254272
1395,-0.9904302954673767
1396,-0.9717531204223633
1397,-0.9644128084182739
1398,-0.9803376197814941
1399,-0.9752755165100098
1400,-0.9702642560005188
1401,-1.0249543190002441
1402,-0.9746469855308533
1403,-1.010757327079773
1404,-0.9651485085487366
1405,-1.0557167530059814
1406,-0.9539716243743896
1407,-0.9401930570602417
1408,-1.0143983364105225
1409,-0.9041737914085388
1410,-0.9991739988327026
1411,-0.9446951746940613
1412,-0.9630477428436279
1413,-1.0037051439285278
1414,-1.0067020654678345
1415,-0.955034077167511
1416,-0.9410057067871094
1417,-0.9880654215812683
1418,-1.029342770576477
1419,-1.0022212266921997
1420,-0.965519368648529
1421,-0.9963035583496094
1422,-0.9869968295097351
1423,-0.9877956509590149
1424,-0.9433760046958923
1425,-0.9750500917434692
1426,-0.9910016059875488
1427,-1.0083661079406738
1428,-1.0286788940429688
1429,-1.0136216878890991
1430,-0.9754911661148071
1431,-1.0305837392807007
1432,-1.0088691711425781
1433,-1.0259391069412231
1434,-1.002489447593689
1435,-0.9897294044494629
1436,-0.9301501512527466
1437,-0.9937167167663574
1438,-1.0108699798583984
1439,-0.9909125566482544
1440,-1.0350239276885986
1441,-0.9720106720924377
1442,-0.9933375716209412
1443,-1.0223078727722168
1444,-0.9455995559692383
1445,-0.9769790172576904
1446,-0.9747011661529541
1447,-1.0484246015548706
1448,-0.9973521828651428
1449,-0.9525840878486633
1450,-0.9818661212921143
1451,-1.0183430910110474
1452,-1.0201829671859741
1453,-0.9824094772338867
1454,-1.0044209957122803
1455,-1.0085278749465942
1456,-1.0229196548461914
1457,-0.9822876453399658
1458,-0.9908809065818787
1459,-0.9915511012077332
1460,-0.9870562553405762
1461,-1.0271384716033936
1462,-1.0056240558624268
1463,-0.9908624291419983
1464,-0.9946974515914917
1465,-1.0516687631607056
1466,-0.9657068252563477
1467,-0.9764208197593689
1468,-1.0490312576293945
1469,-0.9664652347564697
1470,-0.986165463924408
1471,-1.007369041442871
1472,-1.0245248079299927
1473,-1.0608255863189697
1474,-1.0175929069519043
1475,-0.9802225828170776
1476,-1.0253305435180664
1477,-0.9742273092269897
1478,-1.0215903520584106
1479,-1.0333813428878784
1480,-0.9476765394210815
1481,-1.023816466331482
1482,-0.9943059086799622
1483,-1.0267000198364258
1484,-1.0280954837799072
1485,-1.0234609842300415
1486,-1.0489826202392578
1487,-1.0258052349090576
1488,-0.9579708576202393
1489,-1.0196210145950317
1490,-0.991256594657898
1491,-1.0374541282653809
1492,-0.99086993932724
1493,-1.0329182147979736
1494,-1.0120888948440552
1495,-1.0204359292984009
1496,-0.9984023571014404
1497,-1.012378215789795
1498,-0.9914023280143738
1499,-1.0362439155578613
1500,-1.0329748392105103
1501,-1.0117261409759521
1502,-0.9455974102020264
1503,-1.02482271194458
1504,-1.01726233959198
1505,-0.9946064352989197
1506,-0.9317426681518555
1507,-1.0172842741012573
1508,-1.01456880569458
1509,-1.0360158681869507
1510,-1.0050702095031738
1511,-0.9483351707458496
1512,-1.0560425519943237
1513,-1.0421987771987915
1514,-1.0641002655029297
1515,-0.9678627848625183
1516,-1.017573356628418
1517,-1.025455355644226
1518,-0.9970110654830933
1519,-0.961301326751709
1520,-1.0021659135818481
1521,-0.9959650039672852
1522,-1.0224716663360596
1523,-1.0153253078460693
1524,-0.9791837930679321
1525,-1.0007164478302002
1526,-0.9669905304908752
1527,-1.0165002346038818
1528,-1.005276083946228
1529,-1.0031296014785767
1530,-1.021247386932373
1531,-1.0379998683929443
1532,-1.033926010131836
1533,-1.035907506942749
1534,-0.9676612019538879
1535,-1.0197337865829468
1536,-1.0119571685791016
1537,-1.0117568969726562
1538,-1.0608073472976685
1539,-1.0239155292510986
1540,-1.0137922763824463
1541,-1.042587161064148
1542,-1.0175094604492188
1543,-1.0119186639785767
1544,-1.0390877723693848
1545,-1.0322542190551758
1546,-0.9260658025741577
1547,-1.0248017311096191
1548,-1.0125257968902588
1549,-1.0170912742614746
1550,-1.0143184661865234
1551,-1.0231386423110962
1552,-1.0298793315887451
1553,-0.934234619140625
1554,-1.0243513584136963
1555,-1.013731598854065
1556,-0.9887408018112183
1557,-0.9964150190353394
1558,-0.9871929287910461
1559,-1.053783893585205
1560,-1.031240701675415
1561,-1.0652660131454468
1562,-1.0216025114059448
1563,-0.9809977412223816
1564,-1.0072338581085205
1565,-1.0309845209121704
1566,-1.022493600845337
1567,-1.0231741666793823
1568,-1.0153014659881592
1569,-1.0307902097702026
1570,-1.0064830780029297
1571,-1.0168474912643433
1572,-1.0418342351913452
1573,-1.0538897514343262
1574,-0.9909588694572449
1575,-0.9667727947235107
1576,-1.0179247856140137
1577,-1.0500028133392334
1578,-1.0251315832138062
1579,-1.0206127166748047
1580,-1.0083073377609253
1581,-1.0115231275558472
1582,-0.9403132796287537
1583,-1.0540943145751953
1584,-1.0410394668579102
1585,-1.0068186521530151
1586,-1.0079786777496338
1587,-1.0373913049697876
1588,-1.0160596370697021
1589,-1.0288398265838623
1590,-0.9662054777145386
1591,-0.9967811107635498
1592,-1.020106554031372
1593,-0.970509946346283
1594,-1.0091688632965088
1595,-0.9807541966438293
1596,-1.0015716552734375
1597,-0.9955005645751953
1598,-1.033678412437439
1599,-1.0291016101837158
1600,-0.9957079887390137
1601,-1.0137500762939453
1602,-1.0653877258300781
1603,-1.0457195043563843
1604,-1.005242109298706
1605,-1.0255298614501953
1606,-1.0703147649765015
1607,-0.9513306021690369
1608,-0.9326441884040833
1609,-0.9947856068611145
1610,-1.0692603588104248
1611,-1.0065926313400269
1612,-1.0498778820037842
1613,-1.0166295766830444
1614,-1.0553020238876343
1615,-1.0411494970321655
1616,-1.0668153762817383
1617,-1.027281403541565
1618,-1.0662517547607422
1619,-1.0571240186691284
1620,-1.0396440029144287
1621,-1.032885193824768
1622,-1.024516224861145
1623,-1.0043399333953857
1624,-1.0511047840118408
1625,-1.0224153995513916
1626,-1.029670238494873
1627,-1.0432193279266357
1628,-1.0333304405212402
1629,-1.004746675491333
1630,-0.9700496792793274
1631,-1.0227075815200806
1632,-1.046887755393982
1633,-0.978679358959198
1634,-1.0277587175369263
1635,-1.0322041511535645
1636,-1.0338789224624634
1637,-1.0469177961349487
1638,-1.0294809341430664
1639,-1.0163565874099731
1640,-1.0326945781707764
1641,-1.0412447452545166
1642,-1.0644783973693848
1643,-1.0460163354873657
1644,-1.027099609375
1645,-1.0712339878082275
1646,-1.0829098224639893
1647,-1.052469253540039
1648,-1.0501097440719604
1649,-1.0312262773513794
1650,-1.0115852355957031
1651,-1.0708847045898438
1652,-1.0505813360214233
1653,-1.0594353675842285
1654,-1.0010175704956055
1655,-1.054761290550232
1656,-1.0689215660095215
1657,-1.0213539600372314
1658,-1.0660254955291748
1659,-1.014717698097229
1660,-1.045120120048523
1661,-0.9623553156852722
1662,-0.986534595489502
1663,-0.9729310870170593
1664,-1.0368156433105469
1665,-0.9697086811065674
1666,-1.086562156677246
1667,-1.0735536813735962
1668,-1.0434657335281372
1669,-0.9989700317382812
1670,-0.9354444146156311
1671,-1.0514237880706787
1672,-1.0070511102676392
1673,-0.9957952499389648
1674,-1.0047292709350586
1675,-1.0208653211593628
1676,-1.0178476572036743
1677,-1.0201176404953003
1678,-1.0039223432540894
1679,-1.0146359205245972
1680,-1.0228115320205688
1681,-1.0654674768447876
1682,-1.0278724431991577
1683,-1.0555105209350586
1684,-1.0616443157196045
1685,-1.0554986000061035
1686,-1.0652368068695068
1687,-1.1073963642120361
1688,-0.9841288328170776
1689,-1.0451124906539917
1690,-1.10451340675354
1691,-1.084928274154663
1692,-1.0282624959945679
1693,-1.0485128164291382
1694,-1.0752638578414917
1695,-1.0577634572982788
1696,-1.0598496198654175
1697,-0.9644381403923035
1698,-1.0902979373931885
1699,-1.0466357469558716
1700,-1.0411438941955566
1701,-1.0557613372802734
1702,-1.0083099603652954
1703,-1.0221589803695679
1704,-1.0778026580810547
1705,-1.0235161781311035
1706,-1.0718210935592651
1707,-1.099341630935669
1708,-1.0407730340957642
1709,-1.0077509880065918
1710,-1.0769917964935303
1711,-1.0025277137756348
1712,-1.0500826835632324
1713,-1.0913439989089966
1714,-1.0389522314071655
1715,-1.0744361877441406
1716,-1.0767326354980469
1717,-0.990180253982544
1718,-1.0067698955535889
1719,-1.0551785230636597
1720,-1.0405466556549072
1721,-1.0413169860839844
1722,-0.9759647250175476
1723,-1.0613749027252197
1724,-1.0542550086975098
1725,-1.0035393238067627
1726,-1.0592176914215088
1727,-0.9913937449455261
1728,-0.9818770885467529
1729,-1.0667178630828857
1730,-1.111121654510498
1731,-1.0798075199127197
1732,-1.0549675226211548
1733,-1.0910757780075073
1734,-0.9841641187667847
1735,-1.0747244358062744
1736,-1.0875376462936401
1737,-1.0740351676940918
1738,-1.0761760473251343
1739,-1.0450782775878906
1740,-1.018304467201233
1741,-1.0915884971618652
1742,-1.0835168361663818
1743,-1.0779876708984375
1744,-1.0880988836288452
1745,-1.1007375717163086
1746,-1.0824708938598633
1747,-1.0416314601898193
1748,-1.0538954734802246
1749,-0.9893378615379333
1750,-1.0360990762710571
1751,-1.0056222677230835
1752,-1.0681354999542236
1753,-1.045320749282837
1754,-1.0684590339660645
1755,-1.0422087907791138
1756,-1.000939130783081
1757,-1.0860085487365723
1758,-1.1255897283554077
1759,-1.0746915340423584
1760,-1.0895576477050781
1761,-1.0750564336776733
1762,-1.0750911235809326
1763,-1.179718017578125
1764,-1.080722689628601
1765,-1.1240997314453125
1766,-1.077470302581787
1767,-1.1040663719177246
1768,-1.0750466585159302
1769,-1.0499929189682007
1770,-1.1029338836669922
1771,-1.0476396083831787
1772,-1.0912724733352661
1773,-1.025397777557373
1774,-1.0982649326324463
1775,-1.0062823295593262
1776,-1.0459486246109009
1777,-1.0842565298080444
1778,-0.9892556071281433
1779,-1.1013424396514893
1780,-1.108208179473877
1781,-1.079946756362915
1782,-1.105908989906311
1783,-1.0781326293945312
1784,-1.0964062213897705
1785,-1.0046982765197754
1786,-1.0490145683288574
1787,-1.1323474645614624
1788,-1.0908055305480957
1789,-1.100755214691162
1790,-1.0986284017562866
1791,-1.074303150177002
1792,-1.0952608585357666
1793,-0.9862785935401917
1794,-1.1016833782196045
1795,-1.1171140670776367
1796,-1.09579336643219
1797,-1.0626587867736816
1798,-1.0914713144302368
1799,-1.0886422395706177
1800,-1.0863686800003052
1801,-1.1127005815505981
1802,-1.0879948139190674
1803,-1.0594009160995483
1804,-1.0999581813812256
1805,-1.1148241758346558
1806,-1.0793474912643433
1807,-1.11515474319458
1808,-1.1384080648422241
1809,-1.0681432485580444
1810,-1.107667088508606
1811,-1.105703592300415
1812,-1.1168920993804932
1813,-1.1426360607147217
1814,-1.1244906187057495
1815,-1.121044635772705
1816,-1.0801247358322144
1817,-1.142621636390686
1818,-1.1330878734588623
1819,-1.1375449895858765
1820,-1.106735110282898
1821,-1.1410009860992432
1822,-1.1053307056427002
1823,-1.1242631673812866
1824,-1.1435143947601318
1825,-1.1015229225158691
1826,-1.1832799911499023
1827,-1.0878976583480835
1828,-1.1239454746246338
1829,-1.1132248640060425
1830,-1.1493782997131348
1831,-1.1448429822921753
1832,-1.076756238937378
1833,-1.089423656463623
1834,-1.1124712228775024
1835,-1.153201699256897
1836,-1.1592930555343628
1837,-1.0989834070205688
1838,-1.0722143650054932
1839,-1.166156530380249
1840,-1.1313470602035522
1841,-1.1070419549942017
1842,-1.1461775302886963
1843,-1.1160134077072144
1844,-1.1237928867340088
1845,-1.1224924325942993
1846,-1.1335780620574951
1847,-1.079994559288025
1848,-1.1501386165618896
1849,-1.1807208061218262
1850,-1.1286168098449707
1851,-1.1435279846191406
1852,-1.1525534391403198
1853,-1.1578729152679443
1854,-1.1366757154464722
1855,-1.1243102550506592
1856,-1.1421866416931152
1857,-1.133731722831726
1858,-1.1538634300231934
1859,-1.1299021244049072
1860,-1.12080979347229
1861,-1.172098159790039
1862,-1.1224253177642822
1863,-1.1516481637954712
1864,-1.1061793565750122
1865,-1.172082543373108
1866,-1.1078048944473267
1867,-1.1007174253463745
1868,-1.099635124206543
1869,-1.1274968385696411
1870,-1.1320997476577759
1871,-1.1266210079193115
1872,-1.1209053993225098
1873,-1.1087925434112549
1874,-1.1708749532699585
1875,-1.089572787284851
1876,-1.1172690391540527
1877,-1.1568208932876587
1878,-1.0776492357254028
1879,-1.144719123840332
1880,-1.1315979957580566
1881,-1.15141761302948
1882,-1.148301362991333
1883,-1.1463533639907837
1884,-1.1486859321594238
1885,-1.1397851705551147
1886,-1.1841530799865723
1887,-1.136725902557373
1888,-1.1592425107955933
1889,-1.1704744100570679
1890,-1.169224739074707
1891,-1.1632965803146362
1892,-1.1625932455062866
1893,-1.196918249130249
1894,-1.0979145765304565
1895,-1.151914358139038
1896,-1.174562931060791
1897,-1.1856799125671387
1898,-1.1391040086746216
1899,-1.154510259628296
1900,-1.1483277082443237
1901,-1.1758251190185547
1902,-1.1613740921020508
1903,-1.1599218845367432
1904,-1.1525862216949463
1905,-1.13034987449646
1906,-1.187891960144043
1907,-1.16664457321167
1908,-1.151943564414978
1909,-1.1273105144500732
1910,-1.0965161323547363
1911,-1.1571818590164185
1912,-1.2313885688781738
1913,-1.1019829511642456
1914,-1.1645382642745972
1915,-1.1180803775787354
1916,-1.2069953680038452
1917,-1.1707196235656738
1918,-1.1631999015808105
1919,-1.183627963066101
1920,-1.194859266281128
1921,-1.1960265636444092
1922,-1.1612446308135986
1923,-1.1876051425933838
1924,-1.213383436203003
1925,-1.1578435897827148
1926,-1.1701793670654297
1927,-1.2072840929031372
1928,-1.148864507675171
1929,-1.2144006490707397
1930,-1.1896088123321533
1931,-1.2322325706481934
1932,-1.0861265659332275
1933,-1.1756088733673096
1934,-1.1357043981552124
1935,-1.2122256755828857
1936,-1.2246026992797852
1937,-1.1972308158874512
1938,-1.182251214981079
1939,-1.1897855997085571
1940,-1.2062715291976929
1941,-1.18362295627594
1942,-1.2147356271743774
1943,-1.2006583213806152
1944,-1.2036064863204956
1945,-1.198763370513916
1946,-1.206423282623291
1947,-1.1872271299362183
1948,-1.1833571195602417
1949,-1.214430570602417
1950,-1.161543607711792
1951,-1.1963948011398315
1952,-1.1797802448272705
1953,-1.2381805181503296
1954,-1.196768045425415
1955,-1.1512765884399414
1956,-1.2239913940429688
1957,-1.223995327949524
1958,-1.2359848022460938
1959,-1.2022461891174316
1960,-1.1950963735580444
1961,-1.1939353942871094
1962,-1.1892484426498413
1963,-1.2032122611999512
1964,-1.2305160760879517
1965,-1.2384029626846313
1966,-1.108729600906372
1967,-1.153172492980957
1968,-1.1028791666030884
1969,-1.2272639274597168
1970,-1.1803231239318848
1971,-1.1782890558242798
1972,-1.2297289371490479
1973,-1.1734395027160645
1974,-1.2330796718597412
1975,-1.2003360986709595
1976,-1.1851593255996704
1977,-1.2337727546691895
1978,-1.153302788734436
1979,-1.2037572860717773
1980,-1.2093452215194702
1981,-1.2545397281646729
1982,-1.1954514980316162
1983,-1.2291061878204346
1984,-1.2188304662704468
1985,-1.292046070098877
1986,-1.2349305152893066
1987,-1.1959853172302246
1988,-1.2280837297439575
1989,-1.20144522190094
1990,-1.2329438924789429
1991,-1.167597770690918
1992,-1.2037193775177002
1993,-1.1799094676971436
1994,-1.236060380935669
1995,-1.2216212749481201
1996,-1.216728687286377
1997,-1.2416646480560303
1998,-1.2330858707427979
1999,-1.2669495344161987
2000,-1.239137887954712
2001,-1.2485194206237793
2002,-1.2492849826812744
2003,-1.2048078775405884
2004,-1.2393035888671875
2005,-1.218195915222168
2006,-1.2453408241271973
2007,-1.2368038892745972
2008,-1.243490219116211
2009,-1.2420421838760376
2010,-1.248647689819336
2011,-1.2405672073364258
2012,-1.2334843873977661
2013,-1.2706156969070435
2014,-1.2468152046203613
2015,-1.2763863801956177
2016,-1.2695424556732178
2017,-1.2470769882202148
2018,-1.2400797605514526
2019,-1.2059248685836792
2020,-1.227398157119751
2021,-1.2291145324707031
2022,-1.2338088750839233
2023,-1.2541046142578125
2024,-1.241490125656128
2025,-1.2718371152877808
2026,-1.2290489673614502
2027,-1.228371500968933
2028,-1.2154607772827148
2029,-1.2582683563232422
2030,-1.2747114896774292
2031,-1.236953616142273
2032,-1.2297745943069458
2033,-1.2440229654312134
2034,-1.2977185249328613
2035,-1.2365154027938843
2036,-1.2355060577392578
2037,-1.239404559135437
2038,-1.2128851413726807
2039,-1.16363525390625
2040,-1.2519780397415161
2041,-1.240401268005371
2042,-1.2417864799499512
2043,-1.2466585636138916
2044,-1.274925708770752
2045,-1.224133849143982
2046,-1.256867527961731
2047,-1.241095781326294
2048,-1.2565529346466064
2049,-1.2628192901611328
2050,-1.2508385181427002
2051,-1.2204166650772095
2052,-1.2221856117248535
2053,-1.2548706531524658
2054,-1.276291847229004
2055,-1.2773100137710571
2056,-1.2488441467285156
2057,-1.210758924484253
2058,-1.263045310974121
2059,-1.268435001373291
2060,-1.2456802129745483
2061,-1.2585779428482056
2062,-1.2044533491134644
2063,-1.2860969305038452
2064,-1.2187895774841309
2065,-1.2795114517211914
2066,-1.2580475807189941
2067,-1.2705734968185425
2068,-1.3142507076263428
2069,-1.2461365461349487
2070,-1.2897050380706787
2071,-1.230745792388916
2072,-1.2878711223602295
2073,-1.2096660137176514
2074,-1.2490671873092651
2075,-1.2613646984100342
2076,-1.271881103515625
2077,-1.2852181196212769
2078,-1.1910532712936401
2079,-1.2242459058761597
2080,-1.2342103719711304
2081,-1.2812204360961914
2082,-1.2758764028549194
2083,-1.2571033239364624
2084,-1.2552499771118164
2085,-1.2247731685638428
2086,-1.2295434474945068
2087,-1.275808572769165
2088,-1.2594252824783325
2089,-1.246198296546936
2090,-1.1942815780639648
2091,-1.3040677309036255
2092,-1.2522621154785156
2093,-1.277635931968689
2094,-1.2420876026153564
2095,-1.2652370929718018
2096,-1.2055583000183105
2097,-1.2545578479766846
2098,-1.2653789520263672
2099,-1.2113901376724243
2100,-1.2648488283157349
2101,-1.1953790187835693
2102,-1.1926015615463257
2103,-1.2429826259613037
2104,-1.2028957605361938
2105,-1.300615906715393
2106,-1.2160946130752563
2107,-1.285438060760498
2108,-1.2552335262298584
2109,-1.2675622701644897
2110,-1.2568410634994507
2111,-1.2595560550689697
2112,-1.2647817134857178
2113,-1.2559500932693481
2114,-1.2469079494476318
2115,-1.2640786170959473
2116,-1.2877312898635864
2117,-1.2960624694824219
2118,-1.259939432144165
2119,-1.2719383239746094
2120,-1.2722810506820679
2121,-1.2847448587417603
2122,-1.2661010026931763
2123,-1.2552069425582886
2124,-1.2902840375900269
2125,-1.2772717475891113
2126,-1.2727609872817993
2127,-1.2491668462753296
2128,-1.2307357788085938
2129,-1.274739384651184
2130,-1.2893378734588623
2131,-1.2455060482025146
2132,-1.2528828382492065
2133,-1.2548751831054688
2134,-1.250159502029419
2135,-1.2732189893722534
2136,-1.266640543937683
2137,-1.258164644241333
2138,-1.304429531097412
2139,-1.2773865461349487
2140,-1.2807917594909668
2141,-1.2281255722045898
2142,-1.2350162267684937
2143,-1.278254747390747
2144,-1.249089241027832
2145,-1.2654774188995361
2146,-1.267746925354004
2147,-1.255568504333496
2148,-1.319627046585083
2149,-1.2851799726486206
2150,-1.2589809894561768
2151,-1.2238295078277588
2152,-1.2361178398132324
2153,-1.2554285526275635
2154,-1.2569787502288818
2155,-1.2725163698196411
2156,-1.2803869247436523
2157,-1.2744148969650269
2158,-1.2665729522705078
2159,-1.2059190273284912
2160,-1.2493528127670288
2161,-1.2758519649505615
2162,-1.2411036491394043
2163,-1.2731174230575562
2164,-1.2021971940994263
2165,-1.2561085224151611
2166,-1.2740839719772339
2167,-1.2797446250915527
2168,-1.2552481889724731
2169,-1.284953236579895
2170,-1.26790452003479
2171,-1.2474654912948608
2172,-1.2456862926483154
2173,-1.2776925563812256
2174,-1.2288334369659424
2175,-1.260158896446228
2176,-1.2605502605438232
2177,-1.2434282302856445
2178,-1.3100883960723877
2179,-1.2469831705093384
2180,-1.2611494064331055
2181,-1.216895341873169
2182,-1.2018935680389404
2183,-1.2659659385681152
2184,-1.228385329246521
2185,-1.2576802968978882
2186,-1.2431871891021729
2187,-1.2556078433990479
2188,-1.3085815906524658
2189,-1.246712565422058
2190,-1.2540662288665771
2191,-1.3082302808761597
2192,-1.2411770820617676
2193,-1.2625353336334229
2194,-1.2532532215118408
2195,-1.2751460075378418
2196,-1.2665599584579468
2197,-1.2675189971923828
2198,-1.294290542602539
2199,-1.2624881267547607
2200,-1.28643000125885
2201,-1.2883235216140747
2202,-1.2744817733764648
2203,-1.2770041227340698
2204,-1.2683906555175781
2205,-1.209977388381958
2206,-1.2821158170700073
2207,-1.267429232597351
2208,-1.2778384685516357
2209,-1.272681474685669
2210,-1.261186122894287
2211,-1.293283462524414
2212,-1.267492651939392
2213,-1.2865965366363525
2214,-1.2911415100097656
2215,-1.3114498853683472
2216,-1.301438808441162
2217,-1.2185397148132324
2218,-1.2621699571609497
2219,-1.244329810142517
2220,-1.2831182479858398
2221,-1.2947251796722412
2222,-1.2875909805297852
2223,-1.2561275959014893
2224,-1.258892297744751
2225,-1.280839204788208
2226,-1.199000597000122
2227,-1.2862437963485718
2228,-1.2537624835968018
2229,-1.2705566883087158
2230,-1.2848198413848877
2231,-1.2635891437530518
2232,-1.2842152118682861
2233,-1.2987101078033447
2234,-1.2948627471923828
2235,-1.2818450927734375
2236,-1.2504576444625854
2237,-1.307815432548523
2238,-1.2931880950927734
2239,-1.2838971614837646
2240,-1.2963999509811401
2241,-1.318886160850525
2242,-1.267151951789856
2243,-1.25486421585083
2244,-1.2630078792572021
2245,-1.2901723384857178
2246,-1.284605860710144
2247,-1.2593494653701782
2248,-1.2776668071746826
2249,-1.25098717212677
2250,-1.3000320196151733
2251,-1.280343770980835
2252,-1.2526452541351318
2253,-1.2952207326889038
2254,-1.308237075805664
2255,-1.2727265357971191
2256,-1.2809916734695435
2257,-1.2547131776809692
2258,-1.3146889209747314
2259,-1.2639368772506714
2260,-1.2778847217559814
2261,-1.2674728631973267
2262,-1.2643216848373413
2263,-1.2900733947753906
2264,-1.264289379119873
2265,-1.2462681531906128
2266,-1.288560390472412
2267,-1.2578915357589722
2268,-1.2298166751861572
2269,-1.2915515899658203
2270,-1.2697933912277222
2271,-1.2614458799362183
2272,-1.2871748208999634
2273,-1.2997982501983643
2274,-1.275146245956421
2275,-1.2862119674682617
2276,-1.2860373258590698
2277,-1.283714771270752
2278,-1.2907967567443848
2279,-1.3135933876037598
2280,-1.2689740657806396
2281,-1.2739309072494507
2282,-1.2310564517974854
2283,-1.2836933135986328
2284,-1.2735872268676758
2285,-1.2330504655838013
2286,-1.2714916467666626
2287,-1.282374382019043
2288,-1.204990267753601
2289,-1.2522321939468384
2290,-1.260096788406372
2291,-1.2609193325042725
2292,-1.2905025482177734
2293,-1.2531895637512207
2294,-1.3143799304962158
2295,-1.3042572736740112
2296,-1.2300939559936523
2297,-1.2587075233459473
2298,-1.2855573892593384
2299,-1.2628133296966553
2300,-1.2034258842468262
2301,-1.2756645679473877
2302,-1.2313016653060913
2303,-1.2892191410064697
2304,-1.2844610214233398
2305,-1.244900107383728
2306,-1.2679942846298218
2307,-1.2888076305389404
2308,-1.2967497110366821
2309,-1.2557634115219116
2310,-1.262565016746521
2311,-1.274637222290039
2312,-1.2432950735092163
2313,-1.2794733047485352
2314,-1.2710918188095093
2315,-1.3121503591537476
2316,-1.1897937059402466
2317,-1.2869853973388672
2318,-1.2824513912200928
2319,-1.3041820526123047
2320,-1.3227226734161377
2321,-1.254480004310608
2322,-1.2548134326934814
2323,-1.2627673149108887
2324,-1.279706358909607
2325,-1.2450451850891113
2326,-1.244778037071228
2327,-1.2935655117034912
2328,-1.2419943809509277
2329,-1.2483105659484863
2330,-1.2755852937698364
2331,-1.2248882055282593
2332,-1.239942193031311
2333,-1.2669347524642944
2334,-1.2587690353393555
2335,-1.254744291305542
2336,-1.2851239442825317
2337,-1.2206082344055176
2338,-1.2904950380325317
2339,-1.265632152557373
2340,-1.262691617012024
2341,-1.272133469581604
2342,-1.2913182973861694
2343,-1.3047250509262085
2344,-1.2526048421859741
2345,-1.2044565677642822
2346,-1.2119759321212769
2347,-1.313369870185852
2348,-1.2460426092147827
2349,-1.271589994430542
2350,-1.2916101217269897
2351,-1.2606260776519775
2352,-1.2867358922958374
2353,-1.293189287185669
2354,-1.2690213918685913
2355,-1.3015578985214233
2356,-1.270345687866211
2357,-1.2440508604049683
2358,-1.2120420932769775
2359,-1.289748191833496
2360,-1.285022497177124
2361,-1.298509120941162
2362,-1.2905869483947754
2363,-1.2782264947891235
2364,-1.2688264846801758
2365,-1.3062995672225952
2366,-1.3019589185714722
2367,-1.2590477466583252
2368,-1.302438497543335
2369,-1.3085922002792358
2370,-1.2785084247589111
2371,-1.3148701190948486
2372,-1.2869772911071777
2373,-1.31788170337677
2374,-1.2780556678771973
2375,-1.2861183881759644
2376,-1.3077013492584229
2377,-1.298923134803772
2378,-1.2843098640441895
2379,-1.273109793663025
2380,-1.2818948030471802
2381,-1.2894365787506104
2382,-1.2958894968032837
2383,-1.293630838394165
2384,-1.2785660028457642
2385,-1.301191806793213
2386,-1.2636523246765137
2387,-1.294830083847046
2388,-1.2810990810394287
2389,-1.3105915784835815
2390,-1.2596917152404785
2391,-1.2948366403579712
2392,-1.2577005624771118
2393,-1.283785104751587
2394,-1.283856987953186
2395,-1.2827394008636475
2396,-1.2884044647216797
2397,-1.2861772775650024
2398,-1.287808895111084
2399,-1.2376989126205444
2400,-1.2889173030853271
2401,-1.2724230289459229
2402,-1.2253588438034058
2403,-1.2944872379302979
2404,-1.2747373580932617
2405,-1.276877999305725
2406,-1.2662702798843384
2407,-1.3117148876190186
2408,-1.2547096014022827
2409,-1.3015836477279663
2410,-1.3057432174682617
2411,-1.3139703273773193
2412,-1.2627496719360352
2413,-1.268667221069336
2414,-1.2803558111190796
2415,-1.2798335552215576
2416,-1.2802090644836426
2417,-1.260972499847412
2418,-1.2826491594314575
2419,-1.272474765777588
2420,-1.2877402305603027
2421,-1.3004090785980225
2422,-1.2143990993499756
2423,-1.3017500638961792
2424,-1.2794115543365479
2425,-1.2767539024353027
2426,-1.279548168182373
2427,-1.3137462139129639
2428,-1.272800087928772
2429,-1.283079743385315
2430,-1.3082903623580933
2431,-1.2730844020843506
2432,-1.3090194463729858
2433,-1.3054274320602417
2434,-1.2686781883239746
2435,-1.298412799835205
2436,-1.3021312952041626
2437,-1.277276635169983
2438,-1.2798577547073364
2439,-1.3065170049667358
2440,-1.2737326622009277
2441,-1.3105840682983398
2442,-1.3010567426681519
2443,-1.3015390634536743
2444,-1.2901636362075806
2445,-1.2973284721374512
2446,-1.3138630390167236
2447,-1.3040332794189453
2448,-1.3036044836044312
2449,-1.2047595977783203
2450,-1.259218692779541
2451,-1.247510313987732
2452,-1.2999387979507446
2453,-1.2756513357162476
2454,-1.2901657819747925
2455,-1.2942622900009155
2456,-1.2906875610351562
2457,-1.3062459230422974
2458,-1.2766937017440796
2459,-1.2904837131500244
2460,-1.2809709310531616
2461,-1.2140823602676392
2462,-1.2852823734283447
2463,-1.2873458862304688
2464,-1.233620047569275
2465,-1.3045945167541504
2466,-1.2713979482650757
2467,-1.275583028793335
2468,-1.2842155694961548
2469,-1.2974615097045898
2470,-1.2904425859451294
2471,-1.262934923171997
2472,-1.2900583744049072
2473,-1.2688146829605103
2474,-1.3039214611053467
2475,-1.2907814979553223
2476,-1.2872602939605713
2477,-1.2626173496246338
2478,-1.3052059412002563
2479,-1.3015633821487427
2480,-1.2667165994644165
2481,-1.264854073524475
2482,-1.300614595413208
2483,-1.3191413879394531
2484,-1.2675777673721313
2485,-1.2879524230957031
2486,-1.2757514715194702
2487,-1.2616238594055176
2488,-1.3013148307800293
2489,-1.2176541090011597
2490,-1.3027962446212769
2491,-1.3068691492080688
2492,-1.282099962234497
2493,-1.2648682594299316
2494,-1.2419346570968628
2495,-1.3091975450515747
2496,-1.2536251544952393
2497,-1.2562808990478516
2498,-1.2561848163604736
2499,-1.2394012212753296
2500,-1.3119888305664062
2501,-1.2863306999206543
2502,-1.2554454803466797
2503,-1.2873553037643433
2504,-1.3154394626617432
2505,-1.26423978805542
2506,-1.2916154861450195
2507,-1.2319979667663574
2508,-1.3073132038116455
2509,-1.2741087675094604
2510,-1.3076190948486328
2511,-1.2852842807769775
2512,-1.2668728828430176
2513,-1.3097498416900635
2514,-1.3144426345825195
2515,-1.3024080991744995
2516,-1.2895867824554443
2517,-1.3272390365600586
2518,-1.2858494520187378
2519,-1.2802778482437134
2520,-1.3029181957244873
2521,-1.219407320022583
2522,-1.292589545249939
2523,-1.290829062461853
2524,-1.2340631484985352
2525,-1.2856221199035645
2526,-1.2758301496505737
2527,-1.2727044820785522
2528,-1.2758854627609253
2529,-1.2929356098175049
2530,-1.3179504871368408
2531,-1.2274526357650757
2532,-1.312365174293518
2533,-1.2782336473464966
2534,-1.2686656713485718
2535,-1.260246753692627
2536,-1.2891285419464111
2537,-1.2905311584472656
2538,-1.2912249565124512
2539,-1.297576665878296
2540,-1.2898699045181274
2541,-1.2977155447006226
2542,-1.2722160816192627
2543,-1.2732360363006592
2544,-1.2929141521453857
2545,-1.2932857275009155
2546,-1.2860615253448486
2547,-1.2691408395767212
2548,-1.2810639142990112
2549,-1.2752783298492432
2550,-1.2764317989349365
2551,-1.2873802185058594
2552,-1.297674536705017
2553,-1.3100731372833252
2554,-1.2585301399230957
2555,-1.2941445112228394
2556,-1.3256958723068237
2557,-1.2480425834655762
2558,-1.294640064239502
2559,-1.2873488664627075
2560,-1.28944993019104
2561,-1.282305121421814
2562,-1.2887210845947266
2563,-1.3030589818954468
2564,-1.2945894002914429
2565,-1.256881833076477
2566,-1.29916250705719
2567,-1.309140920639038
2568,-1.2841475009918213
2569,-1.271288514137268
2570,-1.2838109731674194
2571,-1.2798590660095215
2572,-1.2989331483840942
2573,-1.2565464973449707
2574,-1.286781907081604
2575,-1.2706913948059082
2576,-1.2847421169281006
2577,-1.3024282455444336
2578,-1.290668249130249
2579,-1.2896511554718018
2580,-1.2951353788375854
2581,-1.2036720514297485
2582,-1.2789043188095093
2583,-1.2941908836364746
2584,-1.2731584310531616
2585,-1.2509878873825073
2586,-1.282268762588501
2587,-1.275315284729004
2588,-1.2932711839675903
2589,-1.258903980255127
2590,-1.299399495124817
2591,-1.2938594818115234
2592,-1.29490065574646
2593,-1.285893440246582
2594,-1.283818006515503
2595,-1.270545244216919
2596,-1.2858418226242065
2597,-1.2976740598678589
2598,-1.2938536405563354
2599,-1.3092975616455078
2600,-1.278643012046814
2601,-1.2861156463623047
2602,-1.315690279006958
2603,-1.2888768911361694
2604,-1.3154692649841309
2605,-1.3015084266662598
2606,-1.286293387413025
2607,-1.3132585287094116
2608,-1.2894632816314697
2609,-1.2363786697387695
2610,-1.2633075714111328
2611,-1.2766879796981812
2612,-1.2267677783966064
2613,-1.2985591888427734
2614,-1.253307819366455
2615,-1.2379848957061768
2616,-1.2766274213790894
2617,-1.3081563711166382
2618,-1.2765693664550781
2619,-1.2928760051727295
2620,-1.2941724061965942
2621,-1.2819457054138184
2622,-1.3191895484924316
2623,-1.278304100036621
2624,-1.2808988094329834
2625,-1.3245068788528442
2626,-1.2972140312194824
2627,-1.281660795211792
2628,-1.2680696249008179
2629,-1.2788957357406616
2630,-1.2654318809509277
2631,-1.2774919271469116
2632,-1.3012250661849976
2633,-1.2790789604187012
2634,-1.2778106927871704
2635,-1.3094440698623657
2636,-1.281227469444275
2637,-1.282907485961914
2638,-1.2646002769470215
2639,-1.3141453266143799
2640,-1.2424649000167847
2641,-1.3175795078277588
2642,-1.2908233404159546
2643,-1.2734626531600952
2644,-1.2991280555725098
2645,-1.3040099143981934
2646,-1.279866337776184
2647,-1.309399127960205
2648,-1.2988828420639038
2649,-1.319045901298523
2650,-1.326768159866333
2651,-1.2244457006454468
2652,-1.3083703517913818
2653,-1.3061635494232178
2654,-1.2858585119247437
2655,-1.284084677696228
2656,-1.2958049774169922
2657,-1.263437032699585
2658,-1.301631212234497
2659,-1.2774436473846436
2660,-1.3216668367385864
2661,-1.2653539180755615
2662,-1.2978861331939697
2663,-1.2724096775054932
2664,-1.291598916053772
2665,-1.2922563552856445
2666,-1.2690688371658325
2667,-1.2516993284225464
2668,-1.23647141456604
2669,-1.264371633529663
2670,-1.3037008047103882
2671,-1.302406668663025
2672,-1.320666790008545
2673,-1.2574273347854614
2674,-1.2709753513336182
2675,-1.2783472537994385
2676,-1.2439266443252563
2677,-1.315251350402832
2678,-1.2850580215454102
2679,-1.280838966369629
2680,-1.306093454360962
2681,-1.3013896942138672
2682,-1.3054300546646118
2683,-1.2345892190933228
2684,-1.269113540649414
2685,-1.3015059232711792
2686,-1.2721703052520752
2687,-1.264739990234375
2688,-1.2604933977127075
2689,-1.2720494270324707
2690,-1.2946562767028809
2691,-1.282055139541626
2692,-1.2681465148925781
2693,-1.292502760887146
2694,-1.3034437894821167
2695,-1.2488868236541748
2696,-1.2583353519439697
2697,-1.2689749002456665
2698,-1.243320345878601
2699,-1.273632287979126
2700,-1.2888935804367065
2701,-1.2452812194824219
2702,-1.3075456619262695
2703,-1.3059383630752563
2704,-1.29723060131073
2705,-1.3048384189605713
2706,-1.2955751419067383
2707,-1.2834843397140503
2708,-1.3110766410827637
2709,-1.232357382774353
2710,-1.2811195850372314
2711,-1.2606018781661987
2712,-1.267547607421875
2713,-1.280807375907898
2714,-1.3170576095581055
2715,-1.28377103805542
2716,-1.2746955156326294
2717,-1.2519506216049194
2718,-1.317735195159912
2719,-1.2595629692077637
2720,-1.2896666526794434
2721,-1.2798830270767212
2722,-1.2372535467147827
2723,-1.2411235570907593
2724,-1.2704980373382568
2725,-1.2831321954727173
2726,-1.319361686706543
2727,-1.2996034622192383
2728,-1.2516108751296997
2729,-1.2569310665130615
2730,-1.2388213872909546
2731,-1.2735857963562012
2732,-1.2698602676391602
2733,-1.2655587196350098
2734,-1.2828119993209839
2735,-1.258056640625
2736,-1.2879812717437744
2737,-1.248414397239685
2738,-1.2811717987060547
2739,-1.2950102090835571
2740,-1.2321414947509766
2741,-1.2852721214294434
2742,-1.2497024536132812
2743,-1.2581509351730347
2744,-1.262441635131836
2745,-1.2882336378097534
2746,-1.2581549882888794
2747,-1.2941464185714722
2748,-1.3002878427505493
2749,-1.2588125467300415
2750,-1.2910772562026978
2751,-1.2602710723876953
2752,-1.289156198501587
2753,-1.294281005859375
2754,-1.266913890838623
2755,-1.2771416902542114
2756,-1.272964358329773
2757,-1.2795437574386597
2758,-1.3088655471801758
2759,-1.2799946069717407
2760,-1.242497444152832
2761,-1.2727646827697754
2762,-1.2400310039520264
2763,-1.2955279350280762
2764,-1.2972307205200195
2765,-1.2909531593322754
2766,-1.2715671062469482
2767,-1.3163559436798096
2768,-1.258246898651123
2769,-1.283196210861206
2770,-1.2715411186218262
2771,-1.3095903396606445
2772,-1.3008995056152344
2773,-1.3153610229492188
2774,-1.29330575466156
2775,-1.3003672361373901
2776,-1.2957559823989868
2777,-1.2881630659103394
2778,-1.3135496377944946
2779,-1.2586100101470947
2780,-1.2561148405075073
2781,-1.277413010597229
2782,-1.324088454246521
2783,-1.3135597705841064
2784,-1.2842340469360352
2785,-1.3161993026733398
2786,-1.2684218883514404
2787,-1.2838120460510254
2788,-1.3143730163574219
2789,-1.3279554843902588
2790,-1.2843878269195557
2791,-1.2869696617126465
2792,-1.3002455234527588
2793,-1.3032721281051636
2794,-1.3162506818771362
2795,-1.2931073904037476
2796,-1.2912200689315796
2797,-1.2833598852157593
2798,-1.2873772382736206
2799,-1.2853366136550903
2800,-1.2950413227081299
2801,-1.2932143211364746
2802,-1.2878525257110596
2803,-1.2718161344528198
2804,-1.296873688697815
2805,-1.2632113695144653
2806,-1.3086354732513428
2807,-1.2578264474868774
2808,-1.2559900283813477
2809,-1.2868893146514893
2810,-1.27239191532135
2811,-1.2850425243377686
2812,-1.286242127418518
2813,-1.2820484638214111
2814,-1.299032211303711
2815,-1.3026341199874878
2816,-1.3066126108169556
2817,-1.319340705871582
2818,-1.3018178939819336
2819,-1.3012468814849854
2820,-1.2829914093017578
2821,-1.3118221759796143
2822,-1.289541482925415
2823,-1.3072017431259155
2824,-1.262715220451355
2825,-1.2837806940078735
2826,-1.283599615097046
2827,-1.30720853805542
2828,-1.2865214347839355
2829,-1.2732486724853516
2830,-1.3187979459762573
2831,-1.2802492380142212
2832,-1.286009669303894
2833,-1.273909330368042
2834,-1.3169924020767212
2835,-1.217812418937683
2836,-1.3086814880371094
2837,-1.3181108236312866
2838,-1.3006105422973633
2839,-1.2870122194290161
2840,-1.279859185218811
2841,-1.2844719886779785
2842,-1.3183084726333618
2843,-1.2819898128509521
2844,-1.3086298704147339
2845,-1.2562305927276611
2846,-1.304835319519043
2847,-1.3012689352035522
2848,-1.2690315246582031
2849,-1.2529727220535278
2850,-1.3184078931808472
2851,-1.3343178033828735
2852,-1.2955307960510254
2853,-1.3056223392486572
2854,-1.3017027378082275
2855,-1.3055179119110107
2856,-1.2822883129119873
2857,-1.2989972829818726
2858,-1.2960803508758545
2859,-1.3074935674667358
2860,-1.3017988204956055
2861,-1.237197756767273
2862,-1.285670518875122
2863,-1.2891722917556763
2864,-1.255501389503479
2865,-1.2824395895004272
2866,-1.295111060142517
2867,-1.289652705192566
2868,-1.3127046823501587
2869,-1.3116722106933594
2870,-1.3163378238677979
2871,-1.276069164276123
2872,-1.2714143991470337
2873,-1.2932403087615967
2874,-1.2376267910003662
2875,-1.3173696994781494
2876,-1.3133095502853394
2877,-1.3209550380706787
2878,-1.3069231510162354
2879,-1.3248083591461182
2880,-1.2684388160705566
2881,-1.274888277053833
2882,-1.2960093021392822
2883,-1.298938512802124
2884,-1.3061184883117676
2885,-1.2974666357040405
2886,-1.3133265972137451
2887,-1.2774702310562134
2888,-1.2814176082611084
2889,-1.2643373012542725
2890,-1.3066118955612183
2891,-1.3008081912994385
2892,-1.3291151523590088
2893,-1.2934648990631104
2894,-1.2937326431274414
2895,-1.3182651996612549
2896,-1.3060367107391357
2897,-1.3111400604248047
2898,-1.258558750152588
2899,-1.3150391578674316
2900,-1.3217034339904785
2901,-1.2624680995941162
2902,-1.302264928817749
2903,-1.311272382736206
2904,-1.271401047706604
2905,-1.3250235319137573
2906,-1.310911774635315
2907,-1.3017549514770508
2908,-1.3137667179107666
2909,-1.2652852535247803
2910,-1.3020353317260742
2911,-1.270841121673584
2912,-1.2922096252441406
2913,-1.2688554525375366
2914,-1.2977077960968018
2915,-1.2982186079025269
2916,-1.2836064100265503
2917,-1.302431583404541
2918,-1.3036664724349976
2919,-1.281981348991394
2920,-1.3015308380126953
2921,-1.299513816833496
2922,-1.2843483686447144
2923,-1.2930315732955933
2924,-1.316841721534729
2925,-1.2748323678970337
2926,-1.267808437347412
2927,-1.2705459594726562
2928,-1.2745866775512695
2929,-1.2907469272613525
2930,-1.2993282079696655
2931,-1.3125059604644775
2932,-1.3013067245483398
2933,-1.2754805088043213
2934,-1.3375258445739746
2935,-1.3160244226455688
2936,-1.2159185409545898
2937,-1.270906686782837
2938,-1.30959153175354
2939,-1.2985502481460571
2940,-1.2913018465042114
2941,-1.3112082481384277
2942,-1.2682621479034424
2943,-1.2512822151184082
2944,-1.284857153892517
2945,-1.272046446800232
2946,-1.2706506252288818
2947,-1.263519287109375
2948,-1.3148455619812012
2949,-1.2902923822402954
2950,-1.2733571529388428
2951,-1.2796428203582764
2952,-1.249941349029541
2953,-1.2817411422729492
2954,-1.284083366394043
2955,-1.3035916090011597
2956,-1.2965548038482666
2957,-1.2867711782455444
2958,-1.2424851655960083
2959,-1.2570480108261108
2960,-1.287246823310852
2961,-1.2711237668991089
2962,-1.2887932062149048
2963,-1.2646325826644897
2964,-1.2868702411651611
2965,-1.3341666460037231
2966,-1.3038090467453003
2967,-1.284036636352539
2968,-1.2995277643203735
2969,-1.30650794506073
2970,-1.2640297412872314
2971,-1.2998512983322144
2972,-1.2938265800476074
2973,-1.2949707508087158
2974,-1.294514536857605
2975,-1.3194435834884644
2976,-1.2832343578338623
2977,-1.3007140159606934
2978,-1.2519702911376953
2979,-1.2956366539001465
2980,-1.3017854690551758
2981,-1.287376046180725
2982,-1.3192977905273438
2983,-1.3041599988937378
2984,-1.2821036577224731
2985,-1.3029474020004272
2986,-1.3112744092941284
2987,-1.307702898979187
2988,-1.2572548389434814
2989,-1.2643852233886719
2990,-1.308301568031311
2991,-1.2626525163650513
2992,-1.242868185043335
2993,-1.2880977392196655
2994,-1.267122745513916
2995,-1.3141052722930908
2996,-1.3183391094207764
2997,-1.3006457090377808
2998,-1.2858047485351562
2999,-1.2876554727554321
3000,-1.2984592914581299
3001,-1.3166611194610596
3002,-1.3144992589950562
3003,-1.2907273769378662
3004,-1.2874161005020142
3005,-1.2452576160430908
3006,-1.2886449098587036
3007,-1.3160054683685303
3008,-1.2543829679489136
3009,-1.2241125106811523
3010,-1.3275750875473022
3011,-1.310010552406311
3012,-1.3084663152694702
3013,-1.3142173290252686
3014,-1.2823243141174316
3015,-1.3080075979232788
3016,-1.283945918083191
3017,-1.2691967487335205
3018,-1.3042734861373901
3019,-1.3100687265396118
3020,-1.285862684249878
3021,-1.3061431646347046
3022,-1.2844346761703491
3023,-1.296398401260376
3024,-1.2513203620910645
3025,-1.2929149866104126
3026,-1.2599241733551025
3027,-1.2916744947433472
3028,-1.2450453042984009
3029,-1.267973780632019
3030,-1.2521061897277832
3031,-1.2801721096038818
3032,-1.2655048370361328
3033,-1.3150129318237305
3034,-1.2936686277389526
3035,-1.2993299961090088
3036,-1.292018175125122
3037,-1.320472240447998
3038,-1.29909348487854
3039,-1.3090360164642334
3040,-1.310767650604248
3041,-1.2985351085662842
3042,-1.3175448179244995
3043,-1.2783414125442505
3044,-1.2557543516159058
3045,-1.2457468509674072
3046,-1.3004295825958252
3047,-1.2868807315826416
3048,-1.2832362651824951
3049,-1.2921839952468872
3050,-1.2915928363800049
3051,-1.307863712310791
3052,-1.3110759258270264
3053,-1.3094279766082764
3054,-1.2843194007873535
3055,-1.3124961853027344
3056,-1.2514033317565918
3057,-1.315840482711792
3058,-1.3034417629241943
3059,-1.2913721799850464
3060,-1.2933701276779175
3061,-1.2726387977600098
3062,-1.3027819395065308
3063,-1.2810934782028198
3064,-1.3104321956634521
3065,-1.2723145484924316
3066,-1.2747089862823486
3067,-1.2498412132263184
3068,-1.3291916847229004
3069,-1.3034387826919556
3070,-1.3117495775222778
3071,-1.2937768697738647
3072,-1.2778420448303223
3073,-1.323282241821289
3074,-1.2769869565963745
3075,-1.3201910257339478
3076,-1.2655527591705322
3077,-1.2407410144805908
3078,-1.3270047903060913
3079,-1.2954365015029907
3080,-1.3000880479812622
3081,-1.260762333869934
3082,-1.2928705215454102
3083,-1.32221257686615
3084,-1.2743037939071655
3085,-1.2966526746749878
3086,-1.324224591255188
3087,-1.3081697225570679
3088,-1.2755783796310425
3089,-1.284135103225708
3090,-1.2726765871047974
3091,-1.2927355766296387
3092,-1.2791005373001099
3093,-1.305829405784607
3094,-1.315488576889038
3095,-1.2960848808288574
3096,-1.3019981384277344
3097,-1.2927842140197754
3098,-1.286365032196045
3099,-1.3165535926818848
3100,-1.311431884765625
3101,-1.2781810760498047
3102,-1.2611141204833984
3103,-1.2817230224609375
3104,-1.296600341796875
3105,-1.2919280529022217
3106,-1.3035879135131836
3107,-1.3132737874984741
3108,-1.2678565979003906
3109,-1.3024190664291382
3110,-1.308876395225525
3111,-1.3352530002593994
3112,-1.3064346313476562
3113,-1.2944025993347168
3114,-1.3024226427078247
3115,-1.2571605443954468
3116,-1.3077647686004639
3117,-1.2820994853973389
3118,-1.292791724205017
3119,-1.2916560173034668
3120,-1.281349778175354
3121,-1.298925518989563
3122,-1.295568823814392
3123,-1.302366018295288
3124,-1.2858397960662842
3125,-1.3116121292114258
3126,-1.2841027975082397
3127,-1.2989399433135986
3128,-1.3051707744598389
3129,-1.3157813549041748
3130,-1.2943565845489502
3131,-1.3220967054367065
3132,-1.3344368934631348
3133,-1.2807775735855103
3134,-1.2923961877822876
3135,-1.280085563659668
3136,-1.2985353469848633
3137,-1.3130650520324707
3138,-1.2943909168243408
3139,-1.299468994140625
3140,-1.3183828592300415
3141,-1.2679303884506226
3142,-1.2903598546981812
3143,-1.2667893171310425
3144,-1.3028433322906494
3145,-1.2695506811141968
3146,-1.2879892587661743
3147,-1.2525699138641357
3148,-1.3048717975616455
3149,-1.3045011758804321
3150,-1.2964227199554443
3151,-1.2723777294158936
3152,-1.3079150915145874
3153,-1.3117146492004395
3154,-1.2903790473937988
3155,-1.2524746656417847
3156,-1.2783279418945312
3157,-1.2697196006774902
3158,-1.3166736364364624
3159,-1.3115488290786743
3160,-1.3069123029708862
3161,-1.3236356973648071
3162,-1.2970995903015137
3163,-1.3029534816741943
3164,-1.2947677373886108
3165,-1.2694741487503052
3166,-1.3113844394683838
3167,-1.2802002429962158
3168,-1.2488991022109985
3169,-1.2865737676620483
3170,-1.3011724948883057
3171,-1.294344186782837
3172,-1.3138675689697266
3173,-1.313289761543274
3174,-1.293775200843811
3175,-1.3116333484649658
3176,-1.3224354982376099
3177,-1.3073770999908447
3178,-1.2648556232452393
3179,-1.288317322731018
3180,-1.2874302864074707
3181,-1.2482895851135254
3182,-1.2768381834030151
3183,-1.3036853075027466
3184,-1.2869601249694824
3185,-1.2916167974472046
3186,-1.3097991943359375
3187,-1.2750247716903687
3188,-1.2736871242523193
3189,-1.3218811750411987
3190,-1.2993584871292114
3191,-1.276873230934143
3192,-1.2925701141357422
3193,-1.275072455406189
3194,-1.3000577688217163
3195,-1.2954933643341064
3196,-1.2922265529632568
3197,-1.3101787567138672
3198,-1.2898921966552734
3199,-1.27749764919281
3200,-1.2766286134719849
3201,-1.3040776252746582
3202,-1.314212679862976
3203,-1.2741233110427856
3204,-1.2701276540756226
3205,-1.3357934951782227
3206,-1.2470297813415527
3207,-1.2940609455108643
3208,-1.3082069158554077
3209,-1.2837775945663452
3210,-1.3243529796600342
3211,-1.2979743480682373
3212,-1.3143186569213867
3213,-1.3130871057510376
3214,-1.2898240089416504
3215,-1.3145110607147217
3216,-1.2867826223373413
3217,-1.2877602577209473
3218,-1.3098700046539307
3219,-1.2993931770324707
3220,-1.2730568647384644
3221,-1.3040286302566528
3222,-1.278656244277954
3223,-1.3073163032531738
3224,-1.3057602643966675
3225,-1.3175829648971558
3226,-1.2543586492538452
3227,-1.2433891296386719
3228,-1.2860044240951538
3229,-1.2939879894256592
3230,-1.3099607229232788
3231,-1.2931644916534424
3232,-1.3090300559997559
3233,-1.2582029104232788
3234,-1.2760472297668457
3235,-1.3314754962921143
3236,-1.3188667297363281
3237,-1.3106822967529297
3238,-1.304887056350708
3239,-1.3243610858917236
3240,-1.3133010864257812
3241,-1.3195269107818604
3242,-1.2902637720108032
3243,-1.3094521760940552
3244,-1.2911303043365479
3245,-1.3151400089263916
3246,-1.2567466497421265
3247,-1.3035197257995605
3248,-1.3220696449279785
3249,-1.2477853298187256
3250,-1.3191016912460327
3251,-1.2849180698394775
3252,-1.2981913089752197
3253,-1.2940365076065063
3254,-1.3369290828704834
3255,-1.3091915845870972
3256,-1.282856822013855
3257,-1.2351832389831543
3258,-1.3148481845855713
3259,-1.2956193685531616
3260,-1.300796389579773
3261,-1.2917193174362183
3262,-1.3024928569793701
3263,-1.31578528881073
3264,-1.2759171724319458
3265,-1.2864314317703247
3266,-1.3070142269134521
3267,-1.31862473487854
3268,-1.290027379989624
3269,-1.3058210611343384
3270,-1.2626065015792847
3271,-1.2951394319534302
3272,-1.290339708328247
3273,-1.2694966793060303
3274,-1.2727411985397339
3275,-1.2847421169281006
3276,-1.3136590719223022
3277,-1.248952865600586
3278,-1.3174800872802734
3279,-1.319653034210205
3280,-1.298875093460083
3281,-1.3175969123840332
3282,-1.2985376119613647
3283,-1.294184923171997
3284,-1.2925928831100464
3285,-1.3250932693481445
3286,-1.288233995437622
3287,-1.2937248945236206
3288,-1.315229892730713
3289,-1.3033329248428345
3290,-1.3111462593078613
3291,-1.291547179222107
3292,-1.2311009168624878
3293,-1.3285175561904907
3294,-1.259390115737915
3295,-1.2747173309326172
3296,-1.3258249759674072
3297,-1.2891007661819458
3298,-1.3181650638580322
3299,-1.2565535306930542
3300,-1.3271452188491821
3301,-1.2801258563995361
3302,-1.2438035011291504
3303,-1.31792414188385
3304,-1.2608983516693115
3305,-1.3282339572906494
3306,-1.2902261018753052
3307,-1.297141432762146
3308,-1.3018085956573486
3309,-1.2563484907150269
3310,-1.3037012815475464
3311,-1.2868189811706543
3312,-1.3253569602966309
3313,-1.265032172203064
3314,-1.3088741302490234
3315,-1.2872663736343384
3316,-1.2975295782089233
3317,-1.3010872602462769
3318,-1.2970608472824097
3319,-1.249237060546875
3320,-1.2894978523254395
3321,-1.2412879467010498
3322,-1.3000160455703735
3323,-1.3044929504394531
3324,-1.3151829242706299
3325,-1.2504682540893555
3326,-1.295993447303772
3327,-1.3096868991851807
3328,-1.2910875082015991
3329,-1.2937434911727905
3330,-1.2971136569976807
3331,-1.3044114112854004
3332,-1.2797309160232544
3333,-1.3179757595062256
3334,-1.277613639831543
3335,-1.3058823347091675
3336,-1.2887438535690308
3337,-1.3150291442871094
3338,-1.3018198013305664
3339,-1.2888977527618408
3340,-1.278910517692566
3341,-1.2938077449798584
3342,-1.267325758934021
3343,-1.247424602508545
3344,-1.3218958377838135
3345,-1.3101352453231812
3346,-1.2880715131759644
3347,-1.2082467079162598
3348,-1.3212089538574219
3349,-1.3160511255264282
3350,-1.313858985900879
3351,-1.2950371503829956
3352,-1.2675650119781494
3353,-1.3094780445098877
3354,-1.3134799003601074
3355,-1.3226161003112793
3356,-1.3025895357131958
3357,-1.315481185913086
3358,-1.245570421218872
3359,-1.3194677829742432
3360,-1.2832856178283691
3361,-1.2384334802627563
3362,-1.293447494506836
3363,-1.3044517040252686
3364,-1.290698528289795
3365,-1.307025671005249
3366,-1.2820167541503906
3367,-1.293497920036316
3368,-1.3210018873214722
3369,-1.3000426292419434
3370,-1.3255176544189453
3371,-1.2975428104400635
3372,-1.3117456436157227
3373,-1.3303771018981934
3374,-1.313057780265808
3375,-1.3092354536056519
3376,-1.2747108936309814
3377,-1.270187258720398
3378,-1.2524970769882202
3379,-1.3209079504013062
3380,-1.282772421836853
3381,-1.3038443326950073
3382,-1.2682952880859375
3383,-1.320317029953003
3384,-1.3235422372817993
3385,-1.281243920326233
3386,-1.3134405612945557
3387,-1.305072546005249
3388,-1.2734628915786743
3389,-1.2873915433883667
3390,-1.309093713760376
3391,-1.281457543373108
3392,-1.2952396869659424
3393,-1.308545708656311
3394,-1.2935346364974976
3395,-1.2673044204711914
3396,-1.2887980937957764
3397,-1.2636603116989136
3398,-1.2734613418579102
3399,-1.3012226819992065
3400,-1.289711356163025
3401,-1.3248300552368164
3402,-1.31606924533844
3403,-1.3213661909103394
3404,-1.2926186323165894
3405,-1.2741405963897705
3406,-1.2703837156295776
3407,-1.297339916229248
3408,-1.3229165077209473
3409,-1.289493441581726
3410,-1.2826435565948486
3411,-1.3198941946029663
3412,-1.2981421947479248
3413,-1.2535959482192993
3414,-1.3255634307861328
3415,-1.297757863998413
3416,-1.3223899602890015
3417,-1.27013099193573
3418,-1.304240107536316
3419,-1.3316361904144287
3420,-1.2936367988586426
3421,-1.3109711408615112
3422,-1.3175662755966187
3423,-1.2855178117752075
3424,-1.3007893562316895
3425,-1.304065465927124
3426,-1.2880864143371582
3427,-1.3120254278182983
3428,-1.309940218925476
3429,-1.2586047649383545
3430,-1.3081403970718384
3431,-1.3039884567260742
3432,-1.3057243824005127
3433,-1.331984043121338
3434,-1.2704561948776245
3435,-1.3034589290618896
3436,-1.284188151359558
3437,-1.3044573068618774
3438,-1.320993423461914
3439,-1.326045274734497
3440,-1.3211934566497803
3441,-1.294478178024292
3442,-1.3037227392196655
3443,-1.2851712703704834
3444,-1.2801655530929565
3445,-1.3030338287353516
3446,-1.3052209615707397
3447,-1.308139443397522
3448,-1.2917160987854004
3449,-1.3077796697616577
3450,-1.3136646747589111
3451,-1.2928526401519775
3452,-1.2384955883026123
3453,-1.25824773311615
3454,-1.2861268520355225
3455,-1.2907383441925049
3456,-1.3225163221359253
3457,-1.2654122114181519
3458,-1.2861149311065674
3459,-1.292224407196045
3460,-1.3129208087921143
3461,-1.3119266033172607
3462,-1.2206099033355713
3463,-1.3250467777252197
3464,-1.3234714269638062
3465,-1.2919672727584839
3466,-1.2612957954406738
3467,-1.2834980487823486
3468,-1.3284218311309814
3469,-1.3249528408050537
3470,-1.3244142532348633
3471,-1.3279311656951904
3472,-1.2386339902877808
3473,-1.3072052001953125
3474,-1.3081400394439697
3475,-1.284129023551941
3476,-1.30116605758667
3477,-1.299161672592163
3478,-1.274374008178711
3479,-1.2982550859451294
3480,-1.3057042360305786
3481,-1.2436888217926025
3482,-1.3149065971374512
3483,-1.3051133155822754
3484,-1.3048444986343384
3485,-1.276712417602539
3486,-1.3193024396896362
3487,-1.3204683065414429
3488,-1.2724088430404663
3489,-1.2834078073501587
3490,-1.2819693088531494
3491,-1.2746943235397339
3492,-1.2702791690826416
3493,-1.3066431283950806
3494,-1.299562931060791
3495,-1.2992057800292969
3496,-1.274693250656128
3497,-1.28074312210083
3498,-1.2592171430587769
3499,-1.28950834274292
3500,-1.3224319219589233
3501,-1.278822422027588
3502,-1.267067551612854
3503,-1.2767508029937744
3504,-1.3055784702301025
3505,-1.28981351852417
3506,-1.3072839975357056
3507,-1.3200794458389282
3508,-1.2714359760284424
3509,-1.2939642667770386
3510,-1.2986680269241333
3511,-1.302258849143982
3512,-1.2882795333862305
3513,-1.2681596279144287
3514,-1.2978005409240723
3515,-1.297663927078247
3516,-1.2261165380477905
3517,-1.2702828645706177
3518,-1.2635620832443237
3519,-1.2854020595550537
3520,-1.253964900970459
3521,-1.3040565252304077
3522,-1.2955414056777954
3523,-1.3254975080490112
3524,-1.2992838621139526
3525,-1.2665305137634277
3526,-1.313166856765747
3527,-1.2806906700134277
3528,-1.2991607189178467
3529,-1.293320894241333
3530,-1.291628360748291
3531,-1.2586255073547363
3532,-1.3145687580108643
3533,-1.2826753854751587
3534,-1.2343791723251343
3535,-1.2886629104614258
3536,-1.3146294355392456
3537,-1.2844551801681519
3538,-1.3013614416122437
3539,-1.3004753589630127
3540,-1.319375991821289
3541,-1.3020085096359253
3542,-1.306502342224121
3543,-1.2624280452728271
3544,-1.275447964668274
3545,-1.2722053527832031
3546,-1.2902036905288696
3547,-1.3206747770309448
3548,-1.3301472663879395
3549,-1.2736530303955078
3550,-1.2794113159179688
3551,-1.3350863456726074
3552,-1.3151307106018066
3553,-1.2887778282165527
3554,-1.3182337284088135
3555,-1.2869019508361816
3556,-1.3052053451538086
3557,-1.2903152704238892
3558,-1.3309980630874634
3559,-1.307300090789795
3560,-1.3214850425720215
3561,-1.294252634048462
3562,-1.2999608516693115
3563,-1.3189458847045898
3564,-1.2482523918151855
3565,-1.313035488128662
3566,-1.2860422134399414
3567,-1.3111412525177002
3568,-1.3171379566192627
3569,-1.2704527378082275
3570,-1.313701868057251
3571,-1.2993450164794922
3572,-1.2988191843032837
3573,-1.2987165451049805
3574,-1.2892086505889893
3575,-1.291839361190796
3576,-1.3093928098678589
3577,-1.2963398694992065
3578,-1.281576156616211
3579,-1.3170865774154663
3580,-1.2911895513534546
3581,-1.3233041763305664
3582,-1.3064804077148438
3583,-1.3136610984802246
3584,-1.260398268699646
3585,-1.3095606565475464
3586,-1.3100963830947876
3587,-1.2883731126785278
3588,-1.2916345596313477
3589,-1.2598339319229126
3590,-1.3086755275726318
3591,-1.3364894390106201
3592,-1.3255573511123657
3593,-1.3184590339660645
3594,-1.2624163627624512
3595,-1.3060965538024902
3596,-1.3219664096832275
3597,-1.3068182468414307
3598,-1.3174949884414673
3599,-1.2933603525161743
3600,-1.3017162084579468
3601,-1.28910231590271
3602,-1.2824772596359253
3603,-1.3299015760421753
3604,-1.3269442319869995
3605,-1.3199882507324219
3606,-1.3263872861862183
3607,-1.3209890127182007
3608,-1.31242835521698
3609,-1.3331446647644043
3610,-1.320819616317749
3611,-1.3191815614700317
3612,-1.3289319276809692
3613,-1.3046807050704956
3614,-1.3399938344955444
3615,-1.2660694122314453
3616,-1.3360437154769897
3617,-1.3023370504379272
3618,-1.3149126768112183
3619,-1.2967768907546997
3620,-1.2684961557388306
3621,-1.300208330154419
3622,-1.313753366470337
3623,-1.2761298418045044
3624,-1.2747094631195068
3625,-1.3316864967346191
3626,-1.3147484064102173
3627,-1.2937078475952148
3628,-1.3008153438568115
3629,-1.3152575492858887
3630,-1.3080341815948486
3631,-1.30996572971344
3632,-1.313820481300354
3633,-1.270119309425354
3634,-1.3269771337509155
3635,-1.3029217720031738
3636,-1.3162727355957031
3637,-1.2542645931243896
3638,-1.3045278787612915
3639,-1.318342685699463
3640,-1.314667820930481
3641,-1.2688994407653809
3642,-1.3048295974731445
3643,-1.2476325035095215
3644,-1.2904285192489624
3645,-1.319530725479126
3646,-1.3238444328308105
3647,-1.3133695125579834
3648,-1.2554651498794556
3649,-1.3077327013015747
3650,-1.2650954723358154
3651,-1.3126220703125
3652,-1.3049814701080322
3653,-1.2843540906906128
3654,-1.3027492761611938
3655,-1.3199679851531982
3656,-1.2865214347839355
3657,-1.292067527770996
3658,-1.312639832496643
3659,-1.325244665145874
3660,-1.3107173442840576
3661,-1.32668137550354
3662,-1.3193955421447754
3663,-1.2749996185302734
3664,-1.324975609779358
3665,-1.3076660633087158
3666,-1.3142820596694946
3667,-1.321797490119934
3668,-1.3043025732040405
3669,-1.30299973487854
3670,-1.2613791227340698
3671,-1.3137168884277344
3672,-1.3197156190872192
3673,-1.294018030166626
3674,-1.2719813585281372
3675,-1.324992060661316
3676,-1.2960033416748047
3677,-1.3160752058029175
3678,-1.306618332862854
3679,-1.31253981590271
3680,-1.2976852655410767
3681,-1.2973006963729858
3682,-1.3301085233688354
3683,-1.3405258655548096
3684,-1.3230326175689697
3685,-1.3286863565444946
3686,-1.279592514038086
3687,-1.2924411296844482
3688,-1.2831788063049316
3689,-1.3104157447814941
3690,-1.3092682361602783
3691,-1.316230058670044
3692,-1.302816390991211
3693,-1.3219327926635742
3694,-1.3208492994308472
3695,-1.3267982006072998
3696,-1.2396215200424194
3697,-1.3129866123199463
3698,-1.3016656637191772
3699,-1.2430143356323242
3700,-1.3216361999511719
3701,-1.2782033681869507
3702,-1.2471811771392822
3703,-1.2981772422790527
3704,-1.2651538848876953
3705,-1.3131742477416992
3706,-1.3312897682189941
3707,-1.2423491477966309
3708,-1.2943006753921509
3709,-1.318501353263855
3710,-1.2837673425674438
3711,-1.3053218126296997
3712,-1.2446751594543457
3713,-1.312108039855957
3714,-1.2518749237060547
3715,-1.2899386882781982
3716,-1.3091474771499634
3717,-1.3194680213928223
3718,-1.2937511205673218
3719,-1.3088555335998535
3720,-1.327247142791748
3721,-1.2647477388381958
3722,-1.2963967323303223
3723,-1.285620927810669
3724,-1.3150354623794556
3725,-1.2869995832443237
3726,-1.2954256534576416
3727,-1.2923730611801147
3728,-1.2913742065429688
3729,-1.3204309940338135
3730,-1.295505404472351
3731,-1.2700128555297852
3732,-1.2959747314453125
3733,-1.2709344625473022
3734,-1.3011534214019775
3735,-1.295784592628479
3736,-1.3298338651657104
3737,-1.2971816062927246
3738,-1.3271759748458862
3739,-1.311400294303894
3740,-1.294177532196045
3741,-1.3150449991226196
3742,-1.26224684715271
3743,-1.276153564453125
3744,-1.2978508472442627
3745,-1.290662169456482
3746,-1.3189022541046143
3747,-1.3075759410858154
3748,-1.325177550315857
3749,-1.30841064453125
3750,-1.278846025466919
3751,-1.3169664144515991
3752,-1.2894213199615479
3753,-1.3183627128601074
3754,-1.3256540298461914
3755,-1.3173725605010986
3756,-1.3301894664764404
3757,-1.3201802968978882
3758,-1.2726874351501465
3759,-1.3257650136947632
3760,-1.3138236999511719
3761,-1.3146860599517822
3762,-1.3266260623931885
3763,-1.260025978088379
3764,-1.2799630165100098
3765,-1.3065327405929565
3766,-1.303069829940796
3767,-1.276233196258545
3768,-1.3066984415054321
3769,-1.3145345449447632
3770,-1.3045623302459717
3771,-1.3111507892608643
3772,-1.322731852531433
3773,-1.3177978992462158
3774,-1.3309434652328491
3775,-1.3128714561462402
3776,-1.2733701467514038
3777,-1.2825497388839722
3778,-1.289878249168396
3779,-1.2320289611816406
3780,-1.3047823905944824
3781,-1.3379557132720947
3782,-1.3148800134658813
3783,-1.3119220733642578
3784,-1.2849465608596802
3785,-1.2901538610458374
3786,-1.279008150100708
3787,-1.3296339511871338
3788,-1.2996045351028442
3789,-1.2566635608673096
3790,-1.3391108512878418
3791,-1.3173232078552246
3792,-1.2872297763824463
3793,-1.3278162479400635
3794,-1.3166230916976929
3795,-1.299536943435669
3796,-1.3015542030334473
3797,-1.2492021322250366
3798,-1.3061249256134033
3799,-1.2887464761734009
3800,-1.3190525770187378
3801,-1.3310878276824951
3802,-1.2518231868743896
3803,-1.305603265762329
3804,-1.3239514827728271
3805,-1.3017915487289429
3806,-1.2956912517547607
3807,-1.2762417793273926
3808,-1.3204631805419922
3809,-1.319599986076355
3810,-1.2984669208526611
3811,-1.2989733219146729
3812,-1.288689136505127
3813,-1.3139753341674805
3814,-1.3206697702407837
3815,-1.3095673322677612
3816,-1.3024779558181763
3817,-1.2827621698379517
3818,-1.3247833251953125
3819,-1.296604037284851
3820,-1.2706354856491089
3821,-1.2930959463119507
3822,-1.3106740713119507
3823,-1.3086230754852295
3824,-1.2855041027069092
3825,-1.2919189929962158
3826,-1.3087077140808105
3827,-1.3091654777526855
3828,-1.3153409957885742
3829,-1.3226535320281982
3830,-1.3220387697219849
3831,-1.302350640296936
3832,-1.3287079334259033
3833,-1.3031518459320068
3834,-1.290647268295288
3835,-1.3035377264022827
3836,-1.2972334623336792
3837,-1.3116276264190674
3838,-1.3308767080307007
3839,-1.338007926940918
3840,-1.3181631565093994
3841,-1.3361448049545288
3842,-1.3152673244476318
3843,-1.3219187259674072
3844,-1.3156369924545288
3845,-1.3254460096359253
3846,-1.2989921569824219
3847,-1.2774078845977783
3848,-1.3248302936553955
3849,-1.326703667640686
3850,-1.329691767692566
3851,-1.3055734634399414
3852,-1.307189702987671
3853,-1.2867851257324219
3854,-1.2968674898147583
3855,-1.3394775390625
3856,-1.3128142356872559
3857,-1.3125972747802734
3858,-1.3209378719329834
3859,-1.3127716779708862
3860,-1.313196063041687
3861,-1.2692960500717163
3862,-1.3149954080581665
3863,-1.3129202127456665
3864,-1.312939167022705
3865,-1.3124685287475586
3866,-1.2797729969024658
3867,-1.3289141654968262
3868,-1.2927378416061401
3869,-1.3064326047897339
3870,-1.2777457237243652
3871,-1.3206608295440674
3872,-1.3291990756988525
3873,-1.2945702075958252
3874,-1.3083418607711792
3875,-1.2824209928512573
3876,-1.331784963607788
3877,-1.286937952041626
3878,-1.32426917552948
3879,-1.3090568780899048
3880,-1.3141485452651978
3881,-1.327826738357544
3882,-1.2965883016586304
3883,-1.3122245073318481
3884,-1.2728357315063477
3885,-1.2839540243148804
3886,-1.30315363407135
3887,-1.3060615062713623
3888,-1.3208553791046143
3889,-1.3308149576187134
3890,-1.275633692741394
3891,-1.2871681451797485
3892,-1.282299518585205
3893,-1.298927903175354
3894,-1.302181601524353
3895,-1.2624971866607666
3896,-1.2935916185379028
3897,-1.3000705242156982
3898,-1.282597541809082
3899,-1.3075249195098877
3900,-1.2963645458221436
3901,-1.308740258216858
3902,-1.2785706520080566
3903,-1.3092505931854248
3904,-1.2891157865524292
3905,-1.2863938808441162
3906,-1.3139548301696777
3907,-1.2916457653045654
3908,-1.2828667163848877
3909,-1.3202641010284424
3910,-1.305707573890686
3911,-1.2693039178848267
3912,-1.3178390264511108
3913,-1.3108623027801514
3914,-1.275192141532898
3915,-1.298377275466919
3916,-1.3048593997955322
3917,-1.2961218357086182
3918,-1.30344820022583
3919,-1.3161877393722534
3920,-1.2947962284088135
3921,-1.3357409238815308
3922,-1.305564284324646
3923,-1.2860004901885986
3924,-1.3235321044921875
3925,-1.3056412935256958
3926,-1.2861578464508057
3927,-1.2767800092697144
3928,-1.2744622230529785
3929,-1.2965503931045532
3930,-1.3045437335968018
3931,-1.3299217224121094
3932,-1.2919645309448242
3933,-1.3124765157699585
3934,-1.2959327697753906
3935,-1.2725578546524048
3936,-1.3070448637008667
3937,-1.3185596466064453
3938,-1.3052326440811157
3939,-1.3128108978271484
3940,-1.2900091409683228
3941,-1.308762550354004
3942,-1.313944697380066
3943,-1.3180445432662964
3944,-1.3076372146606445
3945,-1.311321496963501
3946,-1.283082365989685
3947,-1.3138450384140015
3948,-1.2994208335876465
3949,-1.3051193952560425
3950,-1.320678949356079
3951,-1.2511309385299683
3952,-1.3114142417907715
3953,-1.3209425210952759
3954,-1.3048595190048218
3955,-1.3046395778656006
3956,-1.3254420757293701
3957,-1.3211073875427246
3958,-1.28544282913208
3959,-1.32892644405365
3960,-1.3082242012023926
3961,-1.313316822052002
3962,-1.2669399976730347
3963,-1.3069591522216797
3964,-1.3144980669021606
3965,-1.3416708707809448
3966,-1.2577723264694214
3967,-1.287907600402832
3968,-1.3296064138412476
3969,-1.323185920715332
3970,-1.2990022897720337
3971,-1.2716150283813477
3972,-1.3131521940231323
3973,-1.297340750694275
3974,-1.3194125890731812
3975,-1.278104305267334
3976,-1.3193938732147217
3977,-1.3239253759384155
3978,-1.2855406999588013
3979,-1.314692735671997
3980,-1.296316146850586
3981,-1.3108543157577515
3982,-1.2655762434005737
3983,-1.2673510313034058
3984,-1.2973519563674927
3985,-1.3180726766586304
3986,-1.3090214729309082
3987,-1.321179747581482
3988,-1.2872867584228516
3989,-1.3069069385528564
3990,-1.3035759925842285
3991,-1.3040395975112915
3992,-1.3276405334472656
3993,-1.3174184560775757
3994,-1.3251755237579346
3995,-1.3282418251037598
3996,-1.3441404104232788
3997,-1.3179315328598022
3998,-1.3112382888793945
3999,-1.2783597707748413
4000,-1.3136316537857056
4001,-1.3202874660491943
4002,-1.283703327178955
4003,-1.262520432472229
4004,-1.3181898593902588
4005,-1.3185310363769531
4006,-1.315941572189331
4007,-1.3053178787231445
4008,-1.2900283336639404
4009,-1.2782902717590332
4010,-1.3091566562652588
4011,-1.3047122955322266
4012,-1.3214397430419922
4013,-1.3172210454940796
4014,-1.3051462173461914
4015,-1.272292137145996
4016,-1.30277419090271
4017,-1.3404741287231445
4018,-1.328883409500122
4019,-1.3186702728271484
4020,-1.290702223777771
4021,-1.3347524404525757
4022,-1.2765699625015259
4023,-1.3088308572769165
4024,-1.2977664470672607
4025,-1.3184728622436523
4026,-1.3252966403961182
4027,-1.2621681690216064
4028,-1.3170626163482666
4029,-1.295310616493225
4030,-1.3098748922348022
4031,-1.2952018976211548
4032,-1.3119611740112305
4033,-1.2573753595352173
4034,-1.2930054664611816
4035,-1.2425819635391235
4036,-1.3103504180908203
4037,-1.2600116729736328
4038,-1.336108684539795
4039,-1.2814538478851318
4040,-1.325582504272461
4041,-1.280726671218872
4042,-1.3013304471969604
4043,-1.3181166648864746
4044,-1.3205722570419312
4045,-1.2867827415466309
4046,-1.2990717887878418
4047,-1.3075968027114868
4048,-1.3119302988052368
4049,-1.304106593132019
4050,-1.2959409952163696
4051,-1.2899147272109985
4052,-1.2881380319595337
4053,-1.2951234579086304
4054,-1.3202019929885864
4055,-1.2673348188400269
4056,-1.3129658699035645
4057,-1.3308616876602173
4058,-1.285809874534607
4059,-1.3074276447296143
4060,-1.3349071741104126
4061,-1.3243005275726318
4062,-1.3308961391448975
4063,-1.321998953819275
4064,-1.2899357080459595
4065,-1.2977555990219116
4066,-1.3282040357589722
4067,-1.2952888011932373
4068,-1.295244812965393
4069,-1.298293113708496
4070,-1.2495352029800415
4071,-1.2904419898986816
4072,-1.3179142475128174
4073,-1.2974562644958496
4074,-1.3080946207046509
4075,-1.333248496055603
4076,-1.282294750213623
4077,-1.2359347343444824
4078,-1.2612627744674683
4079,-1.2934399843215942
4080,-1.31782865524292
4081,-1.2722686529159546
4082,-1.30351984500885
4083,-1.2766573429107666
4084,-1.3221330642700195
4085,-1.2585521936416626
4086,-1.3056199550628662
4087,-1.2858915328979492
4088,-1.2757421731948853
4089,-1.2800594568252563
4090,-1.325048804283142
4091,-1.3041762113571167
4092,-1.2982059717178345
4093,-1.3123180866241455
4094,-1.32369863986969
4095,-1.3193657398223877
4096,-1.318402647972107
4097,-1.2717633247375488
4098,-1.3047611713409424
4099,-1.2701246738433838
4100,-1.3121368885040283
4101,-1.3101848363876343
4102,-1.2960240840911865
4103,-1.3095290660858154
4104,-1.3230226039886475
4105,-1.3171190023422241
4106,-1.3313573598861694
4107,-1.318627119064331
4108,-1.2781199216842651
4109,-1.318636178970337
4110,-1.3202778100967407
4111,-1.315527319908142
4112,-1.3138575553894043
4113,-1.2867679595947266
4114,-1.322028636932373
4115,-1.3155784606933594
4116,-1.2741128206253052
4117,-1.3050447702407837
4118,-1.3200675249099731
4119,-1.3131693601608276
4120,-1.3038004636764526
4121,-1.2993056774139404
4122,-1.3058853149414062
4123,-1.2907180786132812
4124,-1.26876699924469
4125,-1.311901569366455
4126,-1.3259063959121704
4127,-1.3287521600723267
4128,-1.3083033561706543
4129,-1.2763608694076538
4130,-1.3077681064605713
4131,-1.311099648475647
4132,-1.2972426414489746
4133,-1.3188868761062622
4134,-1.319239616394043
4135,-1.3052796125411987
4136,-1.3073549270629883
4137,-1.3095308542251587
4138,-1.2912719249725342
4139,-1.3316681385040283
4140,-1.295680046081543
4141,-1.2952353954315186
4142,-1.3274821043014526
4143,-1.3260287046432495
4144,-1.3028508424758911
4145,-1.303786039352417
4146,-1.3166344165802002
4147,-1.3182674646377563
4148,-1.302821397781372
4149,-1.3173418045043945
4150,-1.2971436977386475
4151,-1.3118114471435547
4152,-1.3264634609222412
4153,-1.2836931943893433
4154,-1.3011361360549927
4155,-1.3170846700668335
4156,-1.304124355316162
4157,-1.309398889541626
4158,-1.2883466482162476
4159,-1.2972255945205688
4160,-1.3159329891204834
4161,-1.2916810512542725
4162,-1.3276212215423584
4163,-1.2604700326919556
4164,-1.3046694993972778
4165,-1.2696642875671387
4166,-1.2644480466842651
4167,-1.2881494760513306
4168,-1.3213263750076294
4169,-1.2853904962539673
4170,-1.296340823173523
4171,-1.2879676818847656
4172,-1.3022174835205078
4173,-1.2979549169540405
4174,-1.2674760818481445
4175,-1.3325903415679932
4176,-1.2854925394058228
4177,-1.3256354331970215
4178,-1.3099009990692139
4179,-1.316549301147461
4180,-1.3224037885665894
4181,-1.3179877996444702
4182,-1.3137468099594116
4183,-1.223693609237671
4184,-1.3156598806381226
4185,-1.3105525970458984
4186,-1.321174144744873
4187,-1.317707896232605
4188,-1.2982397079467773
4189,-1.3107261657714844
4190,-1.3129518032073975
4191,-1.3057796955108643
4192,-1.2919259071350098
4193,-1.2931420803070068
4194,-1.2753069400787354
4195,-1.2921613454818726
4196,-1.2982442378997803
4197,-1.2993645668029785
4198,-1.2618602514266968
4199,-1.3263471126556396
4200,-1.2911248207092285
4201,-1.2992700338363647
4202,-1.3080028295516968
4203,-1.2955601215362549
4204,-1.3148777484893799
4205,-1.261568546295166
4206,-1.3170371055603027
4207,-1.3200594186782837
4208,-1.3244222402572632
4209,-1.315926194190979
4210,-1.331693410873413
4211,-1.315743088722229
4212,-1.2939246892929077
4213,-1.301560878753662
4214,-1.29975163936615
4215,-1.3009238243103027
4216,-1.3092536926269531
4217,-1.3001559972763062
4218,-1.3358216285705566
4219,-1.2606606483459473
4220,-1.324145793914795
4221,-1.307869553565979
4222,-1.3161754608154297
4223,-1.3034720420837402
4224,-1.3197877407073975
4225,-1.3021100759506226
4226,-1.3367962837219238
4227,-1.3224334716796875
4228,-1.3200440406799316
4229,-1.3269541263580322
4230,-1.2885692119598389
4231,-1.2979159355163574
4232,-1.3270498514175415
4233,-1.2992279529571533
4234,-1.2919155359268188
4235,-1.3054242134094238
4236,-1.309741497039795
4237,-1.3137391805648804
4238,-1.293681025505066
4239,-1.3142638206481934
4240,-1.326310157775879
4241,-1.3293278217315674
4242,-1.314476728439331
4243,-1.307934284210205
4244,-1.2757296562194824
4245,-1.3104184865951538
4246,-1.3236677646636963
4247,-1.3035272359848022
4248,-1.30690598487854
4249,-1.3228508234024048
4250,-1.3107895851135254
4251,-1.324636697769165
4252,-1.3160529136657715
4253,-1.3286983966827393
4254,-1.2455765008926392
4255,-1.311933994293213
4256,-1.3088386058807373
4257,-1.3093928098678589
4258,-1.2998909950256348
4259,-1.264096975326538
4260,-1.3093022108078003
4261,-1.317962646484375
4262,-1.3170262575149536
4263,-1.3105740547180176
4264,-1.299766182899475
4265,-1.3270012140274048
4266,-1.3064981698989868
4267,-1.2893327474594116
4268,-1.302324891090393
4269,-1.305171251296997
4270,-1.3001683950424194
4271,-1.2745994329452515
4272,-1.3125624656677246
4273,-1.3238357305526733
4274,-1.317758321762085
4275,-1.2890955209732056
4276,-1.306753158569336
4277,-1.3168463706970215
4278,-1.3115981817245483
4279,-1.3193279504776
4280,-1.318038821220398
4281,-1.3173836469650269
4282,-1.329768419265747
4283,-1.3292957544326782
4284,-1.2996443510055542
4285,-1.3085875511169434
4286,-1.3241894245147705
4287,-1.312922477722168
4288,-1.3281869888305664
4289,-1.3050684928894043
4290,-1.2972124814987183
4291,-1.2825669050216675
4292,-1.3163259029388428
4293,-1.3264071941375732
4294,-1.3071200847625732
4295,-1.2895100116729736
4296,-1.2978575229644775
4297,-1.290757417678833
4298,-1.3117514848709106
4299,-1.3376688957214355
4300,-1.2629855871200562
4301,-1.3265223503112793
4302,-1.2926098108291626
4303,-1.321012258529663
4304,-1.3237577676773071
4305,-1.267581820487976
4306,-1.3251678943634033
4307,-1.3178963661193848
4308,-1.323622465133667
4309,-1.2921640872955322
4310,-1.3250221014022827
4311,-1.2982177734375
4312,-1.2764582633972168
4313,-1.323944091796875
4314,-1.2997782230377197
4315,-1.316505789756775
4316,-1.2908477783203125
4317,-1.313552737236023
4318,-1.2790777683258057
4319,-1.291780948638916
4320,-1.2725833654403687
4321,-1.284706950187683
4322,-1.3173785209655762
4323,-1.3165146112442017
4324,-1.2853388786315918
4325,-1.2955572605133057
4326,-1.3226627111434937
4327,-1.320227026939392
4328,-1.306477665901184
4329,-1.3386294841766357
4330,-1.280968189239502
4331,-1.3179845809936523
4332,-1.3169983625411987
4333,-1.29352605342865
4334,-1.3051382303237915
4335,-1.3237632513046265
4336,-1.3243550062179565
4337,-1.298255443572998
4338,-1.31059730052948
4339,-1.322718620300293
4340,-1.312395453453064
4341,-1.3012819290161133
4342,-1.3180280923843384
4343,-1.3282299041748047
4344,-1.2883055210113525
4345,-1.3203613758087158
4346,-1.3119159936904907
4347,-1.341751217842102
4348,-1.3165034055709839
4349,-1.324009895324707
4350,-1.3062310218811035
4351,-1.3082125186920166
4352,-1.301975131034851
4353,-1.3006618022918701
4354,-1.2972153425216675
4355,-1.3000445365905762
4356,-1.2643518447875977
4357,-1.2435963153839111
4358,-1.3155354261398315
4359,-1.3229209184646606
4360,-1.324178695678711
4361,-1.335830807685852
4362,-1.2998532056808472
4363,-1.3203980922698975
4364,-1.308679461479187
4365,-1.3197546005249023
4366,-1.3190046548843384
4367,-1.297515630722046
4368,-1.294255256652832
4369,-1.2867511510849
4370,-1.3135641813278198
4371,-1.292411208152771
4372,-1.3304989337921143
4373,-1.2867636680603027
4374,-1.3212575912475586
4375,-1.318048357963562
4376,-1.309539794921875
4377,-1.3165080547332764
4378,-1.295189380645752
4379,-1.2914483547210693
4380,-1.3117148876190186
4381,-1.2958847284317017
4382,-1.3247941732406616
4383,-1.3165061473846436
4384,-1.2985303401947021
4385,-1.306954026222229
4386,-1.2958749532699585
4387,-1.3303184509277344
4388,-1.323073387145996
4389,-1.311007022857666
4390,-1.2887070178985596
4391,-1.3105424642562866
4392,-1.2882682085037231
4393,-1.3336536884307861
4394,-1.3221442699432373
4395,-1.298370599746704
4396,-1.3053709268569946
4397,-1.291330099105835
4398,-1.3284937143325806
4399,-1.2821366786956787
4400,-1.3121140003204346
4401,-1.3433444499969482
4402,-1.324199914932251
4403,-1.3338110446929932
4404,-1.3290143013000488
4405,-1.2856783866882324
4406,-1.2980387210845947
4407,-1.3380095958709717
4408,-1.3093600273132324
4409,-1.3030030727386475
4410,-1.3265122175216675
4411,-1.302098035812378
4412,-1.3303470611572266
4413,-1.3298934698104858
4414,-1.3186943531036377
4415,-1.3080974817276
4416,-1.3104479312896729
4417,-1.3107645511627197
4418,-1.2272332906723022
4419,-1.2958916425704956
4420,-1.300001859664917
4421,-1.293491005897522
4422,-1.319564700126648
4423,-1.2926454544067383
4424,-1.311913251876831
4425,-1.2987589836120605
4426,-1.3317536115646362
4427,-1.2868558168411255
4428,-1.3104298114776611
4429,-1.3154398202896118
4430,-1.3153764009475708
4431,-1.301918387413025
4432,-1.2764557600021362
4433,-1.2916202545166016
4434,-1.290492296218872
4435,-1.2886143922805786
4436,-1.305993676185608
4437,-1.3194204568862915
4438,-1.3091343641281128
4439,-1.3168234825134277
4440,-1.2787450551986694
4441,-1.3042055368423462
4442,-1.2980507612228394
4443,-1.2698743343353271
4444,-1.267026662826538
4445,-1.304884910583496
4446,-1.328161597251892
4447,-1.279763102531433
4448,-1.3352307081222534
4449,-1.3287849426269531
4450,-1.2943729162216187
4451,-1.3117283582687378
4452,-1.3089938163757324
4453,-1.3185641765594482
4454,-1.3084778785705566
4455,-1.2956809997558594
4456,-1.3131338357925415
4457,-1.3212881088256836
4458,-1.3183987140655518
4459,-1.300412893295288
4460,-1.32132089138031
4461,-1.3240249156951904
4462,-1.3079227209091187
4463,-1.3078479766845703
4464,-1.3204036951065063
4465,-1.330919861793518
4466,-1.2989863157272339
4467,-1.2932804822921753
4468,-1.3214995861053467
4469,-1.3202546834945679
4470,-1.311335563659668
4471,-1.2829077243804932
4472,-1.3095502853393555
4473,-1.309080958366394
4474,-1.3066128492355347
4475,-1.313815712928772
4476,-1.3123116493225098
4477,-1.3314586877822876
4478,-1.321201205253601
4479,-1.326906681060791
4480,-1.3321456909179688
4481,-1.317107915878296
4482,-1.3323915004730225
4483,-1.3101401329040527
4484,-1.32149076461792
4485,-1.3195406198501587
4486,-1.3030444383621216
4487,-1.322096586227417
4488,-1.3089420795440674
4489,-1.2844123840332031
4490,-1.3250441551208496
4491,-1.3201719522476196
4492,-1.3301799297332764
4493,-1.3022569417953491
4494,-1.2989323139190674
4495,-1.3196337223052979
4496,-1.3117594718933105
4497,-1.3165481090545654
4498,-1.3188101053237915
4499,-1.312415361404419
4500,-1.2992806434631348
4501,-1.313383936882019
4502,-1.3182966709136963
4503,-1.3132227659225464
4504,-1.3025166988372803
4505,-1.2894082069396973
4506,-1.295453667640686
4507,-1.282554268836975
4508,-1.2904561758041382
4509,-1.3039491176605225
4510,-1.309386134147644
4511,-1.3123667240142822
4512,-1.2869728803634644
4513,-1.319741129875183
4514,-1.2974857091903687
4515,-1.322892665863037
4516,-1.3292555809020996
4517,-1.280434012413025
4518,-1.2798845767974854
4519,-1.2941057682037354
4520,-1.3020445108413696
4521,-1.2722959518432617
4522,-1.3327887058258057
4523,-1.3104580640792847
4524,-1.2849692106246948
4525,-1.3314725160598755
4526,-1.3102411031723022
4527,-1.3107815980911255
4528,-1.3028876781463623
4529,-1.321732521057129
4530,-1.2978501319885254
4531,-1.3124369382858276
4532,-1.3311469554901123
4533,-1.3112354278564453
4534,-1.3129749298095703
4535,-1.3193724155426025
4536,-1.3151323795318604
4537,-1.3120964765548706
4538,-1.28958261013031
4539,-1.3306200504302979
4540,-1.3008756637573242
4541,-1.3394172191619873
4542,-1.3370203971862793
4543,-1.288364052772522
4544,-1.288258671760559
4545,-1.2842625379562378
4546,-1.3291943073272705
4547,-1.3074126243591309
4548,-1.2989482879638672
4549,-1.2996071577072144
4550,-1.328557014465332
4551,-1.3158153295516968
4552,-1.3305588960647583
4553,-1.2999582290649414
4554,-1.3314063549041748
4555,-1.3023388385772705
4556,-1.2950890064239502
4557,-1.3279412984848022
4558,-1.3280619382858276
4559,-1.3237794637680054
4560,-1.3063653707504272
4561,-1.3347221612930298
4562,-1.3038749694824219
4563,-1.3133479356765747
4564,-1.3304693698883057
4565,-1.3306500911712646
4566,-1.3191676139831543
4567,-1.3378338813781738
4568,-1.3205373287200928
4569,-1.2963926792144775
4570,-1.2854225635528564
4571,-1.3139320611953735
4572,-1.3287765979766846
4573,-1.3357552289962769
4574,-1.317805528640747
4575,-1.3213849067687988
4576,-1.2897071838378906
4577,-1.3416030406951904
4578,-1.3066917657852173
4579,-1.3146425485610962
4580,-1.3340206146240234
4581,-1.3318252563476562
4582,-1.2878071069717407
4583,-1.320977807044983
4584,-1.3061549663543701
4585,-1.3108032941818237
4586,-1.2303770780563354
4587,-1.3084477186203003
4588,-1.3035202026367188
4589,-1.3349295854568481
4590,-1.3120101690292358
4591,-1.3157875537872314
4592,-1.3325814008712769
4593,-1.3319119215011597
4594,-1.3191967010498047
4595,-1.332073450088501
4596,-1.3055528402328491
4597,-1.321401596069336
4598,-1.3173283338546753
4599,-1.319383978843689
4600,-1.3350536823272705
4601,-1.283685326576233
4602,-1.3118547201156616
4603,-1.3235375881195068
4604,-1.3423616886138916
4605,-1.333215355873108
4606,-1.2913334369659424
4607,-1.3041070699691772
4608,-1.3344261646270752
4609,-1.266804814338684
4610,-1.3120718002319336
4611,-1.302572250366211
4612,-1.3182218074798584
4613,-1.3403505086898804
4614,-1.3393815755844116
4615,-1.3282411098480225
4616,-1.3351085186004639
4617,-1.288606882095337
4618,-1.2926177978515625
4619,-1.288554072380066
4620,-1.3129165172576904
4621,-1.32938814163208
4622,-1.3461955785751343
4623,-1.3107540607452393
4624,-1.3184525966644287
4625,-1.3034489154815674
4626,-1.3199483156204224
4627,-1.3129874467849731
4628,-1.3001399040222168
4629,-1.3156594038009644
4630,-1.3012033700942993
4631,-1.2964895963668823
4632,-1.3209344148635864
4633,-1.316785216331482
4634,-1.317769169807434
4635,-1.2944278717041016
4636,-1.2994067668914795
4637,-1.314048409461975
4638,-1.2905067205429077
4639,-1.2891099452972412
4640,-1.333127737045288
4641,-1.3027031421661377
4642,-1.2947338819503784
4643,-1.303127408027649
4644,-1.3177356719970703
4645,-1.3049873113632202
4646,-1.3159832954406738
4647,-1.3025908470153809
4648,-1.3197932243347168
4649,-1.32857084274292
4650,-1.3245930671691895
4651,-1.305753231048584
4652,-1.3182419538497925
4653,-1.3379347324371338
4654,-1.323392629623413
4655,-1.3085649013519287
4656,-1.3316783905029297
4657,-1.328279733657837
4658,-1.301775574684143
4659,-1.3191783428192139
4660,-1.2925289869308472
4661,-1.3039642572402954
4662,-1.3089611530303955
4663,-1.3340880870819092
4664,-1.3239308595657349
4665,-1.3210082054138184
4666,-1.3108890056610107
4667,-1.3264925479888916
4668,-1.3183603286743164
4669,-1.329482078552246
4670,-1.3042484521865845
4671,-1.3187377452850342
4672,-1.3241665363311768
4673,-1.325257658958435
4674,-1.3292624950408936
4675,-1.296954870223999
4676,-1.3221421241760254
4677,-1.3293179273605347
4678,-1.3295130729675293
4679,-1.3254258632659912
4680,-1.2708145380020142
4681,-1.2936816215515137
4682,-1.3324077129364014
4683,-1.3097600936889648
4684,-1.318190574645996
4685,-1.3162647485733032
4686,-1.300567626953125
4687,-1.3247538805007935
4688,-1.3133341073989868
4689,-1.3325334787368774
4690,-1.338065505027771
4691,-1.3240264654159546
4692,-1.307106852531433
4693,-1.3155103921890259
4694,-1.3367714881896973
4695,-1.3067349195480347
4696,-1.327618956565857
4697,-1.3274174928665161
4698,-1.304426670074463
4699,-1.3256351947784424
4700,-1.2992620468139648
4701,-1.3329946994781494
4702,-1.3131872415542603
4703,-1.3259515762329102
4704,-1.3010138273239136
4705,-1.3069705963134766
4706,-1.305593490600586
4707,-1.3162331581115723
4708,-1.334303379058838
4709,-1.315942645072937
4710,-1.2791715860366821
4711,-1.3375413417816162
4712,-1.3000519275665283
4713,-1.326338529586792
4714,-1.3164386749267578
4715,-1.2963900566101074
4716,-1.3145623207092285
4717,-1.3168162107467651
4718,-1.2887818813323975
4719,-1.3066837787628174
4720,-1.3277716636657715
4721,-1.333890676498413
4722,-1.305090308189392
4723,-1.3434919118881226
4724,-1.2623331546783447
4725,-1.3169336318969727
4726,-1.3295128345489502
4727,-1.3358120918273926
4728,-1.3339446783065796
4729,-1.3186898231506348
4730,-1.336751937866211
4731,-1.3196338415145874
4732,-1.300708532333374
4733,-1.3133125305175781
4734,-1.3150676488876343
4735,-1.3260587453842163
4736,-1.2838284969329834
4737,-1.3267478942871094
4738,-1.31515634059906
4739,-1.3343372344970703
4740,-1.2883470058441162
4741,-1.2893526554107666
4742,-1.334188461303711
4743,-1.3042752742767334
4744,-1.3439652919769287
4745,-1.3259577751159668
4746,-1.3274154663085938
4747,-1.3214048147201538
4748,-1.2809746265411377
4749,-1.3134899139404297
4750,-1.3070240020751953
4751,-1.3289425373077393
4752,-1.3246986865997314
4753,-1.313149333000183
4754,-1.321445107460022
4755,-1.2887545824050903
4756,-1.3106895685195923
4757,-1.3320256471633911
4758,-1.3047494888305664
4759,-1.29856276512146
4760,-1.3297934532165527
4761,-1.3302468061447144
4762,-1.3324096202850342
4763,-1.3250216245651245
4764,-1.3297322988510132
4765,-1.3398436307907104
4766,-1.2934938669204712
4767,-1.3347094058990479
4768,-1.306443691253662
4769,-1.3162627220153809
4770,-1.322623372077942
4771,-1.3168567419052124
4772,-1.3274118900299072
4773,-1.3034042119979858
4774,-1.3295823335647583
4775,-1.316807746887207
4776,-1.3254616260528564
4777,-1.3374545574188232
4778,-1.3325698375701904
4779,-1.3026986122131348
4780,-1.3174971342086792
4781,-1.3445425033569336
4782,-1.295147180557251
4783,-1.3329987525939941
4784,-1.309478759765625
4785,-1.326759934425354
4786,-1.3060085773468018
4787,-1.3288421630859375
4788,-1.3318971395492554
4789,-1.3175406455993652
4790,-1.3317887783050537
4791,-1.2646760940551758
4792,-1.3142188787460327
4793,-1.3316333293914795
4794,-1.299259066581726
4795,-1.3309338092803955
4796,-1.2878820896148682
4797,-1.2946895360946655
4798,-1.2641379833221436
4799,-1.3109121322631836
4800,-1.3182677030563354
4801,-1.3274383544921875
4802,-1.3300997018814087
4803,-1.329524040222168
4804,-1.330183506011963
4805,-1.2994219064712524
4806,-1.2901597023010254
4807,-1.3179277181625366
4808,-1.2943300008773804
4809,-1.282856822013855
4810,-1.3026916980743408
4811,-1.3106238842010498
4812,-1.3198225498199463
4813,-1.3373521566390991
4814,-1.3199571371078491
4815,-1.3182495832443237
4816,-1.315345048904419
4817,-1.314435362815857
4818,-1.311018943786621
4819,-1.3154064416885376
4820,-1.311429500579834
4821,-1.308742880821228
4822,-1.3255258798599243
4823,-1.304193377494812
4824,-1.3100422620773315
4825,-1.3174335956573486
4826,-1.3026646375656128
4827,-1.3377196788787842
4828,-1.329524278640747
4829,-1.3189465999603271
4830,-1.2809113264083862
4831,-1.3420627117156982
4832,-1.3262361288070679
4833,-1.3179532289505005
4834,-1.3484939336776733
4835,-1.322669267654419
4836,-1.2951685190200806
4837,-1.3223183155059814
4838,-1.3373832702636719
4839,-1.327988862991333
4840,-1.3175938129425049
4841,-1.3201342821121216
4842,-1.3209773302078247
4843,-1.3354943990707397
4844,-1.338039755821228
4845,-1.314813256263733
4846,-1.308326244354248
4847,-1.324576735496521
4848,-1.312396764755249
4849,-1.3324273824691772
4850,-1.3401213884353638
4851,-1.3294771909713745
4852,-1.3019717931747437
4853,-1.3121024370193481
4854,-1.3181424140930176
4855,-1.3279176950454712
4856,-1.3343372344970703
4857,-1.3262453079223633
4858,-1.3293321132659912
4859,-1.3061896562576294
4860,-1.29939866065979
4861,-1.3084863424301147
4862,-1.293993353843689
4863,-1.334058165550232
4864,-1.318924069404602
4865,-1.3376741409301758
4866,-1.3095523118972778
4867,-1.3008846044540405
4868,-1.290440559387207
4869,-1.3272799253463745
4870,-1.3377091884613037
4871,-1.3289759159088135
4872,-1.290224552154541
4873,-1.3489158153533936
4874,-1.3110297918319702
4875,-1.3352282047271729
4876,-1.323947787284851
4877,-1.2787604331970215
4878,-1.3405077457427979
4879,-1.3422863483428955
4880,-1.3335633277893066
4881,-1.3199758529663086
4882,-1.3463469743728638
4883,-1.3331971168518066
4884,-1.3302230834960938
4885,-1.3257180452346802
4886,-1.2905160188674927
4887,-1.322401523590088
4888,-1.3173469305038452
4889,-1.3071926832199097
4890,-1.3335329294204712
4891,-1.3443512916564941
4892,-1.3270947933197021
4893,-1.2935988903045654
4894,-1.3265641927719116
4895,-1.2899494171142578
4896,-1.3218538761138916
4897,-1.332895040512085
4898,-1.3155066967010498
4899,-1.3227776288986206
4900,-1.3321280479431152
4901,-1.3362946510314941
4902,-1.301238775253296
4903,-1.330484390258789
4904,-1.32974112033844
4905,-1.2870051860809326
4906,-1.3302732706069946
4907,-1.3384594917297363
4908,-1.2919119596481323
4909,-1.3464821577072144
4910,-1.3155707120895386
4911,-1.320681095123291
4912,-1.2835500240325928
4913,-1.282355546951294
4914,-1.3358933925628662
4915,-1.3329896926879883
4916,-1.3334540128707886
4917,-1.332187533378601
4918,-1.3215981721878052
4919,-1.2810492515563965
4920,-1.3368196487426758
4921,-1.3160358667373657
4922,-1.3454694747924805
4923,-1.3160672187805176
4924,-1.3170632123947144
4925,-1.296984076499939
4926,-1.3237030506134033
4927,-1.3272796869277954
4928,-1.3281811475753784
4929,-1.3209103345870972
4930,-1.3075873851776123
4931,-1.3137940168380737
4932,-1.2657244205474854
4933,-1.3027247190475464
4934,-1.3078941106796265
4935,-1.3034191131591797
4936,-1.3169277906417847
4937,-1.2756388187408447
4938,-1.334646463394165
4939,-1.33584463596344
4940,-1.285857915878296
4941,-1.3177157640457153
4942,-1.331758975982666
4943,-1.3253939151763916
4944,-1.3206942081451416
4945,-1.2990652322769165
4946,-1.3372052907943726
4947,-1.314528226852417
4948,-1.3141573667526245
4949,-1.313324213027954
4950,-1.321070671081543
4951,-1.3121376037597656
4952,-1.3112879991531372
4953,-1.307071328163147
4954,-1.3210917711257935
4955,-1.3393112421035767
4956,-1.3198426961898804
4957,-1.3324923515319824
4958,-1.3108001947402954
4959,-1.3395957946777344
4960,-1.3257924318313599
4961,-1.336115837097168
4962,-1.3182004690170288
4963,-1.316285252571106
4964,-1.336059808731079
4965,-1.335569143295288
4966,-1.3117917776107788
4967,-1.3267261981964111
4968,-1.3254474401474
4969,-1.3375928401947021
4970,-1.3243876695632935
4971,-1.3120895624160767
4972,-1.3208799362182617
4973,-1.335979700088501
4974,-1.3353334665298462
4975,-1.338354468345642
4976,-1.3476593494415283
4977,-1.3055094480514526
4978,-1.3212685585021973
4979,-1.3086599111557007
4980,-1.3214967250823975
4981,-1.339879035949707
4982,-1.303834080696106
4983,-1.3275922536849976
4984,-1.3216900825500488
4985,-1.3220503330230713
4986,-1.3005472421646118
4987,-1.3325717449188232
4988,-1.2997304201126099
4989,-1.3324947357177734
4990,-1.325695276260376
4991,-1.3254013061523438
4992,-1.2949355840682983
4993,-1.3410580158233643
4994,-1.3417301177978516
4995,-1.3107056617736816
4996,-1.3312487602233887
4997,-1.343959093093872
4998,-1.3374820947647095
4999,-1.3404037952423096
5000,-1.316910743713379
5001,-1.3220094442367554
5002,-1.3261584043502808
5003,-1.3204381465911865
5004,-1.3168429136276245
5005,-1.3174231052398682
5006,-1.2997362613677979
5007,-1.3304866552352905
5008,-1.3267513513565063
5009,-1.3162086009979248
5010,-1.317198634147644
5011,-1.302579641342163
5012,-1.3359594345092773
5013,-1.3131775856018066
5014,-1.3431440591812134
5015,-1.3170616626739502
5016,-1.2737150192260742
5017,-1.3331795930862427
5018,-1.3037480115890503
5019,-1.314574122428894
5020,-1.317209005355835
5021,-1.314352035522461
5022,-1.3384525775909424
5023,-1.341139793395996
5024,-1.3356059789657593
5025,-1.2863128185272217
5026,-1.297053575515747
5027,-1.3252123594284058
5028,-1.3384038209915161
5029,-1.2864729166030884
5030,-1.3185192346572876
5031,-1.3187837600708008
5032,-1.3368971347808838
5033,-1.32350492477417
5034,-1.3270467519760132
5035,-1.3208026885986328
5036,-1.302552342414856
5037,-1.331028938293457
5038,-1.3140666484832764
5039,-1.311230182647705
5040,-1.2847940921783447
5041,-1.307360053062439
5042,-1.2976391315460205
5043,-1.3202548027038574
5044,-1.3222817182540894
5045,-1.3268208503723145
5046,-1.2884325981140137
5047,-1.353249430656433
5048,-1.3217272758483887
5049,-1.319854736328125
5050,-1.3147233724594116
5051,-1.321850061416626
5052,-1.3227936029434204
5053,-1.3116660118103027
5054,-1.3095431327819824
5055,-1.3421201705932617
5056,-1.3047921657562256
5057,-1.343875527381897
5058,-1.3301914930343628
5059,-1.3254669904708862
5060,-1.3345232009887695
5061,-1.2826340198516846
5062,-1.3322745561599731
5063,-1.3426601886749268
5064,-1.3323938846588135
5065,-1.3360360860824585
5066,-1.328942894935608
5067,-1.3418084383010864
5068,-1.3208122253417969
5069,-1.3344365358352661
5070,-1.315537929534912
5071,-1.341328501701355
5072,-1.3189383745193481
5073,-1.3319625854492188
5074,-1.3453218936920166
5075,-1.3147735595703125
5076,-1.3393018245697021
5077,-1.3339848518371582
5078,-1.2861111164093018
5079,-1.3346208333969116
5080,-1.2895443439483643
5081,-1.321986436843872
5082,-1.3189165592193604
5083,-1.318978190422058
5084,-1.3372882604599
5085,-1.3334659337997437
5086,-1.323020577430725
5087,-1.320053219795227
5088,-1.3210513591766357
5089,-1.3108700513839722
5090,-1.3361051082611084
5091,-1.3194183111190796
5092,-1.31300687789917
5093,-1.2973790168762207
5094,-1.291399598121643
5095,-1.3043937683105469
5096,-1.3283023834228516
5097,-1.337134599685669
5098,-1.3187811374664307
5099,-1.3217172622680664
5100,-1.3295254707336426
5101,-1.3205832242965698
5102,-1.309611201286316
5103,-1.3114955425262451
5104,-1.33878493309021
5105,-1.325923204421997
5106,-1.3399989604949951
5107,-1.297003984451294
5108,-1.3278121948242188
5109,-1.2858970165252686
5110,-1.3225877285003662
5111,-1.3256735801696777
5112,-1.3347247838974
5113,-1.3147889375686646
5114,-1.342221975326538
5115,-1.3304016590118408
5116,-1.3045660257339478
5117,-1.3153390884399414
5118,-1.336287260055542
5119,-1.3276472091674805
5120,-1.3185396194458008
5121,-1.3157309293746948
5122,-1.3012858629226685
5123,-1.3206050395965576
5124,-1.3402458429336548
5125,-1.306621789932251
5126,-1.309578776359558
5127,-1.3315919637680054
5128,-1.3254549503326416
5129,-1.3349040746688843
5130,-1.3244178295135498
5131,-1.3404734134674072
5132,-1.3241546154022217
5133,-1.3262200355529785
5134,-1.3104794025421143
5135,-1.3381656408309937
5136,-1.3331743478775024
5137,-1.3328484296798706
5138,-1.344151496887207
5139,-1.3164455890655518
5140,-1.3575992584228516
5141,-1.3279783725738525
5142,-1.3164619207382202
5143,-1.3420703411102295
5144,-1.3275740146636963
5145,-1.327756404876709
5146,-1.3462532758712769
5147,-1.3440383672714233
5148,-1.3279422521591187
5149,-1.3230743408203125
5150,-1.3403022289276123
5151,-1.3174362182617188
5152,-1.3363549709320068
5153,-1.3331482410430908
5154,-1.33815598487854
5155,-1.3318063020706177
5156,-1.3271821737289429
5157,-1.322161316871643
5158,-1.3120653629302979
5159,-1.3316152095794678
5160,-1.3203651905059814
5161,-1.3484184741973877
5162,-1.3206064701080322
5163,-1.3349401950836182
5164,-1.2999658584594727
5165,-1.3462419509887695
5166,-1.3380546569824219
5167,-1.291614294052124
5168,-1.3252596855163574
5169,-1.3420681953430176
5170,-1.3253827095031738
5171,-1.339864730834961
5172,-1.3418668508529663
5173,-1.3290300369262695
5174,-1.3411569595336914
5175,-1.311167597770691
5176,-1.3033301830291748
5177,-1.3417264223098755
5178,-1.327527403831482
5179,-1.3242663145065308
5180,-1.3364992141723633
5181,-1.3193809986114502
5182,-1.3403228521347046
5183,-1.3167835474014282
5184,-1.3449664115905762
5185,-1.318966269493103
5186,-1.3209748268127441
5187,-1.3374857902526855
5188,-1.31467866897583
5189,-1.318734049797058
5190,-1.3235359191894531
5191,-1.3266842365264893
5192,-1.346759557723999
5193,-1.3280794620513916
5194,-1.3319270610809326
5195,-1.3258371353149414
5196,-1.3284679651260376
5197,-1.3315608501434326
5198,-1.3210681676864624
5199,-1.3183903694152832
5200,-1.3244184255599976
5201,-1.3316841125488281
5202,-1.3210006952285767
5203,-1.3312522172927856
5204,-1.3000646829605103
5205,-1.321650505065918
5206,-1.316981554031372
5207,-1.3110398054122925
5208,-1.3398044109344482
5209,-1.3451255559921265
5210,-1.3282629251480103
5211,-1.3129112720489502
5212,-1.3250603675842285
5213,-1.3156099319458008
5214,-1.3176082372665405
5215,-1.3346704244613647
5216,-1.3165704011917114
5217,-1.3399585485458374
5218,-1.3236126899719238
5219,-1.3090230226516724
5220,-1.3162678480148315
5221,-1.3200247287750244
5222,-1.320183277130127
5223,-1.3394415378570557
5224,-1.321684718132019
5225,-1.3347630500793457
5226,-1.329558253288269
5227,-1.3152282238006592
5228,-1.3397905826568604
5229,-1.3340950012207031
5230,-1.3354073762893677
5231,-1.3352220058441162
5232,-1.3225706815719604
5233,-1.3225265741348267
5234,-1.336617350578308
5235,-1.3264446258544922
5236,-1.3360512256622314
5237,-1.3222031593322754
5238,-1.324453592300415
5239,-1.3403511047363281
5240,-1.3330730199813843
5241,-1.316827416419983
5242,-1.348747968673706
5243,-1.3255715370178223
5244,-1.3112373352050781
5245,-1.30417001247406
5246,-1.323379397392273
5247,-1.314379096031189
5248,-1.301800012588501
5249,-1.3355588912963867
5250,-1.31209135055542
5251,-1.3191007375717163
5252,-1.3226594924926758
5253,-1.3299903869628906
5254,-1.3055331707000732
5255,-1.3360525369644165
5256,-1.3236743211746216
5257,-1.3118724822998047
5258,-1.3158584833145142
5259,-1.3237528800964355
5260,-1.3177540302276611
5261,-1.3498005867004395
5262,-1.299172043800354
5263,-1.3404150009155273
5264,-1.3225888013839722
5265,-1.3403229713439941
5266,-1.3119615316390991
5267,-1.3067421913146973
5268,-1.3283735513687134
5269,-1.3314851522445679
5270,-1.341416358947754
5271,-1.3160462379455566
5272,-1.3333147764205933
5273,-1.343571424484253
5274,-1.329567790031433
5275,-1.334671974182129
5276,-1.3489656448364258
5277,-1.3275941610336304
5278,-1.3290767669677734
5279,-1.346700668334961
5280,-1.3066691160202026
5281,-1.3410685062408447
5282,-1.311608910560608
5283,-1.3246443271636963
5284,-1.3178918361663818
5285,-1.329306960105896
5286,-1.3160061836242676
5287,-1.3330574035644531
5288,-1.3189469575881958
5289,-1.3449552059173584
5290,-1.3403958082199097
5291,-1.3492159843444824
5292,-1.273436188697815
5293,-1.3253636360168457
5294,-1.327974557876587
5295,-1.3085174560546875
5296,-1.3218917846679688
5297,-1.3054763078689575
5298,-1.3430994749069214
5299,-1.3284350633621216
5300,-1.3114060163497925
5301,-1.3379645347595215
5302,-1.2976534366607666
5303,-1.3268415927886963
5304,-1.3351138830184937
5305,-1.339472770690918
5306,-1.336642861366272
5307,-1.3256938457489014
5308,-1.3330135345458984
5309,-1.325269341468811
5310,-1.3374443054199219
5311,-1.338435173034668
5312,-1.308619737625122
5313,-1.322554111480713
5314,-1.334851622581482
5315,-1.3374435901641846
5316,-1.329681634902954
5317,-1.33600652217865
5318,-1.3089451789855957
5319,-1.3403104543685913
5320,-1.3186225891113281
5321,-1.3275054693222046
5322,-1.3172324895858765
5323,-1.339178442955017
5324,-1.345491886138916
5325,-1.3337554931640625
5326,-1.3327746391296387
5327,-1.3294018507003784
5328,-1.3269988298416138
5329,-1.336948275566101
5330,-1.3394975662231445
5331,-1.34347665309906
5332,-1.3360280990600586
5333,-1.3181157112121582
5334,-1.3210151195526123
5335,-1.3414472341537476
5336,-1.314509630203247
5337,-1.3099905252456665
5338,-1.2942965030670166
5339,-1.3382694721221924
5340,-1.3270094394683838
5341,-1.308701515197754
5342,-1.3412971496582031
5343,-1.3148748874664307
5344,-1.3302284479141235
5345,-1.3325203657150269
5346,-1.3405259847640991
5347,-1.3167492151260376
5348,-1.331639289855957
5349,-1.32574462890625
5350,-1.332316517829895
5351,-1.3326698541641235
5352,-1.2970203161239624
5353,-1.3224973678588867
5354,-1.3332698345184326
5355,-1.3264471292495728
5356,-1.3424042463302612
5357,-1.30254328250885
5358,-1.3285213708877563
5359,-1.3329181671142578
5360,-1.3332773447036743
5361,-1.3397216796875
5362,-1.342404842376709
5363,-1.3363165855407715
5364,-1.3200241327285767
5365,-1.3428459167480469
5366,-1.3111953735351562
5367,-1.330682635307312
5368,-1.3376994132995605
5369,-1.3173075914382935
5370,-1.3155267238616943
5371,-1.325050711631775
5372,-1.3151226043701172
5373,-1.3227516412734985
5374,-1.326843023300171
5375,-1.30736243724823
5376,-1.3201515674591064
5377,-1.3399196863174438
5378,-1.3371787071228027
5379,-1.3069090843200684
5380,-1.3431439399719238
5381,-1.3128204345703125
5382,-1.3036386966705322
5383,-1.3171685934066772
5384,-1.3282301425933838
5385,-1.342941164970398
5386,-1.3288066387176514
5387,-1.3197003602981567
5388,-1.336321234703064
5389,-1.3392540216445923
5390,-1.3343899250030518
5391,-1.34419846534729
5392,-1.3342807292938232
5393,-1.350078821182251
5394,-1.3344849348068237
5395,-1.330828070640564
5396,-1.3386778831481934
5397,-1.323106050491333
5398,-1.334795594215393
5399,-1.3252876996994019
5400,-1.3039579391479492
5401,-1.3326666355133057
5402,-1.3099111318588257
5403,-1.3378870487213135
5404,-1.310383915901184
5405,-1.320216178894043
5406,-1.3281099796295166
5407,-1.3425077199935913
5408,-1.3346426486968994
5409,-1.3422939777374268
5410,-1.3256690502166748
5411,-1.325423002243042
5412,-1.343713641166687
5413,-1.3313957452774048
5414,-1.3419444561004639
5415,-1.3298438787460327
5416,-1.3164663314819336
5417,-1.33405339717865
5418,-1.3365232944488525
5419,-1.3284705877304077
5420,-1.340585470199585
5421,-1.3343095779418945
5422,-1.3197920322418213
5423,-1.3323105573654175
5424,-1.329736590385437
5425,-1.3357120752334595
5426,-1.326303243637085
5427,-1.3313394784927368
5428,-1.3363031148910522
5429,-1.3343219757080078
5430,-1.3281170129776
5431,-1.3421472311019897
5432,-1.3284316062927246
5433,-1.3402167558670044
5434,-1.3196744918823242
5435,-1.3351786136627197
5436,-1.3001285791397095
5437,-1.332131028175354
5438,-1.3141568899154663
5439,-1.3162463903427124
5440,-1.3214662075042725
5441,-1.3296175003051758
5442,-1.3129088878631592
5443,-1.329996943473816
5444,-1.3340275287628174
5445,-1.3380213975906372
5446,-1.3307676315307617
5447,-1.331735610961914
5448,-1.3090132474899292
5449,-1.3207404613494873
5450,-1.338671088218689
5451,-1.331861138343811
5452,-1.336958646774292
5453,-1.3177931308746338
5454,-1.315536618232727
5455,-1.3082642555236816
5456,-1.311380386352539
5457,-1.3571275472640991
5458,-1.327109932899475
5459,-1.3451029062271118
5460,-1.330805778503418
5461,-1.3234500885009766
5462,-1.3475086688995361
5463,-1.3345072269439697
5464,-1.3336906433105469
5465,-1.3320083618164062
5466,-1.3346550464630127
5467,-1.333315134048462
5468,-1.340189814567566
5469,-1.3329317569732666
5470,-1.3512792587280273
5471,-1.3445510864257812
5472,-1.3138504028320312
5473,-1.3404678106307983
5474,-1.34174382686615
5475,-1.3260612487792969
5476,-1.334623098373413
5477,-1.331851840019226
5478,-1.3335435390472412
5479,-1.3322457075119019
5480,-1.3372207880020142
5481,-1.3276350498199463
5482,-1.2965645790100098
5483,-1.3421416282653809
5484,-1.3215738534927368
5485,-1.337392807006836
5486,-1.3376011848449707
5487,-1.3473715782165527
5488,-1.330474615097046
5489,-1.3204330205917358
5490,-1.3345985412597656
5491,-1.3298814296722412
5492,-1.3397831916809082
5493,-1.319792628288269
5494,-1.3291364908218384
5495,-1.3241575956344604
5496,-1.3286974430084229
5497,-1.3119897842407227
5498,-1.3028790950775146
5499,-1.3107213973999023
5500,-1.3328779935836792
5501,-1.3287084102630615
5502,-1.3315296173095703
5503,-1.3128544092178345
5504,-1.3366007804870605
5505,-1.3280596733093262
5506,-1.3337948322296143
5507,-1.3394941091537476
5508,-1.338250756263733
5509,-1.326888084411621
5510,-1.3205031156539917
5511,-1.3335109949111938
5512,-1.3010355234146118
5513,-1.3412504196166992
5514,-1.3376458883285522
5515,-1.3252910375595093
5516,-1.3491686582565308
5517,-1.3332475423812866
5518,-1.331074595451355
5519,-1.3191180229187012
5520,-1.3302925825119019
5521,-1.324249267578125
5522,-1.3108112812042236
5523,-1.3271782398223877
5524,-1.316835880279541
5525,-1.328385829925537
5526,-1.346517562866211
5527,-1.3250840902328491
5528,-1.3352091312408447
5529,-1.3441129922866821
5530,-1.3326797485351562
5531,-1.3173459768295288
5532,-1.331221342086792
5533,-1.3145966529846191
5534,-1.315356731414795
5535,-1.33456289768219
5536,-1.3261678218841553
5537,-1.3371407985687256
5538,-1.3210158348083496
5539,-1.3264747858047485
5540,-1.335873007774353
5541,-1.3188562393188477
5542,-1.338489055633545
5543,-1.3329036235809326
5544,-1.34304678440094
5545,-1.3128834962844849
5546,-1.3077707290649414
5547,-1.335045576095581
5548,-1.2921757698059082
5549,-1.310457706451416
5550,-1.3253448009490967
5551,-1.2926748991012573
5552,-1.3166675567626953
5553,-1.3038643598556519
5554,-1.301913857460022
5555,-1.3475341796875
5556,-1.316928744316101
5557,-1.316789984703064
5558,-1.3253368139266968
5559,-1.3356683254241943
5560,-1.324636459350586
5561,-1.284967064857483
5562,-1.3384945392608643
5563,-1.314829707145691
5564,-1.3183825016021729
5565,-1.3287969827651978
5566,-1.3443940877914429
5567,-1.3047480583190918
5568,-1.3214085102081299
5569,-1.329231858253479
5570,-1.3393827676773071
5571,-1.3407608270645142
5572,-1.3173855543136597
5573,-1.3129079341888428
5574,-1.3166728019714355
5575,-1.3372997045516968
5576,-1.3383915424346924
5577,-1.3023103475570679
5578,-1.3324087858200073
5579,-1.3336265087127686
5580,-1.3245899677276611
5581,-1.3341453075408936
5582,-1.3446426391601562
5583,-1.3459964990615845
5584,-1.3359194993972778
5585,-1.3287498950958252
5586,-1.3325016498565674
5587,-1.3266539573669434
5588,-1.3207685947418213
5589,-1.3286675214767456
5590,-1.30927312374115
5591,-1.3380540609359741
5592,-1.3200286626815796
5593,-1.3298128843307495
5594,-1.3222137689590454
5595,-1.3200783729553223
5596,-1.3467473983764648
5597,-1.360536813735962
5598,-1.326686143875122
5599,-1.328770399093628
5600,-1.3354182243347168
5601,-1.316791296005249
5602,-1.3508981466293335
5603,-1.339591145515442
5604,-1.3294103145599365
5605,-1.3473689556121826
5606,-1.3369852304458618
5607,-1.341920256614685
5608,-1.3446426391601562
5609,-1.3063228130340576
5610,-1.3269729614257812
5611,-1.3288236856460571
5612,-1.3486101627349854
5613,-1.3322808742523193
5614,-1.349299430847168
5615,-1.322777509689331
5616,-1.3409957885742188
5617,-1.3350919485092163
5618,-1.3466451168060303
5619,-1.331506609916687
5620,-1.3429391384124756
5621,-1.3399600982666016
5622,-1.3313432931900024
5623,-1.340116262435913
5624,-1.3311834335327148
5625,-1.3396265506744385
5626,-1.3250904083251953
5627,-1.3317716121673584
5628,-1.326093077659607
5629,-1.3431298732757568
5630,-1.3278967142105103
5631,-1.3317618370056152
5632,-1.325079321861267
5633,-1.3265116214752197
5634,-1.3320863246917725
5635,-1.3133113384246826
5636,-1.2927050590515137
5637,-1.3230277299880981
5638,-1.322819471359253
5639,-1.3333139419555664
5640,-1.3313225507736206
5641,-1.330708384513855
5642,-1.3471636772155762
5643,-1.349071741104126
5644,-1.3205572366714478
5645,-1.3403980731964111
5646,-1.3330323696136475
5647,-1.3279564380645752
5648,-1.3368608951568604
5649,-1.3253908157348633
5650,-1.3318151235580444
5651,-1.3241065740585327
5652,-1.3280385732650757
5653,-1.3348922729492188
5654,-1.330815315246582
5655,-1.34281325340271
5656,-1.3377437591552734
5657,-1.3304784297943115
5658,-1.3388811349868774
5659,-1.3496900796890259
5660,-1.3253231048583984
5661,-1.3230526447296143
5662,-1.3481706380844116
5663,-1.3162178993225098
5664,-1.33966064453125
5665,-1.3390240669250488
5666,-1.3465707302093506
5667,-1.3312972784042358
5668,-1.3439723253250122
5669,-1.3324068784713745
5670,-1.3429851531982422
5671,-1.3340141773223877
5672,-1.3326945304870605
5673,-1.3297054767608643
5674,-1.3431408405303955
5675,-1.3398265838623047
5676,-1.3412818908691406
5677,-1.3421179056167603
5678,-1.3331449031829834
5679,-1.3388217687606812
5680,-1.3427850008010864
5681,-1.3274768590927124
5682,-1.3389800786972046
5683,-1.3313398361206055
5684,-1.3444290161132812
5685,-1.3514434099197388
5686,-1.3340128660202026
5687,-1.3176145553588867
5688,-1.3370048999786377
5689,-1.331621527671814
5690,-1.341658115386963
5691,-1.3394761085510254
5692,-1.3318525552749634
5693,-1.3084100484848022
5694,-1.3346686363220215
5695,-1.3437268733978271
5696,-1.343033790588379
5697,-1.3186901807785034
5698,-1.3256152868270874
5699,-1.3352563381195068
5700,-1.3324544429779053
5701,-1.333837628364563
5702,-1.3318191766738892
5703,-1.3490043878555298
5704,-1.3211514949798584
5705,-1.327385425567627
5706,-1.3379136323928833
5707,-1.3279211521148682
5708,-1.3489675521850586
5709,-1.3254932165145874
5710,-1.3434627056121826
5711,-1.3360563516616821
5712,-1.308048963546753
5713,-1.3234515190124512
5714,-1.3222050666809082
5715,-1.350022315979004
5716,-1.3346059322357178
5717,-1.335080862045288
5718,-1.3234061002731323
5719,-1.33648681640625
5720,-1.3376667499542236
5721,-1.3265022039413452
5722,-1.3217896223068237
5723,-1.3487967252731323
5724,-1.3198602199554443
5725,-1.3066177368164062
5726,-1.3200205564498901
5727,-1.3190571069717407
5728,-1.3325941562652588
5729,-1.3412902355194092
5730,-1.3304730653762817
5731,-1.335076093673706
5732,-1.3466596603393555
5733,-1.3296949863433838
5734,-1.3268362283706665
5735,-1.3373806476593018
5736,-1.3189232349395752
5737,-1.3360871076583862
5738,-1.325755000114441
5739,-1.3357890844345093
5740,-1.3295716047286987
5741,-1.3409767150878906
5742,-1.337930679321289
5743,-1.3256847858428955
5744,-1.3310219049453735
5745,-1.344275712966919
5746,-1.3451876640319824
5747,-1.3266754150390625
5748,-1.3472952842712402
5749,-1.351586103439331
5750,-1.3413710594177246
5751,-1.3390040397644043
5752,-1.3334264755249023
5753,-1.3463515043258667
5754,-1.3449419736862183
5755,-1.3382993936538696
5756,-1.3404566049575806
5757,-1.3314263820648193
5758,-1.3469758033752441
5759,-1.3265429735183716
5760,-1.322530746459961
5761,-1.3400226831436157
5762,-1.3101590871810913
5763,-1.3133916854858398
5764,-1.3208518028259277
5765,-1.3336740732192993
5766,-1.3343874216079712
5767,-1.3114197254180908
5768,-1.3490042686462402
5769,-1.3293477296829224
5770,-1.3323007822036743
5771,-1.3304202556610107
5772,-1.3342150449752808
5773,-1.3319201469421387
5774,-1.3335745334625244
5775,-1.319132685661316
5776,-1.3401228189468384
5777,-1.3258970975875854
5778,-1.3269165754318237
5779,-1.3468148708343506
5780,-1.3299336433410645
5781,-1.339608907699585
5782,-1.3046793937683105
5783,-1.311617136001587
5784,-1.305512547492981
5785,-1.330597162246704
5786,-1.3357644081115723
5787,-1.3072900772094727
5788,-1.3263661861419678
5789,-1.3307493925094604
5790,-1.3164284229278564
5791,-1.3423223495483398
5792,-1.3199148178100586
5793,-1.3508650064468384
5794,-1.336998462677002
5795,-1.3103750944137573
5796,-1.3307923078536987
5797,-1.344260573387146
5798,-1.3467336893081665
5799,-1.342881441116333
5800,-1.3255363702774048
5801,-1.339303970336914
5802,-1.3354679346084595
5803,-1.3403178453445435
5804,-1.3434864282608032
5805,-1.3377851247787476
5806,-1.3424674272537231
5807,-1.345534324645996
5808,-1.3426470756530762
5809,-1.3441181182861328
5810,-1.3293951749801636
5811,-1.3219332695007324
5812,-1.323496699333191
5813,-1.3086881637573242
5814,-1.340151071548462
5815,-1.3115406036376953
5816,-1.31674325466156
5817,-1.297518253326416
5818,-1.3343651294708252
5819,-1.3297466039657593
5820,-1.3042901754379272
5821,-1.3399142026901245
5822,-1.322040319442749
5823,-1.3225066661834717
5824,-1.341118574142456
5825,-1.334424376487732
5826,-1.308451533317566
5827,-1.3450497388839722
5828,-1.3206233978271484
5829,-1.3344736099243164
5830,-1.3453658819198608
5831,-1.3271764516830444
5832,-1.3438012599945068
5833,-1.3313000202178955
5834,-1.2943036556243896
5835,-1.3246837854385376
5836,-1.3265432119369507
5837,-1.3190083503723145
5838,-1.2914413213729858
5839,-1.3407337665557861
5840,-1.3295509815216064
5841,-1.3553948402404785
5842,-1.3357431888580322
5843,-1.3279778957366943
5844,-1.33626389503479
5845,-1.3395012617111206
5846,-1.3552370071411133
5847,-1.3457505702972412
5848,-1.3450672626495361
5849,-1.3330557346343994
5850,-1.350886344909668
5851,-1.3541507720947266
5852,-1.3288383483886719
5853,-1.3171815872192383
5854,-1.3276909589767456
5855,-1.3148348331451416
5856,-1.3292508125305176
5857,-1.334924340248108
5858,-1.3298134803771973
5859,-1.3418176174163818
5860,-1.3266005516052246
5861,-1.3312410116195679
5862,-1.3392750024795532
5863,-1.3301585912704468
5864,-1.3130605220794678
5865,-1.320043921470642
5866,-1.331126093864441
5867,-1.3490633964538574
5868,-1.3323800563812256
5869,-1.3171836137771606
5870,-1.3458459377288818
5871,-1.3269354104995728
5872,-1.329947590827942
5873,-1.3286161422729492
5874,-1.2904033660888672
5875,-1.3435661792755127
5876,-1.333301305770874
5877,-1.3227088451385498
5878,-1.3360350131988525
5879,-1.3396037817001343
5880,-1.3379812240600586
5881,-1.3380680084228516
5882,-1.325761079788208
5883,-1.3128259181976318
5884,-1.333333969116211
5885,-1.3381603956222534
5886,-1.3246017694473267
5887,-1.3340938091278076
5888,-1.3048534393310547
5889,-1.3507481813430786
5890,-1.3318626880645752
5891,-1.3408900499343872
5892,-1.3117468357086182
5893,-1.3263815641403198
5894,-1.3315290212631226
5895,-1.3354696035385132
5896,-1.337066888809204
5897,-1.3323819637298584
5898,-1.3442968130111694
5899,-1.3240997791290283
5900,-1.3382039070129395
5901,-1.3549137115478516
5902,-1.3326265811920166
5903,-1.3466044664382935
5904,-1.342907190322876
5905,-1.3443620204925537
5906,-1.3214948177337646
5907,-1.3317737579345703
5908,-1.3290073871612549
5909,-1.3295040130615234
5910,-1.3509290218353271
5911,-1.3257807493209839
5912,-1.3426947593688965
5913,-1.3449922800064087
5914,-1.3292031288146973
5915,-1.3007477521896362
5916,-1.3405590057373047
5917,-1.341827392578125
5918,-1.3392714262008667
5919,-1.3408236503601074
5920,-1.3305490016937256
5921,-1.3059067726135254
5922,-1.336056113243103
5923,-1.3378982543945312
5924,-1.330439567565918
5925,-1.3286160230636597
5926,-1.3037749528884888
5927,-1.3073632717132568
5928,-1.347724437713623
5929,-1.3428014516830444
5930,-1.3306117057800293
5931,-1.3455207347869873
5932,-1.3260780572891235
5933,-1.3002079725265503
5934,-1.3281307220458984
5935,-1.326959490776062
5936,-1.3203365802764893
5937,-1.3277579545974731
5938,-1.3479461669921875
5939,-1.3174365758895874
5940,-1.3240888118743896
5941,-1.3170284032821655
5942,-1.3283257484436035
5943,-1.341751217842102
5944,-1.316390037536621
5945,-1.3426483869552612
5946,-1.3331059217453003
5947,-1.342110514640808
5948,-1.343092679977417
5949,-1.2926560640335083
5950,-1.3274257183074951
5951,-1.34553861618042
5952,-1.3170500993728638
5953,-1.3405399322509766
5954,-1.3418599367141724
5955,-1.3372602462768555
5956,-1.3188906908035278
5957,-1.3473509550094604
5958,-1.3370964527130127
5959,-1.3465858697891235
5960,-1.3424021005630493
5961,-1.3404418230056763
5962,-1.3302024602890015
5963,-1.3422191143035889
5964,-1.3271204233169556
5965,-1.3464864492416382
5966,-1.3464024066925049
5967,-1.3263700008392334
5968,-1.3396940231323242
5969,-1.355222225189209
5970,-1.342085838317871
5971,-1.3427587747573853
5972,-1.3354332447052002
5973,-1.3294017314910889
5974,-1.3444777727127075
5975,-1.3496596813201904
5976,-1.354524850845337
5977,-1.3520320653915405
5978,-1.3211994171142578
5979,-1.3492835760116577
5980,-1.2911173105239868
5981,-1.344186782836914
5982,-1.3501529693603516
5983,-1.325645089149475
5984,-1.3364758491516113
5985,-1.328544020652771
5986,-1.3344365358352661
5987,-1.327056884765625
5988,-1.3457449674606323
5989,-1.3295143842697144
5990,-1.316291093826294
5991,-1.3268578052520752
5992,-1.3359980583190918
5993,-1.3419365882873535
5994,-1.3458366394042969
5995,-1.3184726238250732
5996,-1.2994862794876099
5997,-1.337995171546936
5998,-1.3294408321380615
5999,-1.3389625549316406
6000,-1.3427950143814087
6001,-1.3391362428665161
6002,-1.335317611694336
6003,-1.3294727802276611
6004,-1.3374385833740234
6005,-1.3340965509414673
6006,-1.3278069496154785
6007,-1.3425614833831787
6008,-1.331576943397522
6009,-1.3246815204620361
6010,-1.3323187828063965
6011,-1.3456108570098877
6012,-1.3383934497833252
6013,-1.3431135416030884
6014,-1.338561773300171
6015,-1.3453590869903564
6016,-1.3185358047485352
6017,-1.3359198570251465
6018,-1.3063523769378662
6019,-1.3398828506469727
6020,-1.3322672843933105
6021,-1.3471918106079102
6022,-1.3391399383544922
6023,-1.3354178667068481
6024,-1.328401803970337
6025,-1.3486254215240479
6026,-1.3321017026901245
6027,-1.3283779621124268
6028,-1.340993881225586
6029,-1.3242912292480469
6030,-1.3442715406417847
6031,-1.3497579097747803
6032,-1.3507404327392578
6033,-1.354354977607727
6034,-1.345903992652893
6035,-1.3440258502960205
6036,-1.3238537311553955
6037,-1.3298512697219849
6038,-1.3537774085998535
6039,-1.3365273475646973
6040,-1.322640061378479
6041,-1.3256170749664307
6042,-1.3476412296295166
6043,-1.3258991241455078
6044,-1.345710039138794
6045,-1.3399628400802612
6046,-1.326635718345642
6047,-1.3441543579101562
6048,-1.3118757009506226
6049,-1.3450819253921509
6050,-1.302105188369751
6051,-1.3452341556549072
6052,-1.3410733938217163
6053,-1.337369441986084
6054,-1.3371179103851318
6055,-1.3226516246795654
6056,-1.3465372323989868
6057,-1.34103524684906
6058,-1.3142958879470825
6059,-1.3281779289245605
6060,-1.3413580656051636
6061,-1.3479636907577515
6062,-1.324129581451416
6063,-1.3452271223068237
6064,-1.3285549879074097
6065,-1.3422614336013794
6066,-1.3416125774383545
6067,-1.3369898796081543
6068,-1.3413639068603516
6069,-1.3398674726486206
6070,-1.315995454788208
6071,-1.3141813278198242
6072,-1.3391482830047607
6073,-1.33123779296875
6074,-1.3278374671936035
6075,-1.3399298191070557
6076,-1.3196395635604858
6077,-1.3173458576202393
6078,-1.335651159286499
6079,-1.3041818141937256
6080,-1.3419657945632935
6081,-1.2879379987716675
6082,-1.3122847080230713
6083,-1.3533347845077515
6084,-1.3122907876968384
6085,-1.3199771642684937
6086,-1.316535234451294
6087,-1.3309208154678345
6088,-1.3364454507827759
6089,-1.3326948881149292
6090,-1.3415553569793701
6091,-1.3376630544662476
6092,-1.3105429410934448
6093,-1.330595850944519
6094,-1.3407719135284424
6095,-1.3346314430236816
6096,-1.3228849172592163
6097,-1.356777548789978
6098,-1.3167312145233154
6099,-1.3429988622665405
6100,-1.3386564254760742
6101,-1.3448407649993896
6102,-1.325976014137268
6103,-1.3450905084609985
6104,-1.3418020009994507
6105,-1.3199903964996338
6106,-1.3095402717590332
6107,-1.348229169845581
6108,-1.342138409614563
6109,-1.323394775390625
6110,-1.3350491523742676
6111,-1.3448700904846191
6112,-1.342802882194519
6113,-1.345831274986267
6114,-1.3473403453826904
6115,-1.3181777000427246
6116,-1.334159255027771
6117,-1.3354871273040771
6118,-1.3443909883499146
6119,-1.3355433940887451
6120,-1.342902421951294
6121,-1.3485790491104126
6122,-1.3458961248397827
6123,-1.315596342086792
6124,-1.3382595777511597
6125,-1.3457362651824951
6126,-1.354396104812622
6127,-1.3337297439575195
6128,-1.3265905380249023
6129,-1.3443646430969238
6130,-1.3441660404205322
6131,-1.3174080848693848
6132,-1.340162754058838
6133,-1.3241509199142456
6134,-1.346767783164978
6135,-1.3273495435714722
6136,-1.3382437229156494
6137,-1.3399022817611694
6138,-1.3313779830932617
6139,-1.3352190256118774
6140,-1.3396859169006348
6141,-1.3305227756500244
6142,-1.3413838148117065
6143,-1.3429551124572754
6144,-1.3348398208618164
6145,-1.3310201168060303
6146,-1.3371282815933228
6147,-1.3315998315811157
6148,-1.3269065618515015
6149,-1.3285080194473267
6150,-1.3193329572677612
6151,-1.3234204053878784
6152,-1.3496428728103638
6153,-1.348092794418335
6154,-1.339430570602417
6155,-1.3331965208053589
6156,-1.3468703031539917
6157,-1.3332277536392212
6158,-1.3439114093780518
6159,-1.3446711301803589
6160,-1.3480117321014404
6161,-1.3262611627578735
6162,-1.3431499004364014
6163,-1.3542364835739136
6164,-1.34028959274292
6165,-1.3272680044174194
6166,-1.348799467086792
6167,-1.3251852989196777
6168,-1.3415330648422241
6169,-1.3544353246688843
6170,-1.3457632064819336
6171,-1.339421272277832
6172,-1.3474622964859009
6173,-1.3456013202667236
6174,-1.3416270017623901
6175,-1.3398061990737915
6176,-1.3311879634857178
6177,-1.3060475587844849
6178,-1.3004493713378906
6179,-1.3440426588058472
6180,-1.3495382070541382
6181,-1.3322217464447021
6182,-1.3291457891464233
6183,-1.3487844467163086
6184,-1.3392529487609863
6185,-1.3471709489822388
6186,-1.3564047813415527
6187,-1.3466885089874268
6188,-1.3310818672180176
6189,-1.3295831680297852
6190,-1.3322778940200806
6191,-1.3326632976531982
6192,-1.3434293270111084
6193,-1.3235058784484863
6194,-1.3349542617797852
6195,-1.3405137062072754
6196,-1.3316128253936768
6197,-1.3539905548095703
6198,-1.2918275594711304
6199,-1.333351969718933
6200,-1.3399853706359863
6201,-1.2986302375793457
6202,-1.3533973693847656
6203,-1.333375334739685
6204,-1.344801425933838
6205,-1.3297770023345947
6206,-1.3427361249923706
6207,-1.3419841527938843
6208,-1.3433094024658203
6209,-1.347032904624939
6210,-1.344717264175415
6211,-1.3285789489746094
6212,-1.315675139427185
6213,-1.3549319505691528
6214,-1.334309458732605
6215,-1.33805251121521
6216,-1.3393738269805908
6217,-1.3530246019363403
6218,-1.347303867340088
6219,-1.3212335109710693
6220,-1.347057580947876
6221,-1.3370885848999023
6222,-1.3416047096252441
6223,-1.3441495895385742
6224,-1.3136425018310547
6225,-1.3404812812805176
6226,-1.3227373361587524
6227,-1.3338018655776978
6228,-1.3192306756973267
6229,-1.339936375617981
6230,-1.3430614471435547
6231,-1.3153351545333862
6232,-1.32603120803833
6233,-1.32275390625
6234,-1.3366622924804688
6235,-1.3264716863632202
6236,-1.340914011001587
6237,-1.3484121561050415
6238,-1.334469199180603
6239,-1.3386497497558594
6240,-1.3260225057601929
6241,-1.337389588356018
6242,-1.333168625831604
6243,-1.3296570777893066
6244,-1.3333557844161987
6245,-1.3246474266052246
6246,-1.3378690481185913
6247,-1.3468888998031616
6248,-1.334003210067749
6249,-1.3309016227722168
6250,-1.3393750190734863
6251,-1.360713005065918
6252,-1.3350788354873657
6253,-1.3465077877044678
6254,-1.3459075689315796
6255,-1.34750497341156
6256,-1.3436927795410156
6257,-1.3127135038375854
6258,-1.3425743579864502
6259,-1.3097336292266846
6260,-1.340959072113037
6261,-1.326709270477295
6262,-1.32815420627594
6263,-1.3410124778747559
6264,-1.3473950624465942
6265,-1.3332715034484863
6266,-1.2982707023620605
6267,-1.3473495244979858
6268,-1.3332761526107788
6269,-1.3359183073043823
6270,-1.328913927078247
6271,-1.346411943435669
6272,-1.3499212265014648
6273,-1.3265622854232788
6274,-1.3214590549468994
6275,-1.3510229587554932
6276,-1.3382083177566528
6277,-1.334554672241211
6278,-1.3378398418426514
6279,-1.341616153717041
6280,-1.351188063621521
6281,-1.3505626916885376
6282,-1.3486047983169556
6283,-1.3466103076934814
6284,-1.3463735580444336
6285,-1.3418701887130737
6286,-1.3395758867263794
6287,-1.3441015481948853
6288,-1.3327600955963135
6289,-1.339273452758789
6290,-1.3372513055801392
6291,-1.3302185535430908
6292,-1.3382997512817383
6293,-1.3535053730010986
6294,-1.3408594131469727
6295,-1.3283591270446777
6296,-1.3286798000335693
6297,-1.3039401769638062
6298,-1.3301819562911987
6299,-1.3433690071105957
6300,-1.342267394065857
6301,-1.3466744422912598
6302,-1.3490469455718994
6303,-1.354470133781433
6304,-1.339339256286621
6305,-1.34770929813385
6306,-1.3355224132537842
6307,-1.343285322189331
6308,-1.3487352132797241
6309,-1.3436182737350464
6310,-1.3431906700134277
6311,-1.344313621520996
6312,-1.3466941118240356
6313,-1.3291929960250854
6314,-1.3241392374038696
6315,-1.3334461450576782
6316,-1.3461281061172485
6317,-1.2881323099136353
6318,-1.3485603332519531
6319,-1.325464129447937
6320,-1.3445513248443604
6321,-1.3453516960144043
6322,-1.2806341648101807
6323,-1.3275060653686523
6324,-1.329214096069336
6325,-1.3178443908691406
6326,-1.3325462341308594
6327,-1.3515384197235107
6328,-1.3293150663375854
6329,-1.3411344289779663
6330,-1.3446565866470337
6331,-1.3416385650634766
6332,-1.337881326675415
6333,-1.3344039916992188
6334,-1.3257975578308105
6335,-1.3443517684936523
6336,-1.347144365310669
6337,-1.3356237411499023
6338,-1.3120733499526978
6339,-1.3070600032806396
6340,-1.3108816146850586
6341,-1.3489112854003906
6342,-1.3367249965667725
6343,-1.3267208337783813
6344,-1.3168976306915283
6345,-1.3387794494628906
6346,-1.3437862396240234
6347,-1.3468892574310303
6348,-1.3449821472167969
6349,-1.3322803974151611
6350,-1.3419098854064941
6351,-1.338352084159851
6352,-1.3000922203063965
6353,-1.3304367065429688
6354,-1.3233423233032227
6355,-1.3153293132781982
6356,-1.3431364297866821
6357,-1.3458149433135986
6358,-1.3282279968261719
6359,-1.3426254987716675
6360,-1.3314436674118042
6361,-1.3358230590820312
6362,-1.3447110652923584
6363,-1.319643259048462
6364,-1.3109935522079468
6365,-1.338539719581604
6366,-1.339687705039978
6367,-1.3321669101715088
6368,-1.326190710067749
6369,-1.3300690650939941
6370,-1.3274593353271484
6371,-1.3431205749511719
6372,-1.338789701461792
6373,-1.3306955099105835
6374,-1.346187949180603
6375,-1.3551465272903442
6376,-1.3504931926727295
6377,-1.344866394996643
6378,-1.2962318658828735
6379,-1.341102957725525
6380,-1.3458385467529297
6381,-1.3436334133148193
6382,-1.3429911136627197
6383,-1.3458130359649658
6384,-1.3444645404815674
6385,-1.3467074632644653
6386,-1.3433390855789185
6387,-1.3461734056472778
6388,-1.3436462879180908
6389,-1.2763795852661133
6390,-1.3392579555511475
6391,-1.3439611196517944
6392,-1.3341360092163086
6393,-1.3392512798309326
6394,-1.3513591289520264
6395,-1.3288921117782593
6396,-1.3104881048202515
6397,-1.3419997692108154
6398,-1.3254629373550415
6399,-1.3231165409088135
6400,-1.310084342956543
6401,-1.3514773845672607
6402,-1.3370364904403687
6403,-1.3472986221313477
6404,-1.3202455043792725
6405,-1.3593002557754517
6406,-1.3476991653442383
6407,-1.3480466604232788
6408,-1.3378841876983643
6409,-1.344920039176941
6410,-1.3465386629104614
6411,-1.3474984169006348
6412,-1.3414124250411987
6413,-1.3157317638397217
6414,-1.3411494493484497
6415,-1.3519920110702515
6416,-1.3584740161895752
6417,-1.3439826965332031
6418,-1.3153308629989624
6419,-1.3379309177398682
6420,-1.3336354494094849
6421,-1.331247091293335
6422,-1.347061038017273
6423,-1.3254809379577637
6424,-1.345928430557251
6425,-1.3401519060134888
6426,-1.3530223369598389
6427,-1.339314341545105
6428,-1.3483123779296875
6429,-1.3285808563232422
6430,-1.3339197635650635
6431,-1.331795573234558
6432,-1.3063809871673584
6433,-1.3447362184524536
6434,-1.3463119268417358
6435,-1.3311265707015991
6436,-1.3481485843658447
6437,-1.3369295597076416
6438,-1.3246716260910034
6439,-1.3385300636291504
6440,-1.3439613580703735
6441,-1.3445723056793213
6442,-1.3414548635482788
6443,-1.3133984804153442
6444,-1.3436249494552612
6445,-1.3285644054412842
6446,-1.330965518951416
6447,-1.338176965713501
6448,-1.3258041143417358
6449,-1.3464112281799316
6450,-1.3317615985870361
6451,-1.3436959981918335
6452,-1.3453131914138794
6453,-1.3350434303283691
6454,-1.3498740196228027
6455,-1.3565483093261719
6456,-1.3398324251174927
6457,-1.3307147026062012
6458,-1.3454833030700684
6459,-1.3299839496612549
6460,-1.3472561836242676
6461,-1.3486942052841187
6462,-1.3267936706542969
6463,-1.3331774473190308
6464,-1.3623952865600586
6465,-1.3320798873901367
6466,-1.345619797706604
6467,-1.3523805141448975
6468,-1.339400291442871
6469,-1.3381246328353882
6470,-1.3357990980148315
6471,-1.3475950956344604
6472,-1.337860345840454
6473,-1.345969796180725
6474,-1.3516470193862915
6475,-1.3468637466430664
6476,-1.3403853178024292
6477,-1.3440523147583008
6478,-1.3198059797286987
6479,-1.3524855375289917
6480,-1.346320629119873
6481,-1.3509001731872559
6482,-1.348676323890686
6483,-1.3451241254806519
6484,-1.3505167961120605
6485,-1.3203463554382324
6486,-1.3400028944015503
6487,-1.3491195440292358
6488,-1.32951021194458
6489,-1.347169041633606
6490,-1.3191912174224854
6491,-1.344069004058838
6492,-1.3423564434051514
6493,-1.3356306552886963
6494,-1.34396231174469
6495,-1.350770354270935
6496,-1.300437569618225
6497,-1.3313140869140625
6498,-1.3443431854248047
6499,-1.3394074440002441
6500,-1.345134973526001
6501,-1.356149673461914
6502,-1.321099877357483
6503,-1.3345016241073608
6504,-1.3468173742294312
6505,-1.3297492265701294
6506,-1.3393360376358032
6507,-1.3385818004608154
6508,-1.338732123374939
6509,-1.353994369506836
6510,-1.3370752334594727
6511,-1.345068097114563
6512,-1.3256229162216187
6513,-1.3554548025131226
6514,-1.3336594104766846
6515,-1.3265700340270996
6516,-1.3207451105117798
6517,-1.3425073623657227
6518,-1.3418664932250977
6519,-1.3405152559280396
6520,-1.3482736349105835
6521,-1.3364603519439697
6522,-1.3349599838256836
6523,-1.3371248245239258
6524,-1.3363045454025269
6525,-1.3396573066711426
6526,-1.342333197593689
6527,-1.3578922748565674
6528,-1.3504295349121094
6529,-1.3323662281036377
6530,-1.3407992124557495
6531,-1.332162618637085
6532,-1.3351997137069702
6533,-1.3413281440734863
6534,-1.338838815689087
6535,-1.3424930572509766
6536,-1.356762409210205
6537,-1.3397483825683594
6538,-1.3361552953720093
6539,-1.3477050065994263
6540,-1.3397223949432373
6541,-1.3245553970336914
6542,-1.3442081212997437
6543,-1.3413914442062378
6544,-1.3390259742736816
6545,-1.3425277471542358
6546,-1.339938998222351
6547,-1.3357396125793457
6548,-1.337681531906128
6549,-1.3109474182128906
6550,-1.342971920967102
6551,-1.3292324542999268
6552,-1.3341264724731445
6553,-1.3349525928497314
6554,-1.3360849618911743
6555,-1.3469314575195312
6556,-1.3232612609863281
6557,-1.3439695835113525
6558,-1.3252029418945312
6559,-1.3310656547546387
6560,-1.3351091146469116
6561,-1.3332264423370361
6562,-1.326506495475769
6563,-1.3234704732894897
6564,-1.337562084197998
6565,-1.3350343704223633
6566,-1.3205204010009766
6567,-1.3301666975021362
6568,-1.3434743881225586
6569,-1.3072712421417236
6570,-1.3408175706863403
6571,-1.3366985321044922
6572,-1.3460525274276733
6573,-1.3365663290023804
6574,-1.3187109231948853
6575,-1.3143452405929565
6576,-1.3005309104919434
6577,-1.3395553827285767
6578,-1.3435192108154297
6579,-1.34396231174469
6580,-1.3422421216964722
6581,-1.356221079826355
6582,-1.326446533203125
6583,-1.3419461250305176
6584,-1.341782808303833
6585,-1.3435609340667725
6586,-1.34126877784729
6587,-1.3127769231796265
6588,-1.3447074890136719
6589,-1.3303394317626953
6590,-1.2996251583099365
6591,-1.3171836137771606
6592,-1.3237686157226562
6593,-1.3514622449874878
6594,-1.3147205114364624
6595,-1.3282936811447144
6596,-1.3343843221664429
6597,-1.3138818740844727
6598,-1.3434703350067139
6599,-1.3432976007461548
6600,-1.3295036554336548
6601,-1.3340027332305908
6602,-1.3230388164520264
6603,-1.3361207246780396
6604,-1.3471696376800537
6605,-1.3374282121658325
6606,-1.31577730178833
6607,-1.3406933546066284
6608,-1.3291175365447998
6609,-1.329801082611084
6610,-1.3352049589157104
6611,-1.3381069898605347
6612,-1.3464734554290771
6613,-1.3122810125350952
6614,-1.3365780115127563
6615,-1.3540407419204712
6616,-1.3310587406158447
6617,-1.354968547821045
6618,-1.3532317876815796
6619,-1.3512046337127686
6620,-1.3480316400527954
6621,-1.3462194204330444
6622,-1.3395155668258667
6623,-1.3520649671554565
6624,-1.349716305732727
6625,-1.348844289779663
6626,-1.3509215116500854
6627,-1.3497377634048462
6628,-1.3546969890594482
6629,-1.3494904041290283
6630,-1.3477734327316284
6631,-1.3468421697616577
6632,-1.3452682495117188
6633,-1.326030969619751
6634,-1.354116439819336
6635,-1.338332176208496
6636,-1.334129810333252
6637,-1.3373855352401733
6638,-1.3365263938903809
6639,-1.3458036184310913
6640,-1.3437657356262207
6641,-1.3501359224319458
6642,-1.3314917087554932
6643,-1.3437169790267944
6644,-1.333679437637329
6645,-1.3434380292892456
6646,-1.3495250940322876
6647,-1.3486040830612183
6648,-1.3115901947021484
6649,-1.3423044681549072
6650,-1.3278504610061646
6651,-1.3465160131454468
6652,-1.3509447574615479
6653,-1.3479622602462769
6654,-1.34479820728302
6655,-1.3401732444763184
6656,-1.355034351348877
6657,-1.3484467267990112
6658,-1.3272732496261597
6659,-1.3437305688858032
6660,-1.3492196798324585
6661,-1.35300874710083
6662,-1.3496010303497314
6663,-1.345676064491272
6664,-1.3415669202804565
6665,-1.3294678926467896
6666,-1.3369300365447998
6667,-1.3144233226776123
6668,-1.3407976627349854
6669,-1.3546340465545654
6670,-1.3286473751068115
6671,-1.3462610244750977
6672,-1.3237563371658325
6673,-1.3465914726257324
6674,-1.3471519947052002
6675,-1.3470544815063477
6676,-1.335144281387329
6677,-1.3369219303131104
6678,-1.3247172832489014
6679,-1.3396873474121094
6680,-1.3324315547943115
6681,-1.3363012075424194
6682,-1.3463044166564941
6683,-1.3292161226272583
6684,-1.3459943532943726
6685,-1.3368608951568604
6686,-1.3284472227096558
6687,-1.3502715826034546
6688,-1.3094756603240967
6689,-1.3415743112564087
6690,-1.3512035608291626
6691,-1.3329075574874878
6692,-1.3488469123840332
6693,-1.3290414810180664
6694,-1.3442420959472656
6695,-1.322062373161316
6696,-1.3026196956634521
6697,-1.3376582860946655
6698,-1.3035759925842285
6699,-1.3352845907211304
6700,-1.3362290859222412
6701,-1.3201119899749756
6702,-1.3390674591064453
6703,-1.3540844917297363
6704,-1.3340824842453003
6705,-1.3547837734222412
6706,-1.3568503856658936
6707,-1.3305553197860718
6708,-1.3501842021942139
6709,-1.3487577438354492
6710,-1.3329118490219116
6711,-1.3360627889633179
6712,-1.3457623720169067
6713,-1.3416969776153564
6714,-1.334713339805603
6715,-1.3354871273040771
6716,-1.3433033227920532
6717,-1.3495640754699707
6718,-1.3301079273223877
6719,-1.3356389999389648
6720,-1.3177531957626343
6721,-1.3499870300292969
6722,-1.3396695852279663
6723,-1.3512505292892456
6724,-1.3332618474960327
6725,-1.3390225172042847
6726,-1.322737693786621
6727,-1.340131163597107
6728,-1.3546675443649292
6729,-1.3224868774414062
6730,-1.3358360528945923
6731,-1.315175175666809
6732,-1.339802622795105
6733,-1.3343515396118164
6734,-1.3391542434692383
6735,-1.327401041984558
6736,-1.3317453861236572
6737,-1.3390772342681885
6738,-1.3475780487060547
6739,-1.3543901443481445
6740,-1.346049189567566
6741,-1.3442575931549072
6742,-1.331220269203186
6743,-1.35150146484375
6744,-1.3176703453063965
6745,-1.3434563875198364
6746,-1.3443820476531982
6747,-1.3381493091583252
6748,-1.339473009109497
6749,-1.3382301330566406
6750,-1.3340457677841187
6751,-1.3307136297225952
6752,-1.3353365659713745
6753,-1.3419033288955688
6754,-1.3473798036575317
6755,-1.3413965702056885
6756,-1.3595808744430542
6757,-1.3513240814208984
6758,-1.3267110586166382
6759,-1.3500590324401855
6760,-1.3264391422271729
6761,-1.3372056484222412
6762,-1.339613676071167
6763,-1.339187502861023
6764,-1.3317855596542358
6765,-1.339694619178772
6766,-1.3456674814224243
6767,-1.3469979763031006
6768,-1.31776762008667
6769,-1.347033143043518
6770,-1.3347976207733154
6771,-1.3455877304077148
6772,-1.3454939126968384
6773,-1.3537750244140625
6774,-1.348085641860962
6775,-1.3546206951141357
6776,-1.3424980640411377
6777,-1.3484890460968018
6778,-1.353918433189392
6779,-1.3472270965576172
6780,-1.3462940454483032
6781,-1.3340686559677124
6782,-1.341241478919983
6783,-1.328586459159851
6784,-1.3405333757400513
6785,-1.3336215019226074
6786,-1.3383334875106812
6787,-1.3295950889587402
6788,-1.3500248193740845
6789,-1.3323055505752563
6790,-1.3255341053009033
6791,-1.3476742506027222
6792,-1.33414888381958
6793,-1.349414348602295
6794,-1.3386108875274658
6795,-1.349448561668396
6796,-1.3435535430908203
6797,-1.347034215927124
6798,-1.3480480909347534
6799,-1.3367060422897339
6800,-1.336702823638916
6801,-1.352091908454895
6802,-1.35481595993042
6803,-1.3551080226898193
6804,-1.3429145812988281
6805,-1.3461973667144775
6806,-1.353344440460205
6807,-1.3416117429733276
6808,-1.3301528692245483
6809,-1.3527774810791016
6810,-1.345941424369812
6811,-1.3481180667877197
6812,-1.3552762269973755
6813,-1.343186378479004
6814,-1.349759578704834
6815,-1.3563003540039062
6816,-1.3242145776748657
6817,-1.3369916677474976
6818,-1.3528308868408203
6819,-1.3349746465682983
6820,-1.3459718227386475
6821,-1.3261477947235107
6822,-1.3458837270736694
6823,-1.3408904075622559
6824,-1.3253999948501587
6825,-1.3446117639541626
6826,-1.3452261686325073
6827,-1.3391493558883667
6828,-1.3395328521728516
6829,-1.3263992071151733
6830,-1.3313685655593872
6831,-1.3498311042785645
6832,-1.3547327518463135
6833,-1.3539775609970093
6834,-1.3507896661758423
6835,-1.346469759941101
6836,-1.3379615545272827
6837,-1.342887043952942
6838,-1.339724063873291
6839,-1.340645432472229
6840,-1.3528624773025513
6841,-1.3553968667984009
6842,-1.3384051322937012
6843,-1.3487075567245483
6844,-1.3252696990966797
6845,-1.3495149612426758
6846,-1.3559601306915283
6847,-1.348719835281372
6848,-1.3543686866760254
6849,-1.3581565618515015
6850,-1.3394838571548462
6851,-1.350974678993225
6852,-1.344054102897644
6853,-1.3462086915969849
6854,-1.353361964225769
6855,-1.3334224224090576
6856,-1.3408441543579102
6857,-1.3502634763717651
6858,-1.3495540618896484
6859,-1.3511724472045898
6860,-1.3374453783035278
6861,-1.3568270206451416
6862,-1.3430731296539307
6863,-1.3324429988861084
6864,-1.3573238849639893
6865,-1.3059673309326172
6866,-1.3524243831634521
6867,-1.344043493270874
6868,-1.3365389108657837
6869,-1.3441855907440186
6870,-1.3395665884017944
6871,-1.3443307876586914
6872,-1.3501603603363037
6873,-1.3411343097686768
6874,-1.347714900970459
6875,-1.3486149311065674
6876,-1.3408868312835693
6877,-1.3428843021392822
6878,-1.3516868352890015
6879,-1.3392829895019531
6880,-1.348986268043518
6881,-1.352877140045166
6882,-1.345361351966858
6883,-1.3431247472763062
6884,-1.3479363918304443
6885,-1.336586833000183
6886,-1.3560545444488525
6887,-1.3488471508026123
6888,-1.3479315042495728
6889,-1.3508881330490112
6890,-1.3286584615707397
6891,-1.3305480480194092
6892,-1.3450486660003662
6893,-1.335204839706421
6894,-1.3437364101409912
6895,-1.3483097553253174
6896,-1.3510226011276245
6897,-1.3404085636138916
6898,-1.3445148468017578
6899,-1.3508968353271484
6900,-1.338521957397461
6901,-1.3335835933685303
6902,-1.3322889804840088
6903,-1.3558259010314941
6904,-1.3505579233169556
6905,-1.3529822826385498
6906,-1.3346245288848877
6907,-1.346908450126648
6908,-1.3376579284667969
6909,-1.3457363843917847
6910,-1.344850778579712
6911,-1.352475881576538
6912,-1.3358694314956665
6913,-1.3461592197418213
6914,-1.3547476530075073
6915,-1.3381562232971191
6916,-1.3514550924301147
6917,-1.329898476600647
6918,-1.3249613046646118
6919,-1.355943202972412
6920,-1.337520718574524
6921,-1.3609601259231567
6922,-1.3514699935913086
6923,-1.3349881172180176
6924,-1.350172758102417
6925,-1.33482825756073
6926,-1.3413861989974976
6927,-1.3333685398101807
6928,-1.3519786596298218
6929,-1.325057864189148
6930,-1.358227252960205
6931,-1.3395746946334839
6932,-1.3348761796951294
6933,-1.3415336608886719
6934,-1.3480503559112549
6935,-1.3369897603988647
6936,-1.346440076828003
6937,-1.3498928546905518
6938,-1.3400219678878784
6939,-1.352968454360962
6940,-1.341858148574829
6941,-1.3286737203598022
6942,-1.3336631059646606
6943,-1.3493702411651611
6944,-1.3472105264663696
6945,-1.3294460773468018
6946,-1.3343747854232788
6947,-1.3339229822158813
6948,-1.3496617078781128
6949,-1.3333935737609863
6950,-1.3534234762191772
6951,-1.3520994186401367
6952,-1.3525347709655762
6953,-1.3425188064575195
6954,-1.357034683227539
6955,-1.3414833545684814
6956,-1.3478076457977295
6957,-1.345475435256958
6958,-1.356207013130188
6959,-1.3464820384979248
6960,-1.3539246320724487
6961,-1.3506635427474976
6962,-1.338610291481018
6963,-1.352807879447937
6964,-1.3436930179595947
6965,-1.347822666168213
6966,-1.3456367254257202
6967,-1.3443716764450073
6968,-1.3492021560668945
6969,-1.3531979322433472
6970,-1.3486508131027222
6971,-1.3318004608154297
6972,-1.341478943824768
6973,-1.3486542701721191
6974,-1.3543678522109985
6975,-1.3390759229660034
6976,-1.3486855030059814
6977,-1.339616060256958
6978,-1.3371572494506836
6979,-1.350266456604004
6980,-1.3476426601409912
6981,-1.343306303024292
6982,-1.3566722869873047
6983,-1.2709448337554932
6984,-1.3516229391098022
6985,-1.3000507354736328
6986,-1.3535069227218628
6987,-1.3494253158569336
6988,-1.3447630405426025
6989,-1.343488335609436
6990,-1.3624508380889893
6991,-1.3557218313217163
6992,-1.344527006149292
6993,-1.3537406921386719
6994,-1.3563088178634644
6995,-1.3542109727859497
6996,-1.3564424514770508
6997,-1.350647211074829
6998,-1.3434951305389404
6999,-1.346887469291687
7000,-1.3422492742538452
7001,-1.3424835205078125
7002,-1.3377978801727295
7003,-1.355652928352356
7004,-1.350356936454773
7005,-1.3306642770767212
7006,-1.3500595092773438
7007,-1.343510627746582
7008,-1.3636696338653564
7009,-1.333794355392456
7010,-1.348714828491211
7011,-1.3255772590637207
7012,-1.3298017978668213
7013,-1.3388997316360474
7014,-1.3418635129928589
7015,-1.3402276039123535
7016,-1.3496421575546265
7017,-1.3570626974105835
7018,-1.329755187034607
7019,-1.3508446216583252
7020,-1.322934627532959
7021,-1.353910207748413
7022,-1.3263992071151733
7023,-1.335654616355896
7024,-1.335537314414978
7025,-1.3521486520767212
7026,-1.3422632217407227
7027,-1.3459495306015015
7028,-1.3314241170883179
7029,-1.3407186269760132
7030,-1.360636830329895
7031,-1.351493239402771
7032,-1.3471126556396484
7033,-1.3323994874954224
7034,-1.3502181768417358
7035,-1.3257938623428345
7036,-1.3494819402694702
7037,-1.344343662261963
7038,-1.3536466360092163
7039,-1.3229293823242188
7040,-1.3558063507080078
7041,-1.3571927547454834
7042,-1.3395416736602783
7043,-1.3417038917541504
7044,-1.3577685356140137
7045,-1.3610990047454834
7046,-1.3441640138626099
7047,-1.3422874212265015
7048,-1.3469338417053223
7049,-1.3288055658340454
7050,-1.3486312627792358
7051,-1.3474894762039185
7052,-1.3372282981872559
7053,-1.3537930250167847
7054,-1.343795657157898
7055,-1.337623119354248
7056,-1.334916114807129
7057,-1.3474204540252686
7058,-1.3460465669631958
7059,-1.3401463031768799
7060,-1.3388882875442505
7061,-1.3397988080978394
7062,-1.340282678604126
7063,-1.3478894233703613
7064,-1.3460659980773926
7065,-1.3466765880584717
7066,-1.3533775806427002
7067,-1.3512558937072754
7068,-1.3549447059631348
7069,-1.3547629117965698
7070,-1.3540902137756348
7071,-1.3304661512374878
7072,-1.3518832921981812
7073,-1.3568575382232666
7074,-1.3477466106414795
7075,-1.3538029193878174
7076,-1.3282182216644287
7077,-1.3319964408874512
7078,-1.3550066947937012
7079,-1.3491557836532593
7080,-1.3299167156219482
7081,-1.3565312623977661
7082,-1.3534855842590332
7083,-1.3465441465377808
7084,-1.3114280700683594
7085,-1.3510650396347046
7086,-1.3448927402496338
7087,-1.345962405204773
7088,-1.3550444841384888
7089,-1.3573271036148071
7090,-1.3477333784103394
7091,-1.3468269109725952
7092,-1.3647029399871826
7093,-1.3549436330795288
7094,-1.3590773344039917
7095,-1.3132672309875488
7096,-1.3388142585754395
7097,-1.3538968563079834
7098,-1.3394827842712402
7099,-1.355315923690796
7100,-1.3478165864944458
7101,-1.3481996059417725
7102,-1.3465864658355713
7103,-1.352503776550293
7104,-1.3578213453292847
7105,-1.3450148105621338
7106,-1.3576151132583618
7107,-1.334586501121521
7108,-1.3480281829833984
7109,-1.3369324207305908
7110,-1.338134527206421
7111,-1.359940767288208
7112,-1.3577431440353394
7113,-1.3462287187576294
7114,-1.354515790939331
7115,-1.3548576831817627
7116,-1.3476495742797852
7117,-1.3527871370315552
7118,-1.3466449975967407
7119,-1.3421132564544678
7120,-1.347764492034912
7121,-1.3441530466079712
7122,-1.345839023590088
7123,-1.346989631652832
7124,-1.3577613830566406
7125,-1.329506754875183
7126,-1.3402361869812012
7127,-1.3472535610198975
7128,-1.3585201501846313
7129,-1.305109977722168
7130,-1.352476954460144
7131,-1.3477952480316162
7132,-1.3307631015777588
7133,-1.3499133586883545
7134,-1.343715786933899
7135,-1.3527259826660156
7136,-1.3598769903182983
7137,-1.3568575382232666
7138,-1.351978063583374
7139,-1.3490098714828491
7140,-1.3421657085418701
7141,-1.3331878185272217
7142,-1.3335963487625122
7143,-1.3469278812408447
7144,-1.3563170433044434
7145,-1.3405964374542236
7146,-1.3547711372375488
7147,-1.3521572351455688
7148,-1.346700668334961
7149,-1.337964653968811
7150,-1.3417688608169556
7151,-1.3515639305114746
7152,-1.3505610227584839
7153,-1.343692660331726
7154,-1.333549976348877
7155,-1.3324183225631714
7156,-1.3333446979522705
7157,-1.3558181524276733
7158,-1.3427056074142456
7159,-1.346444010734558
7160,-1.3403875827789307
7161,-1.3395378589630127
7162,-1.3580994606018066
7163,-1.3484175205230713
7164,-1.342604160308838
7165,-1.353493094444275
7166,-1.340604543685913
7167,-1.354311227798462
7168,-1.3410241603851318
7169,-1.345868706703186
7170,-1.3513824939727783
7171,-1.3308465480804443
7172,-1.3425670862197876
7173,-1.3495405912399292
7174,-1.3435618877410889
7175,-1.3476362228393555
7176,-1.3462255001068115
7177,-1.342631220817566
7178,-1.3394746780395508
7179,-1.3582863807678223
7180,-1.3519827127456665
7181,-1.3361639976501465
7182,-1.3512015342712402
7183,-1.3506349325180054
7184,-1.3575868606567383
7185,-1.3514485359191895
7186,-1.3599752187728882
7187,-1.3551435470581055
7188,-1.3455979824066162
7189,-1.3485950231552124
7190,-1.3589650392532349
7191,-1.3557466268539429
7192,-1.349979281425476
7193,-1.343308925628662
7194,-1.3196732997894287
7195,-1.347575068473816
7196,-1.3587532043457031
7197,-1.35344660282135
7198,-1.3398559093475342
7199,-1.3500144481658936
7200,-1.3573720455169678
7201,-1.3382328748703003
7202,-1.3505996465682983
7203,-1.3532438278198242
7204,-1.351371169090271
7205,-1.348910927772522
7206,-1.353803277015686
7207,-1.352272868156433
7208,-1.341631293296814
7209,-1.3367713689804077
7210,-1.3527958393096924
7211,-1.3463435173034668
7212,-1.3398388624191284
7213,-1.3542323112487793
7214,-1.348625659942627
7215,-1.346526861190796
7216,-1.3302041292190552
7217,-1.3458188772201538
7218,-1.3087879419326782
7219,-1.336785912513733
7220,-1.3536574840545654
7221,-1.346773624420166
7222,-1.3529133796691895
7223,-1.3439961671829224
7224,-1.3475749492645264
7225,-1.330338478088379
7226,-1.3279250860214233
7227,-1.3236942291259766
7228,-1.3524649143218994
7229,-1.3445756435394287
7230,-1.3492302894592285
7231,-1.3416669368743896
7232,-1.336617350578308
7233,-1.3578695058822632
7234,-1.3539031744003296
7235,-1.3507661819458008
7236,-1.3405791521072388
7237,-1.3274399042129517
7238,-1.338491439819336
7239,-1.352115273475647
7240,-1.356205701828003
7241,-1.3486565351486206
7242,-1.3566898107528687
7243,-1.3455461263656616
7244,-1.3601977825164795
7245,-1.3236075639724731
7246,-1.351560115814209
7247,-1.3523924350738525
7248,-1.3539079427719116
7249,-1.3499689102172852
7250,-1.349320650100708
7251,-1.3337538242340088
7252,-1.3561019897460938
7253,-1.3412907123565674
7254,-1.3519244194030762
7255,-1.3060108423233032
7256,-1.3486615419387817
7257,-1.34415602684021
7258,-1.341465711593628
7259,-1.349178671836853
7260,-1.3471800088882446
7261,-1.3538761138916016
7262,-1.3548616170883179
7263,-1.3568588495254517
7264,-1.328406572341919
7265,-1.3527491092681885
7266,-1.3535693883895874
7267,-1.3449782133102417
7268,-1.3410964012145996
7269,-1.360333800315857
7270,-1.3387788534164429
7271,-1.356498122215271
7272,-1.3528265953063965
7273,-1.3555047512054443
7274,-1.3524057865142822
7275,-1.3561664819717407
7276,-1.35215163230896
7277,-1.3597331047058105
7278,-1.3594707250595093
7279,-1.336214542388916
7280,-1.3458077907562256
7281,-1.351449728012085
7282,-1.3515150547027588
7283,-1.3476109504699707
7284,-1.3425500392913818
7285,-1.3527255058288574
7286,-1.355193018913269
7287,-1.3302536010742188
7288,-1.3579915761947632
7289,-1.3363723754882812
7290,-1.3333992958068848
7291,-1.3455955982208252
7292,-1.3244338035583496
7293,-1.3492162227630615
7294,-1.3450435400009155
7295,-1.3396635055541992
7296,-1.3445827960968018
7297,-1.338487982749939
7298,-1.3465588092803955
7299,-1.3420950174331665
7300,-1.3390285968780518
7301,-1.3343262672424316
7302,-1.3428353071212769
7303,-1.3495569229125977
7304,-1.334777593612671
7305,-1.3531383275985718
7306,-1.3547828197479248
7307,-1.3258672952651978
7308,-1.3491240739822388
7309,-1.3500921726226807
7310,-1.3514435291290283
7311,-1.3501027822494507
7312,-1.354813575744629
7313,-1.3513952493667603
7314,-1.3527562618255615
7315,-1.3417850732803345
7316,-1.3575048446655273
7317,-1.349992036819458
7318,-1.360140085220337
7319,-1.3496744632720947
7320,-1.3566961288452148
7321,-1.3546266555786133
7322,-1.3569765090942383
7323,-1.354860544204712
7324,-1.3545048236846924
7325,-1.3273067474365234
7326,-1.3566670417785645
7327,-1.3584048748016357
7328,-1.357993721961975
7329,-1.354079008102417
7330,-1.3479032516479492
7331,-1.3383138179779053
7332,-1.3229707479476929
7333,-1.356216311454773
7334,-1.325080394744873
7335,-1.3582271337509155
7336,-1.3510429859161377
7337,-1.3559421300888062
7338,-1.33408522605896
7339,-1.3294974565505981
7340,-1.3511207103729248
7341,-1.3411915302276611
7342,-1.3445255756378174
7343,-1.3510396480560303
7344,-1.3501269817352295
7345,-1.3515801429748535
7346,-1.3507133722305298
7347,-1.3378022909164429
7348,-1.3478941917419434
7349,-1.3515421152114868
7350,-1.3384793996810913
7351,-1.3572704792022705
7352,-1.345068335533142
7353,-1.3412466049194336
7354,-1.3410701751708984
7355,-1.3419030904769897
7356,-1.3372011184692383
7357,-1.3428808450698853
7358,-1.3556445837020874
7359,-1.3496226072311401
7360,-1.3503999710083008
7361,-1.3350229263305664
7362,-1.3501266241073608
7363,-1.3216066360473633
7364,-1.3504995107650757
7365,-1.3551143407821655
7366,-1.3349525928497314
7367,-1.3098610639572144
7368,-1.3504698276519775
7369,-1.3436458110809326
7370,-1.3584522008895874
7371,-1.3512369394302368
7372,-1.3372770547866821
7373,-1.3481802940368652
7374,-1.34562087059021
7375,-1.3286287784576416
7376,-1.3552875518798828
7377,-1.3547528982162476
7378,-1.3504657745361328
7379,-1.3437221050262451
7380,-1.3380935192108154
7381,-1.3355162143707275
7382,-1.3211592435836792
7383,-1.3507941961288452
7384,-1.3243324756622314
7385,-1.3527766466140747
7386,-1.3588292598724365
7387,-1.3493034839630127
7388,-1.3371329307556152
7389,-1.351699948310852
7390,-1.338222861289978
7391,-1.3413217067718506
7392,-1.3433374166488647
7393,-1.3488616943359375
7394,-1.3449538946151733
7395,-1.3487751483917236
7396,-1.3479068279266357
7397,-1.3448693752288818
7398,-1.3540315628051758
7399,-1.3474013805389404
7400,-1.313698410987854
7401,-1.3629510402679443
7402,-1.3390145301818848
7403,-1.345471739768982
7404,-1.339113712310791
7405,-1.351671576499939
7406,-1.3505403995513916
7407,-1.360905408859253
7408,-1.3497065305709839
7409,-1.3556852340698242
7410,-1.352657675743103
7411,-1.3486067056655884
7412,-1.3448295593261719
7413,-1.3585559129714966
7414,-1.3403754234313965
7415,-1.3485841751098633
7416,-1.354221224784851
7417,-1.343464732170105
7418,-1.3293819427490234
7419,-1.3436264991760254
7420,-1.3443424701690674
7421,-1.3513062000274658
7422,-1.3526499271392822
7423,-1.3536171913146973
7424,-1.3513027429580688
7425,-1.3479903936386108
7426,-1.3404369354248047
7427,-1.3520379066467285
7428,-1.3316246271133423
7429,-1.349708914756775
7430,-1.3548189401626587
7431,-1.3524740934371948
7432,-1.3479639291763306
7433,-1.353736162185669
7434,-1.357149362564087
7435,-1.353495478630066
7436,-1.3513622283935547
7437,-1.3418906927108765
7438,-1.3369314670562744
7439,-1.3560893535614014
7440,-1.3471884727478027
7441,-1.3304811716079712
7442,-1.3569831848144531
7443,-1.3153750896453857
7444,-1.335819959640503
7445,-1.3551559448242188
7446,-1.3490679264068604
7447,-1.3286564350128174
7448,-1.3496519327163696
7449,-1.3525758981704712
7450,-1.3439630270004272
7451,-1.350365400314331
7452,-1.3427845239639282
7453,-1.3560993671417236
7454,-1.3370850086212158
7455,-1.357743263244629
7456,-1.3423397541046143
7457,-1.3485033512115479
7458,-1.3540055751800537
7459,-1.340690016746521
7460,-1.3450299501419067
7461,-1.3597289323806763
7462,-1.3604722023010254
7463,-1.3594179153442383
7464,-1.3566594123840332
7465,-1.3322702646255493
7466,-1.349745273590088
7467,-1.3506584167480469
7468,-1.3183389902114868
7469,-1.3610256910324097
7470,-1.3642481565475464
7471,-1.3562626838684082
7472,-1.3505239486694336
7473,-1.3547446727752686
7474,-1.34830641746521
7475,-1.3474613428115845
7476,-1.3454896211624146
7477,-1.3524692058563232
7478,-1.337112545967102
7479,-1.3434852361679077
7480,-1.3552675247192383
7481,-1.35244882106781
7482,-1.3579026460647583
7483,-1.3472354412078857
7484,-1.363305926322937
7485,-1.360395908355713
7486,-1.3399529457092285
7487,-1.3312036991119385
7488,-1.3556203842163086
7489,-1.3596707582473755
7490,-1.3315256834030151
7491,-1.345920443534851
7492,-1.3569915294647217
7493,-1.3530840873718262
7494,-1.358496904373169
7495,-1.347508430480957
7496,-1.3561660051345825
7497,-1.363147497177124
7498,-1.357210636138916
7499,-1.3490971326828003
7500,-1.3529763221740723
7501,-1.3636170625686646
7502,-1.353472352027893
7503,-1.3474786281585693
7504,-1.3549108505249023
7505,-1.3525463342666626
7506,-1.3559014797210693
7507,-1.353322982788086
7508,-1.3462575674057007
7509,-1.3537490367889404
7510,-1.3621902465820312
7511,-1.3578883409500122
7512,-1.3566220998764038
7513,-1.3493999242782593
7514,-1.3412609100341797
7515,-1.3471205234527588
7516,-1.3557804822921753
7517,-1.3527122735977173
7518,-1.3435442447662354
7519,-1.3551771640777588
7520,-1.3561207056045532
7521,-1.3454657793045044
7522,-1.3432540893554688
7523,-1.3504493236541748
7524,-1.3545163869857788
7525,-1.3543018102645874
7526,-1.3577234745025635
7527,-1.3528680801391602
7528,-1.3442128896713257
7529,-1.3586052656173706
7530,-1.353542685508728
7531,-1.3540652990341187
7532,-1.3604285717010498
7533,-1.349666953086853
7534,-1.351975679397583
7535,-1.354295253753662
7536,-1.3541054725646973
7537,-1.3546638488769531
7538,-1.339780569076538
7539,-1.3546279668807983
7540,-1.3447911739349365
7541,-1.3461161851882935
7542,-1.353997826576233
7543,-1.3423348665237427
7544,-1.3518016338348389
7545,-1.358017921447754
7546,-1.3397729396820068
7547,-1.344550371170044
7548,-1.3486573696136475
7549,-1.3565783500671387
7550,-1.3391917943954468
7551,-1.337552785873413
7552,-1.318284511566162
7553,-1.3467572927474976
7554,-1.351091742515564
7555,-1.3465449810028076
7556,-1.3599025011062622
7557,-1.3564891815185547
7558,-1.3462077379226685
7559,-1.3382728099822998
7560,-1.3189265727996826
7561,-1.349029541015625
7562,-1.339430332183838
7563,-1.3513444662094116
7564,-1.3648176193237305
7565,-1.355388879776001
7566,-1.3551279306411743
7567,-1.3577063083648682
7568,-1.3540334701538086
7569,-1.353006362915039
7570,-1.346121072769165
7571,-1.3498482704162598
7572,-1.3525044918060303
7573,-1.3539677858352661
7574,-1.3547730445861816
7575,-1.3540840148925781
7576,-1.3459972143173218
7577,-1.3559049367904663
7578,-1.3455002307891846
7579,-1.35940420627594
7580,-1.3461568355560303
7581,-1.351701259613037
7582,-1.328373670578003
7583,-1.350735068321228
7584,-1.341479778289795
7585,-1.3468141555786133
7586,-1.3609905242919922
7587,-1.3411424160003662
7588,-1.3533501625061035
7589,-1.3409374952316284
7590,-1.3379782438278198
7591,-1.3539543151855469
7592,-1.3530715703964233
7593,-1.3561986684799194
7594,-1.322266936302185
7595,-1.3614215850830078
7596,-1.3599039316177368
7597,-1.355480670928955
7598,-1.3502682447433472
7599,-1.3541234731674194
7600,-1.3525843620300293
7601,-1.3560625314712524
7602,-1.3585667610168457
7603,-1.3516614437103271
7604,-1.3526840209960938
7605,-1.3480678796768188
7606,-1.3591032028198242
7607,-1.3410778045654297
7608,-1.3277603387832642
7609,-1.3450208902359009
7610,-1.3570510149002075
7611,-1.353714942932129
7612,-1.3576140403747559
7613,-1.353981852531433
7614,-1.363255262374878
7615,-1.348232388496399
7616,-1.3555749654769897
7617,-1.3530464172363281
7618,-1.3463321924209595
7619,-1.3401196002960205
7620,-1.329092025756836
7621,-1.3497297763824463
7622,-1.3542015552520752
7623,-1.3463088274002075
7624,-1.3510079383850098
7625,-1.3629612922668457
7626,-1.3473904132843018
7627,-1.3458147048950195
7628,-1.3452004194259644
7629,-1.3527495861053467
7630,-1.3486906290054321
7631,-1.3546466827392578
7632,-1.3568106889724731
7633,-1.3504551649093628
7634,-1.3580169677734375
7635,-1.3182203769683838
7636,-1.3369131088256836
7637,-1.3515849113464355
7638,-1.3344093561172485
7639,-1.3490331172943115
7640,-1.3549154996871948
7641,-1.3358345031738281
7642,-1.3560888767242432
7643,-1.3418453931808472
7644,-1.3235845565795898
7645,-1.3443834781646729
7646,-1.3464504480361938
7647,-1.3403362035751343
7648,-1.339396357536316
7649,-1.3338438272476196
7650,-1.3398923873901367
7651,-1.3394677639007568
7652,-1.3563529253005981
7653,-1.3571863174438477
7654,-1.340571403503418
7655,-1.341195821762085
7656,-1.3494312763214111
7657,-1.339682936668396
7658,-1.3526611328125
7659,-1.3567390441894531
7660,-1.3500750064849854
7661,-1.3534640073776245
7662,-1.355932354927063
7663,-1.3616511821746826
7664,-1.349687099456787
7665,-1.3489094972610474
7666,-1.3562790155410767
7667,-1.3422229290008545
7668,-1.323220133781433
7669,-1.358148455619812
7670,-1.3431590795516968
7671,-1.351518988609314
7672,-1.3510379791259766
7673,-1.355234980583191
7674,-1.3539716005325317
7675,-1.3570278882980347
7676,-1.3583940267562866
7677,-1.3630142211914062
7678,-1.359147548675537
7679,-1.356166124343872
7680,-1.355546236038208
7681,-1.3590596914291382
7682,-1.3627574443817139
7683,-1.346006155014038
7684,-1.3447530269622803
7685,-1.3557257652282715
7686,-1.3596503734588623
7687,-1.3514460325241089
7688,-1.3583955764770508
7689,-1.3626518249511719
7690,-1.3395394086837769
7691,-1.35211980342865
7692,-1.3492510318756104
7693,-1.3552439212799072
7694,-1.3480323553085327
7695,-1.360910415649414
7696,-1.3558720350265503
7697,-1.3572498559951782
7698,-1.3424701690673828
7699,-1.3546056747436523
7700,-1.3643531799316406
7701,-1.3530023097991943
7702,-1.3528776168823242
7703,-1.3603328466415405
7704,-1.3550498485565186
7705,-1.3532495498657227
7706,-1.3582226037979126
7707,-1.3597897291183472
7708,-1.3536231517791748
7709,-1.361153483390808
7710,-1.347022533416748
7711,-1.357224941253662
7712,-1.3655625581741333
7713,-1.3434218168258667
7714,-1.360202670097351
7715,-1.3395349979400635
7716,-1.3522697687149048
7717,-1.3547884225845337
7718,-1.3567644357681274
7719,-1.3454492092132568
7720,-1.3510724306106567
7721,-1.3540852069854736
7722,-1.341968059539795
7723,-1.359407901763916
7724,-1.3409829139709473
7725,-1.3397653102874756
7726,-1.3533170223236084
7727,-1.3549087047576904
7728,-1.3543972969055176
7729,-1.3464105129241943
7730,-1.352287769317627
7731,-1.3520530462265015
7732,-1.3398011922836304
7733,-1.3447283506393433
7734,-1.3504854440689087
7735,-1.3477245569229126
7736,-1.3585909605026245
7737,-1.3474009037017822
7738,-1.3422744274139404
7739,-1.3546521663665771
7740,-1.3483014106750488
7741,-1.35047447681427
7742,-1.3537267446517944
7743,-1.3330861330032349
7744,-1.330596923828125
7745,-1.3490387201309204
7746,-1.3505159616470337
7747,-1.3591766357421875
7748,-1.3551534414291382
7749,-1.3542511463165283
7750,-1.349937081336975
7751,-1.361370325088501
7752,-1.3200898170471191
7753,-1.3398466110229492
7754,-1.3495399951934814
7755,-1.3074283599853516
7756,-1.3583742380142212
7757,-1.3512349128723145
7758,-1.3598707914352417
7759,-1.3637173175811768
7760,-1.3471318483352661
7761,-1.361649513244629
7762,-1.3477647304534912
7763,-1.3523218631744385
7764,-1.359312891960144
7765,-1.3499538898468018
7766,-1.3524519205093384
7767,-1.351392388343811
7768,-1.3562182188034058
7769,-1.3583208322525024
7770,-1.3439888954162598
7771,-1.349198818206787
7772,-1.3319947719573975
7773,-1.3337111473083496
7774,-1.3290903568267822
7775,-1.3480291366577148
7776,-1.3470462560653687
7777,-1.3547648191452026
7778,-1.3562930822372437
7779,-1.3485660552978516
7780,-1.3542280197143555
7781,-1.352094054222107
7782,-1.3622093200683594
7783,-1.3610014915466309
7784,-1.358559250831604
7785,-1.3460228443145752
7786,-1.3576282262802124
7787,-1.3580602407455444
7788,-1.3555889129638672
7789,-1.350028157234192
7790,-1.3529057502746582
7791,-1.34919011592865
7792,-1.346569299697876
7793,-1.3503286838531494
7794,-1.343982219696045
7795,-1.3577582836151123
7796,-1.3577373027801514
7797,-1.3515255451202393
7798,-1.3523932695388794
7799,-1.3564469814300537
7800,-1.3409740924835205
7801,-1.353319525718689
7802,-1.3101894855499268
7803,-1.3550469875335693
7804,-1.3465125560760498
7805,-1.3494623899459839
7806,-1.3603699207305908
7807,-1.3493837118148804
7808,-1.349228858947754
7809,-1.3568508625030518
7810,-1.345375895500183
7811,-1.336628794670105
7812,-1.3431085348129272
7813,-1.3480556011199951
7814,-1.3539224863052368
7815,-1.3541854619979858
7816,-1.3558282852172852
7817,-1.3573739528656006
7818,-1.3414275646209717
7819,-1.3526009321212769
7820,-1.350993275642395
7821,-1.3461859226226807
7822,-1.347553014755249
7823,-1.3346362113952637
7824,-1.3484017848968506
7825,-1.3515866994857788
7826,-1.362075686454773
7827,-1.353441834449768
7828,-1.3611438274383545
7829,-1.3473893404006958
7830,-1.3429038524627686
7831,-1.3203701972961426
7832,-1.3409713506698608
7833,-1.3427571058273315
7834,-1.3352878093719482
7835,-1.346143364906311
7836,-1.3387889862060547
7837,-1.3461008071899414
7838,-1.3466272354125977
7839,-1.36129891872406
7840,-1.3513941764831543
7841,-1.3491389751434326
7842,-1.338863730430603
7843,-1.3461767435073853
7844,-1.3554860353469849
7845,-1.3442323207855225
7846,-1.326183795928955
7847,-1.3496289253234863
7848,-1.351962685585022
7849,-1.3499159812927246
7850,-1.35130774974823
7851,-1.349210262298584
7852,-1.3439414501190186
7853,-1.3443126678466797
7854,-1.3507450819015503
7855,-1.3406550884246826
7856,-1.348552942276001
7857,-1.3568217754364014
7858,-1.3569843769073486
7859,-1.3498655557632446
7860,-1.3340942859649658
7861,-1.3545976877212524
7862,-1.3564012050628662
7863,-1.3616721630096436
7864,-1.3495433330535889
7865,-1.3597007989883423
7866,-1.3532499074935913
7867,-1.3520941734313965
7868,-1.3570021390914917
7869,-1.3540515899658203
7870,-1.3554470539093018
7871,-1.3506964445114136
7872,-1.3474782705307007
7873,-1.3579543828964233
7874,-1.3583829402923584
7875,-1.3410630226135254
7876,-1.3555132150650024
7877,-1.3564071655273438
7878,-1.3601272106170654
7879,-1.3463233709335327
7880,-1.3613479137420654
7881,-1.3660492897033691
7882,-1.352465271949768
7883,-1.3529095649719238
7884,-1.354561686515808
7885,-1.3520501852035522
7886,-1.3616951704025269
7887,-1.3535354137420654
7888,-1.3606255054473877
7889,-1.3584767580032349
7890,-1.361151099205017
7891,-1.3586139678955078
7892,-1.3587435483932495
7893,-1.3582518100738525
7894,-1.3559246063232422
7895,-1.354658842086792
7896,-1.3535380363464355
7897,-1.3548192977905273
7898,-1.3542470932006836
7899,-1.3556658029556274
7900,-1.3582165241241455
7901,-1.344696044921875
7902,-1.3536789417266846
7903,-1.3617684841156006
7904,-1.354683756828308
7905,-1.342278242111206
7906,-1.3461573123931885
7907,-1.35281503200531
7908,-1.3600035905838013
7909,-1.353899598121643
7910,-1.3596290349960327
7911,-1.354398488998413
7912,-1.3578840494155884
7913,-1.3618005514144897
7914,-1.3532640933990479
7915,-1.360044240951538
7916,-1.351104736328125
7917,-1.3571174144744873
7918,-1.3585119247436523
7919,-1.3555200099945068
7920,-1.3525861501693726
7921,-1.3581104278564453
7922,-1.3556971549987793
7923,-1.3532567024230957
7924,-1.3358025550842285
7925,-1.3471431732177734
7926,-1.354905128479004
7927,-1.3516449928283691
7928,-1.3527742624282837
7929,-1.3517097234725952
7930,-1.3200963735580444
7931,-1.3461472988128662
7932,-1.3545870780944824
7933,-1.3574217557907104
7934,-1.3578699827194214
7935,-1.3556435108184814
7936,-1.3503141403198242
7937,-1.3512065410614014
7938,-1.3439387083053589
7939,-1.3311740159988403
7940,-1.3606505393981934
7941,-1.350433588027954
7942,-1.3119707107543945
7943,-1.3539842367172241
7944,-1.3587653636932373
7945,-1.35398268699646
7946,-1.3463788032531738
7947,-1.3600449562072754
7948,-1.3483524322509766
7949,-1.3513283729553223
7950,-1.3621336221694946
7951,-1.3372564315795898
7952,-1.3547807931900024
7953,-1.3590848445892334
7954,-1.3362637758255005
7955,-1.350181221961975
7956,-1.356720209121704
7957,-1.3560352325439453
7958,-1.36710524559021
7959,-1.3443492650985718
7960,-1.3455486297607422
7961,-1.347762942314148
7962,-1.3505783081054688
7963,-1.3508596420288086
7964,-1.3509151935577393
7965,-1.3508846759796143
7966,-1.3539507389068604
7967,-1.3449289798736572
7968,-1.3535363674163818
7969,-1.344056487083435
7970,-1.3450511693954468
7971,-1.3408360481262207
7972,-1.3528679609298706
7973,-1.3609497547149658
7974,-1.349444031715393
7975,-1.3526082038879395
7976,-1.3536869287490845
7977,-1.355419397354126
7978,-1.3545588254928589
7979,-1.351489782333374
7980,-1.3394697904586792
7981,-1.3607429265975952
7982,-1.351093053817749
7983,-1.3610098361968994
7984,-1.350399374961853
7985,-1.3509286642074585
7986,-1.3411595821380615
7987,-1.351351261138916
7988,-1.325312852859497
7989,-1.348348617553711
7990,-1.3494278192520142
7991,-1.3534382581710815
7992,-1.3334424495697021
7993,-1.3238321542739868
7994,-1.3487095832824707
7995,-1.360046148300171
7996,-1.3514257669448853
7997,-1.3493846654891968
7998,-1.3463211059570312
7999,-1.3552683591842651
8000,-1.3581864833831787
8001,-1.3475574254989624
8002,-1.3578146696090698
8003,-1.3512768745422363
8004,-1.3450393676757812
8005,-1.353043556213379
8006,-1.3559410572052002
8007,-1.3536181449890137
8008,-1.341256022453308
8009,-1.3438295125961304
8010,-1.3582110404968262
8011,-1.3526160717010498
8012,-1.3422261476516724
8013,-1.3531088829040527
8014,-1.3554251194000244
8015,-1.3334547281265259
8016,-1.352881908416748
8017,-1.3532599210739136
8018,-1.3564532995224
8019,-1.343125581741333
8020,-1.3512275218963623
8021,-1.2980623245239258
8022,-1.3521544933319092
8023,-1.3537025451660156
8024,-1.3586556911468506
8025,-1.3480761051177979
8026,-1.3482011556625366
8027,-1.3497881889343262
8028,-1.3433449268341064
8029,-1.3558385372161865
8030,-1.3546037673950195
8031,-1.3331385850906372
8032,-1.3516881465911865
8033,-1.3562697172164917
8034,-1.3548014163970947
8035,-1.366480827331543
8036,-1.3559222221374512
8037,-1.3497647047042847
8038,-1.3479669094085693
8039,-1.3641048669815063
8040,-1.3383252620697021
8041,-1.3554986715316772
8042,-1.3580389022827148
8043,-1.3376165628433228
8044,-1.3498046398162842
8045,-1.3602862358093262
8046,-1.3635575771331787
8047,-1.355299949645996
8048,-1.3501631021499634
8049,-1.3487575054168701
8050,-1.3584156036376953
8051,-1.3388302326202393
8052,-1.3575581312179565
8053,-1.3535573482513428
8054,-1.360616683959961
8055,-1.35102379322052
8056,-1.366126537322998
8057,-1.360635757446289
8058,-1.3511199951171875
8059,-1.3456417322158813
8060,-1.3649698495864868
8061,-1.3541004657745361
8062,-1.3521064519882202
8063,-1.3590611219406128
8064,-1.3603310585021973
8065,-1.3612343072891235
8066,-1.357126235961914
8067,-1.357377529144287
8068,-1.347863793373108
8069,-1.3510369062423706
8070,-1.3419560194015503
8071,-1.3614362478256226
8072,-1.3468570709228516
8073,-1.3522869348526
8074,-1.3518285751342773
8075,-1.3516831398010254
8076,-1.367910623550415
8077,-1.3523558378219604
8078,-1.3503751754760742
8079,-1.3314940929412842
8080,-1.3352570533752441
8081,-1.3510549068450928
8082,-1.3540828227996826
8083,-1.3504130840301514
8084,-1.3465863466262817
8085,-1.3461519479751587
8086,-1.3505479097366333
8087,-1.3510534763336182
8088,-1.347104549407959
8089,-1.3547248840332031
8090,-1.3253649473190308
8091,-1.3520042896270752
8092,-1.3563302755355835
8093,-1.352356195449829
8094,-1.3522119522094727
8095,-1.3512694835662842
8096,-1.3529610633850098
8097,-1.3532042503356934
8098,-1.3631064891815186
8099,-1.359930396080017
8100,-1.3527911901474
8101,-1.3645604848861694
8102,-1.355767011642456
8103,-1.3510332107543945
8104,-1.3547508716583252
8105,-1.3529624938964844
8106,-1.3427183628082275
8107,-1.359060525894165
8108,-1.3490855693817139
8109,-1.3464369773864746
8110,-1.3426146507263184
8111,-1.362140417098999
8112,-1.3307256698608398
8113,-1.3417049646377563
8114,-1.3619914054870605
8115,-1.3509998321533203
8116,-1.3549220561981201
8117,-1.358596920967102
8118,-1.3502675294876099
8119,-1.3501039743423462
8120,-1.3527414798736572
8121,-1.3606629371643066
8122,-1.3582504987716675
8123,-1.3499650955200195
8124,-1.3546065092086792
8125,-1.3544824123382568
8126,-1.3119473457336426
8127,-1.3560854196548462
8128,-1.3610754013061523
8129,-1.3568798303604126
8130,-1.3555288314819336
8131,-1.344325065612793
8132,-1.353623867034912
8133,-1.3554648160934448
8134,-1.3527265787124634
8135,-1.35599946975708
8136,-1.3616656064987183
8137,-1.3524184226989746
8138,-1.3618271350860596
8139,-1.35779869556427
8140,-1.36111319065094
8141,-1.3394230604171753
8142,-1.3556798696517944
8143,-1.3589789867401123
8144,-1.3572442531585693
8145,-1.3545857667922974
8146,-1.3489675521850586
8147,-1.3542510271072388
8148,-1.3600786924362183
8149,-1.35966157913208
8150,-1.3588087558746338
8151,-1.3574397563934326
8152,-1.337788462638855
8153,-1.3548634052276611
8154,-1.359769582748413
8155,-1.352074384689331
8156,-1.3531510829925537
8157,-1.3482991456985474
8158,-1.3623439073562622
8159,-1.3594317436218262
8160,-1.3539750576019287
8161,-1.3382422924041748
8162,-1.3599565029144287
8163,-1.3457216024398804
8164,-1.3529291152954102
8165,-1.3485110998153687
8166,-1.360834002494812
8167,-1.3403871059417725
8168,-1.3444372415542603
8169,-1.338133454322815
8170,-1.3565870523452759
8171,-1.3415476083755493
8172,-1.359397292137146
8173,-1.3567832708358765
8174,-1.358507752418518
8175,-1.3538973331451416
8176,-1.3412864208221436
8177,-1.3504213094711304
8178,-1.3641605377197266
8179,-1.3550660610198975
8180,-1.3552345037460327
8181,-1.361271858215332
8182,-1.3484718799591064
8183,-1.3429336547851562
8184,-1.3548510074615479
8185,-1.3501275777816772
8186,-1.341683268547058
8187,-1.3593213558197021
8188,-1.3571873903274536
8189,-1.358962059020996
8190,-1.3609622716903687
8191,-1.352639079093933
8192,-1.3555257320404053
8193,-1.3602381944656372
8194,-1.3560541868209839
8195,-1.3463575839996338
8196,-1.3509480953216553
8197,-1.317086100578308
8198,-1.34542977809906
8199,-1.3600267171859741
8200,-1.3389230966567993
8201,-1.3556941747665405
8202,-1.3568342924118042
8203,-1.3463469743728638
8204,-1.3573822975158691
8205,-1.337815284729004
8206,-1.340037226676941
8207,-1.3430898189544678
8208,-1.341135025024414
8209,-1.3442060947418213
8210,-1.3342798948287964
8211,-1.3477387428283691
8212,-1.3540220260620117
8213,-1.3448015451431274
8214,-1.3422688245773315
8215,-1.3572485446929932
8216,-1.3523679971694946
8217,-1.3421354293823242
8218,-1.3400439023971558
8219,-1.3537932634353638
8220,-1.3409357070922852
8221,-1.3431081771850586
8222,-1.339601993560791
8223,-1.3599733114242554
8224,-1.354339361190796
8225,-1.3464431762695312
8226,-1.35931396484375
8227,-1.3522226810455322
8228,-1.3547803163528442
8229,-1.35850191116333
8230,-1.3552324771881104
8231,-1.3620376586914062
8232,-1.3453465700149536
8233,-1.3501266241073608
8234,-1.3192771673202515
8235,-1.3569399118423462
8236,-1.3511486053466797
8237,-1.3675143718719482
8238,-1.3561265468597412
8239,-1.359572410583496
8240,-1.3585950136184692
8241,-1.3507646322250366
8242,-1.3564653396606445
8243,-1.3595654964447021
8244,-1.3608264923095703
8245,-1.3548741340637207
8246,-1.3614286184310913
8247,-1.3440698385238647
8248,-1.3540061712265015
8249,-1.3495128154754639
8250,-1.355628252029419
8251,-1.3546785116195679
8252,-1.3599278926849365
8253,-1.354640245437622
8254,-1.3574131727218628
8255,-1.3491708040237427
8256,-1.3575292825698853
8257,-1.3573954105377197
8258,-1.3615717887878418
8259,-1.3611990213394165
8260,-1.3583678007125854
8261,-1.3551900386810303
8262,-1.3525785207748413
8263,-1.3532049655914307
8264,-1.358070731163025
8265,-1.3566629886627197
8266,-1.3564891815185547
8267,-1.3577427864074707
8268,-1.3541994094848633
8269,-1.3539555072784424
8270,-1.3536843061447144
8271,-1.3596328496932983
8272,-1.3356293439865112
8273,-1.3611063957214355
8274,-1.3568416833877563
8275,-1.3589693307876587
8276,-1.359408974647522
8277,-1.3598735332489014
8278,-1.349389910697937
8279,-1.3564237356185913
8280,-1.3690791130065918
8281,-1.3477221727371216
8282,-1.352632999420166
8283,-1.356545090675354
8284,-1.3531081676483154
8285,-1.360481858253479
8286,-1.3604927062988281
8287,-1.3630121946334839
8288,-1.3577786684036255
8289,-1.3524744510650635
8290,-1.3545513153076172
8291,-1.3565775156021118
8292,-1.3459628820419312
8293,-1.3508975505828857
8294,-1.3515287637710571
8295,-1.3587617874145508
8296,-1.3571035861968994
8297,-1.3565168380737305
8298,-1.3548192977905273
8299,-1.3441646099090576
8300,-1.3611749410629272
8301,-1.3669418096542358
8302,-1.3443111181259155
8303,-1.3540983200073242
8304,-1.3545467853546143
8305,-1.3538602590560913
8306,-1.3613851070404053
8307,-1.3560534715652466
8308,-1.357578158378601
8309,-1.361270546913147
8310,-1.3567228317260742
8311,-1.3522741794586182
8312,-1.3500628471374512
8313,-1.35526442527771
8314,-1.356139898300171
8315,-1.3526276350021362
8316,-1.350517988204956
8317,-1.3574120998382568
8318,-1.3612570762634277
8319,-1.3623483180999756
8320,-1.359796166419983
8321,-1.357668399810791
8322,-1.3565866947174072
8323,-1.3547922372817993
8324,-1.3552048206329346
8325,-1.3541381359100342
8326,-1.351747989654541
8327,-1.3466933965682983
8328,-1.3610336780548096
8329,-1.3617360591888428
8330,-1.339128017425537
8331,-1.3299622535705566
8332,-1.3544237613677979
8333,-1.3607230186462402
8334,-1.3553590774536133
8335,-1.3591866493225098
8336,-1.359716773033142
8337,-1.3635072708129883
8338,-1.3540682792663574
8339,-1.3637893199920654
8340,-1.2993639707565308
8341,-1.3597300052642822
8342,-1.3520878553390503
8343,-1.3550242185592651
8344,-1.3584749698638916
8345,-1.3506321907043457
8346,-1.351942777633667
8347,-1.355210542678833
8348,-1.3496109247207642
8349,-1.3605625629425049
8350,-1.3571155071258545
8351,-1.3390169143676758
8352,-1.3619823455810547
8353,-1.360870122909546
8354,-1.3631060123443604
8355,-1.3583786487579346
8356,-1.3646736145019531
8357,-1.3560417890548706
8358,-1.3441522121429443
8359,-1.335845947265625
8360,-1.336857795715332
8361,-1.3482701778411865
8362,-1.3538058996200562
8363,-1.3560720682144165
8364,-1.34158456325531
8365,-1.3437222242355347
8366,-1.361156702041626
8367,-1.3550310134887695
8368,-1.3487671613693237
8369,-1.34026300907135
8370,-1.3578771352767944
8371,-1.35039222240448
8372,-1.3394320011138916
8373,-1.357470989227295
8374,-1.3394211530685425
8375,-1.3515993356704712
8376,-1.359246015548706
8377,-1.3420740365982056
8378,-1.3514509201049805
8379,-1.357312560081482
8380,-1.3553454875946045
8381,-1.3494869470596313
8382,-1.364699125289917
8383,-1.3511143922805786
8384,-1.3679289817810059
8385,-1.360060214996338
8386,-1.35747230052948
8387,-1.3488489389419556
8388,-1.3576120138168335
8389,-1.360534906387329
8390,-1.3202667236328125
8391,-1.353097915649414
8392,-1.3442468643188477
8393,-1.3448758125305176
8394,-1.346958875656128
8395,-1.3509085178375244
8396,-1.3538501262664795
8397,-1.3490619659423828
8398,-1.3616430759429932
8399,-1.3005732297897339
8400,-1.3557775020599365
8401,-1.3492323160171509
8402,-1.358713150024414
8403,-1.350027322769165
8404,-1.3586106300354004
8405,-1.3290904760360718
8406,-1.3522602319717407
8407,-1.3565057516098022
8408,-1.3574544191360474
8409,-1.3662837743759155
8410,-1.349103331565857
8411,-1.3501431941986084
8412,-1.3560987710952759
8413,-1.3544948101043701
8414,-1.3431382179260254
8415,-1.3466672897338867
8416,-1.35608971118927
8417,-1.3450270891189575
8418,-1.36102294921875
8419,-1.3600214719772339
8420,-1.358662724494934
8421,-1.3567709922790527
8422,-1.351711630821228
8423,-1.3502603769302368
8424,-1.351885199546814
8425,-1.3509546518325806
8426,-1.3516584634780884
8427,-1.3421192169189453
8428,-1.355680227279663
8429,-1.364395260810852
8430,-1.3356071710586548
8431,-1.359579086303711
8432,-1.3638242483139038
8433,-1.3571655750274658
8434,-1.363882303237915
8435,-1.345205545425415
8436,-1.3542921543121338
8437,-1.3574488162994385
8438,-1.3552607297897339
8439,-1.3360955715179443
8440,-1.3584001064300537
8441,-1.3573187589645386
8442,-1.346920371055603
8443,-1.3659735918045044
8444,-1.3557071685791016
8445,-1.3450469970703125
8446,-1.326796531677246
8447,-1.3237590789794922
8448,-1.3515183925628662
8449,-1.3600138425827026
8450,-1.3578704595565796
8451,-1.3597387075424194
8452,-1.3547422885894775
8453,-1.3445228338241577
8454,-1.3541942834854126
8455,-1.3565987348556519
8456,-1.356821060180664
8457,-1.355076551437378
8458,-1.3574254512786865
8459,-1.3561468124389648
8460,-1.3637351989746094
8461,-1.3568377494812012
8462,-1.3644497394561768
8463,-1.3466949462890625
8464,-1.3546911478042603
8465,-1.3598710298538208
8466,-1.3644874095916748
8467,-1.3591773509979248
8468,-1.3594163656234741
8469,-1.3548500537872314
8470,-1.356652855873108
8471,-1.354462742805481
8472,-1.35520601272583
8473,-1.3355993032455444
8474,-1.3588624000549316
8475,-1.3542238473892212
8476,-1.357234001159668
8477,-1.3599859476089478
8478,-1.3538134098052979
8479,-1.3569697141647339
8480,-1.36318039894104
8481,-1.3464624881744385
8482,-1.346021294593811
8483,-1.3619412183761597
8484,-1.3531900644302368
8485,-1.3583331108093262
8486,-1.3618967533111572
8487,-1.3628978729248047
8488,-1.3582611083984375
8489,-1.3579556941986084
8490,-1.3632607460021973
8491,-1.3501027822494507
8492,-1.3645427227020264
8493,-1.3648478984832764
8494,-1.3554223775863647
8495,-1.3543270826339722
8496,-1.3539073467254639
8497,-1.362518072128296
8498,-1.359094262123108
8499,-1.3521058559417725
8500,-1.3597007989883423
8501,-1.3393328189849854
8502,-1.357643961906433
8503,-1.3554913997650146
8504,-1.3578637838363647
8505,-1.353770136833191
8506,-1.3550384044647217
8507,-1.3561309576034546
8508,-1.3510459661483765
8509,-1.3564491271972656
8510,-1.3570880889892578
8511,-1.3595706224441528
8512,-1.3274500370025635
8513,-1.3523329496383667
8514,-1.3556466102600098
8515,-1.3236178159713745
8516,-1.3666675090789795
8517,-1.3390274047851562
8518,-1.3633970022201538
8519,-1.3347110748291016
8520,-1.361228346824646
8521,-1.334895133972168
8522,-1.3557217121124268
8523,-1.3610409498214722
8524,-1.3525173664093018
8525,-1.3487231731414795
8526,-1.358445405960083
8527,-1.3567934036254883
8528,-1.35794997215271
8529,-1.3593635559082031
8530,-1.3634417057037354
8531,-1.3479382991790771
8532,-1.354885220527649
8533,-1.3522015810012817
8534,-1.3569316864013672
8535,-1.357958197593689
8536,-1.3542276620864868
8537,-1.34718918800354
8538,-1.3636558055877686
8539,-1.355411171913147
8540,-1.3547425270080566
8541,-1.3484077453613281
8542,-1.358738660812378
8543,-1.3572602272033691
8544,-1.3549975156784058
8545,-1.3628066778182983
8546,-1.3573888540267944
8547,-1.3545643091201782
8548,-1.3576922416687012
8549,-1.35861337184906
8550,-1.3571521043777466
8551,-1.3561415672302246
8552,-1.3599853515625
8553,-1.3586339950561523
8554,-1.3457356691360474
8555,-1.3616273403167725
8556,-1.3565386533737183
8557,-1.3464821577072144
8558,-1.3606529235839844
8559,-1.362413763999939
8560,-1.355502724647522
8561,-1.3610533475875854
8562,-1.3504602909088135
8563,-1.357065200805664
8564,-1.3588148355484009
8565,-1.3549236059188843
8566,-1.3604143857955933
8567,-1.3593900203704834
8568,-1.3475745916366577
8569,-1.3594307899475098
8570,-1.3595681190490723
8571,-1.3597339391708374
8572,-1.3631951808929443
8573,-1.3567956686019897
8574,-1.3570340871810913
8575,-1.3614033460617065
8576,-1.358337640762329
8577,-1.3631467819213867
8578,-1.3435813188552856
8579,-1.3425462245941162
8580,-1.3629848957061768
8581,-1.3636727333068848
8582,-1.3621997833251953
8583,-1.3596137762069702
8584,-1.3652870655059814
8585,-1.3527553081512451
8586,-1.3545726537704468
8587,-1.3590872287750244
8588,-1.3490581512451172
8589,-1.3561347723007202
8590,-1.3559077978134155
8591,-1.3574347496032715
8592,-1.3614330291748047
8593,-1.3639798164367676
8594,-1.3598740100860596
8595,-1.3530677556991577
8596,-1.362142562866211
8597,-1.3673704862594604
8598,-1.3557307720184326
8599,-1.3665122985839844
8600,-1.3338936567306519
8601,-1.3593628406524658
8602,-1.3595627546310425
8603,-1.345116138458252
8604,-1.3563193082809448
8605,-1.3549772500991821
8606,-1.3369319438934326
8607,-1.3539763689041138
8608,-1.3537003993988037
8609,-1.341432809829712
8610,-1.3493372201919556
8611,-1.3503385782241821
8612,-1.3479254245758057
8613,-1.3533711433410645
8614,-1.3541134595870972
8615,-1.3503940105438232
8616,-1.3561992645263672
8617,-1.3563859462738037
8618,-1.3632864952087402
8619,-1.3514397144317627
8620,-1.3587831258773804
8621,-1.3675929307937622
8622,-1.3529222011566162
8623,-1.3553541898727417
8624,-1.3361636400222778
8625,-1.3484019041061401
8626,-1.3494024276733398
8627,-1.3640015125274658
8628,-1.3562791347503662
8629,-1.3523670434951782
8630,-1.3481619358062744
8631,-1.3493820428848267
8632,-1.354595422744751
8633,-1.360393762588501
8634,-1.361650824546814
8635,-1.3208012580871582
8636,-1.3427817821502686
8637,-1.3437505960464478
8638,-1.3562843799591064
8639,-1.3499829769134521
8640,-1.3503985404968262
8641,-1.3499281406402588
8642,-1.3502930402755737
8643,-1.3494623899459839
8644,-1.3534729480743408
8645,-1.3634989261627197
8646,-1.3522617816925049
8647,-1.3472936153411865
8648,-1.343623399734497
8649,-1.3549540042877197
8650,-1.3502581119537354
8651,-1.3580622673034668
8652,-1.3549026250839233
8653,-1.3589866161346436
8654,-1.3544652462005615
8655,-1.3555322885513306
8656,-1.3604307174682617
8657,-1.363372802734375
8658,-1.3604440689086914
8659,-1.360352873802185
8660,-1.3607763051986694
8661,-1.354023814201355
8662,-1.3679536581039429
8663,-1.3620284795761108
8664,-1.3478506803512573
8665,-1.3549671173095703
8666,-1.3524011373519897
8667,-1.358666181564331
8668,-1.357447624206543
8669,-1.3518426418304443
8670,-1.3581968545913696
8671,-1.3589329719543457
8672,-1.3540838956832886
8673,-1.359058141708374
8674,-1.3644299507141113
8675,-1.3559459447860718
8676,-1.3612016439437866
8677,-1.3553438186645508
8678,-1.326667070388794
8679,-1.360014796257019
8680,-1.3476213216781616
8681,-1.3528118133544922
8682,-1.349317193031311
8683,-1.3636589050292969
8684,-1.3504140377044678
8685,-1.362266182899475
8686,-1.3573120832443237
8687,-1.3476015329360962
8688,-1.363714575767517
8689,-1.360654592514038
8690,-1.3525265455245972
8691,-1.3568421602249146
8692,-1.3562731742858887
8693,-1.3517670631408691
8694,-1.3454148769378662
8695,-1.360215425491333
8696,-1.3491456508636475
8697,-1.3470680713653564
8698,-1.357678771018982
8699,-1.362710952758789
8700,-1.3609519004821777
8701,-1.361377477645874
8702,-1.3589942455291748
8703,-1.3600778579711914
8704,-1.3593865633010864
8705,-1.3447922468185425
8706,-1.3579370975494385
8707,-1.3611079454421997
8708,-1.3511203527450562
8709,-1.353327989578247
8710,-1.3626160621643066
8711,-1.360181450843811
8712,-1.3640426397323608
8713,-1.3592883348464966
8714,-1.3569605350494385
8715,-1.3453278541564941
8716,-1.3516860008239746
8717,-1.3499826192855835
8718,-1.3562358617782593
8719,-1.3562655448913574
8720,-1.3607089519500732
8721,-1.3341164588928223
8722,-1.3600391149520874
8723,-1.35270094871521
8724,-1.364310383796692
8725,-1.3590131998062134
8726,-1.351959466934204
8727,-1.363582730293274
8728,-1.3529728651046753
8729,-1.3586572408676147
8730,-1.3483227491378784
8731,-1.3611600399017334
8732,-1.3366014957427979
8733,-1.353247046470642
8734,-1.3557226657867432
8735,-1.3524061441421509
8736,-1.3311411142349243
8737,-1.3618738651275635
8738,-1.349766731262207
8739,-1.3482097387313843
8740,-1.35711669921875
8741,-1.3491182327270508
8742,-1.350433349609375
8743,-1.3548204898834229
8744,-1.3444607257843018
8745,-1.3628079891204834
8746,-1.353872537612915
8747,-1.3584942817687988
8748,-1.3638561964035034
8749,-1.3550466299057007
8750,-1.3512042760849
8751,-1.3603140115737915
8752,-1.3597599267959595
8753,-1.3377240896224976
8754,-1.331007957458496
8755,-1.355747103691101
8756,-1.3593889474868774
8757,-1.3585809469223022
8758,-1.355111002922058
8759,-1.3587255477905273
8760,-1.353011131286621
8761,-1.363067865371704
8762,-1.3490943908691406
8763,-1.3600109815597534
8764,-1.356115460395813
8765,-1.362544059753418
8766,-1.3615047931671143
8767,-1.3569821119308472
8768,-1.345119595527649
8769,-1.3559719324111938
8770,-1.3550888299942017
8771,-1.3429423570632935
8772,-1.357135534286499
8773,-1.35219407081604
8774,-1.3582948446273804
8775,-1.3487693071365356
8776,-1.3614044189453125
8777,-1.3568686246871948
8778,-1.3629138469696045
8779,-1.3580617904663086
8780,-1.332972764968872
8781,-1.3558489084243774
8782,-1.3360016345977783
8783,-1.359910488128662
8784,-1.3622283935546875
8785,-1.3634510040283203
8786,-1.3604493141174316
8787,-1.366316795349121
8788,-1.3521409034729004
8789,-1.3562206029891968
8790,-1.3624910116195679
8791,-1.3566067218780518
8792,-1.3616360425949097
8793,-1.3549392223358154
8794,-1.356153964996338
8795,-1.3524301052093506
8796,-1.367459774017334
8797,-1.3597983121871948
8798,-1.3490474224090576
8799,-1.3596429824829102
8800,-1.3554928302764893
8801,-1.3582475185394287
8802,-1.3526172637939453
8803,-1.352447271347046
8804,-1.3607478141784668
8805,-1.362555742263794
8806,-1.3592376708984375
8807,-1.3502752780914307
8808,-1.3608472347259521
8809,-1.345194697380066
8810,-1.3490302562713623
8811,-1.3488221168518066
8812,-1.357024908065796
8813,-1.354647159576416
8814,-1.3596996068954468
8815,-1.3567900657653809
8816,-1.3656001091003418
8817,-1.3483022451400757
8818,-1.3632272481918335
8819,-1.3499165773391724
8820,-1.3563623428344727
8821,-1.3603322505950928
8822,-1.355531096458435
8823,-1.3650999069213867
8824,-1.3614630699157715
8825,-1.3413680791854858
8826,-1.3542118072509766
8827,-1.3535653352737427
8828,-1.3432937860488892
8829,-1.3549445867538452
8830,-1.3575221300125122
8831,-1.3572038412094116
8832,-1.360394835472107
8833,-1.3615642786026
8834,-1.3462787866592407
8835,-1.3370749950408936
8836,-1.3496936559677124
8837,-1.3544903993606567
8838,-1.3625863790512085
8839,-1.344158411026001
8840,-1.3578476905822754
8841,-1.3542643785476685
8842,-1.3586547374725342
8843,-1.340807557106018
8844,-1.3628015518188477
8845,-1.3469736576080322
8846,-1.3534066677093506
8847,-1.3542444705963135
8848,-1.330987572669983
8849,-1.3543822765350342
8850,-1.3578418493270874
8851,-1.3553870916366577
8852,-1.3513561487197876
8853,-1.3488119840621948
8854,-1.3529871702194214
8855,-1.3501938581466675
8856,-1.3437061309814453
8857,-1.3504397869110107
8858,-1.337291955947876
8859,-1.3528498411178589
8860,-1.3418269157409668
8861,-1.3516016006469727
8862,-1.354756236076355
8863,-1.3474417924880981
8864,-1.3636128902435303
8865,-1.362178921699524
8866,-1.3480381965637207
8867,-1.3542181253433228
8868,-1.3469674587249756
8869,-1.3627901077270508
8870,-1.3559513092041016
8871,-1.3546593189239502
8872,-1.3586941957473755
8873,-1.340260624885559
8874,-1.3572254180908203
8875,-1.3592607975006104
8876,-1.3632105588912964
8877,-1.3576558828353882
8878,-1.3545631170272827
8879,-1.351806879043579
8880,-1.3387393951416016
8881,-1.3603084087371826
8882,-1.3478584289550781
8883,-1.3573718070983887
8884,-1.3570892810821533
8885,-1.3605554103851318
8886,-1.3496894836425781
8887,-1.357097864151001
8888,-1.3632351160049438
8889,-1.3595885038375854
8890,-1.3568480014801025
8891,-1.3501992225646973
8892,-1.3588900566101074
8893,-1.365494728088379
8894,-1.3589659929275513
8895,-1.3595138788223267
8896,-1.3580647706985474
8897,-1.3546184301376343
8898,-1.352413296699524
8899,-1.365002989768982
8900,-1.3532313108444214
8901,-1.3530982732772827
8902,-1.3559190034866333
8903,-1.3595640659332275
8904,-1.3445417881011963
8905,-1.3547639846801758
8906,-1.353770136833191
8907,-1.3583003282546997
8908,-1.3638776540756226
8909,-1.3410104513168335
8910,-1.3559341430664062
8911,-1.3548436164855957
8912,-1.3500505685806274
8913,-1.351935863494873
8914,-1.35098397731781
8915,-1.3620413541793823
8916,-1.354826807975769
8917,-1.3455536365509033
8918,-1.3620957136154175
8919,-1.3512699604034424
8920,-1.3676888942718506
8921,-1.3523216247558594
8922,-1.358236312866211
8923,-1.3585366010665894
8924,-1.3647010326385498
8925,-1.3450393676757812
8926,-1.3599685430526733
8927,-1.3608360290527344
8928,-1.3343088626861572
8929,-1.3560686111450195
8930,-1.3658628463745117
8931,-1.3598582744598389
8932,-1.3533799648284912
8933,-1.3722078800201416
8934,-1.359899878501892
8935,-1.3597439527511597
8936,-1.3578718900680542
8937,-1.349690318107605
8938,-1.3606061935424805
8939,-1.3369417190551758
8940,-1.3536770343780518
8941,-1.360890507698059
8942,-1.3505979776382446
8943,-1.3637282848358154
8944,-1.3556299209594727
8945,-1.3643147945404053
8946,-1.3513497114181519
8947,-1.3575356006622314
8948,-1.357330083847046
8949,-1.3650269508361816
8950,-1.3630294799804688
8951,-1.3573088645935059
8952,-1.3535925149917603
8953,-1.3573206663131714
8954,-1.3433014154434204
8955,-1.3600444793701172
8956,-1.3572611808776855
8957,-1.3596683740615845
8958,-1.3418673276901245
8959,-1.3556411266326904
8960,-1.3614623546600342
8961,-1.3586626052856445
8962,-1.360134243965149
8963,-1.3644599914550781
8964,-1.364467740058899
8965,-1.3616313934326172
8966,-1.358933925628662
8967,-1.3451489210128784
8968,-1.3613603115081787
8969,-1.363625168800354
8970,-1.3508524894714355
8971,-1.354754090309143
8972,-1.3542436361312866
8973,-1.3537405729293823
8974,-1.3406851291656494
8975,-1.3457720279693604
8976,-1.3399323225021362
8977,-1.3558001518249512
8978,-1.3613111972808838
8979,-1.3643511533737183
8980,-1.3631502389907837
8981,-1.3568021059036255
8982,-1.358249545097351
8983,-1.353617548942566
8984,-1.3480334281921387
8985,-1.3542497158050537
8986,-1.364231824874878
8987,-1.3513692617416382
8988,-1.3427555561065674
8989,-1.356611967086792
8990,-1.361975073814392
8991,-1.3641884326934814
8992,-1.360548496246338
8993,-1.3534520864486694
8994,-1.346031904220581
8995,-1.3562719821929932
8996,-1.356592059135437
8997,-1.3492870330810547
8998,-1.3577451705932617
8999,-1.3593664169311523
9000,-1.359304666519165
9001,-1.3550916910171509
9002,-1.3626899719238281
9003,-1.3643845319747925
9004,-1.3615038394927979
9005,-1.359296441078186
9006,-1.344238042831421
9007,-1.3572719097137451
9008,-1.3526036739349365
9009,-1.3569905757904053
9010,-1.3490022420883179
9011,-1.363950490951538
9012,-1.351271629333496
9013,-1.3373808860778809
9014,-1.3352911472320557
9015,-1.3554681539535522
9016,-1.3550223112106323
9017,-1.3608131408691406
9018,-1.3580031394958496
9019,-1.3460516929626465
9020,-1.3604446649551392
9021,-1.3577684164047241
9022,-1.3583872318267822
9023,-1.3494879007339478
9024,-1.359300136566162
9025,-1.3585740327835083
9026,-1.3528354167938232
9027,-1.3562766313552856
9028,-1.3543113470077515
9029,-1.3633407354354858
9030,-1.3608136177062988
9031,-1.3481976985931396
9032,-1.35489022731781
9033,-1.3611726760864258
9034,-1.3656020164489746
9035,-1.350929856300354
9036,-1.3530170917510986
9037,-1.342898964881897
9038,-1.3521506786346436
9039,-1.3609594106674194
9040,-1.3517389297485352
9041,-1.35202956199646
9042,-1.3562495708465576
9043,-1.3578596115112305
9044,-1.3617298603057861
9045,-1.3631575107574463
9046,-1.3622606992721558
9047,-1.3244332075119019
9048,-1.360663890838623
9049,-1.3646430969238281
9050,-1.3599426746368408
9051,-1.347438931465149
9052,-1.3620152473449707
9053,-1.3472890853881836
9054,-1.3455570936203003
9055,-1.3672566413879395
9056,-1.3610795736312866
9057,-1.3500759601593018
9058,-1.3515479564666748
9059,-1.3595926761627197
9060,-1.3393590450286865
9061,-1.3611433506011963
9062,-1.360237717628479
9063,-1.3607597351074219
9064,-1.3444337844848633
9065,-1.3522672653198242
9066,-1.3602116107940674
9067,-1.3554390668869019
9068,-1.3458245992660522
9069,-1.3586424589157104
9070,-1.3537992238998413
9071,-1.3527647256851196
9072,-1.3500399589538574
9073,-1.3588099479675293
9074,-1.355384111404419
9075,-1.357817530632019
9076,-1.3426769971847534
9077,-1.3359005451202393
9078,-1.3436932563781738
9079,-1.3596607446670532
9080,-1.3536890745162964
9081,-1.3622245788574219
9082,-1.3557482957839966
9083,-1.3543674945831299
9084,-1.3582813739776611
9085,-1.3475903272628784
9086,-1.3574093580245972
9087,-1.3631129264831543
9088,-1.349899411201477
9089,-1.369885802268982
9090,-1.3541680574417114
9091,-1.355086326599121
9092,-1.3487857580184937
9093,-1.341491937637329
9094,-1.3538792133331299
9095,-1.3468189239501953
9096,-1.3588283061981201
9097,-1.358283281326294
9098,-1.3610408306121826
9099,-1.3532094955444336
9100,-1.3566957712173462
9101,-1.353204607963562
9102,-1.358021855354309
9103,-1.3470252752304077
9104,-1.3538718223571777
9105,-1.3557310104370117
9106,-1.3652766942977905
9107,-1.3600889444351196
9108,-1.3585139513015747
9109,-1.335584044456482
9110,-1.362572431564331
9111,-1.3550100326538086
9112,-1.3644217252731323
9113,-1.3638994693756104
9114,-1.3054825067520142
9115,-1.3248127698898315
9116,-1.359801173210144
9117,-1.357682466506958
9118,-1.3548519611358643
9119,-1.363717794418335
9120,-1.3572856187820435
9121,-1.3369061946868896
9122,-1.3522204160690308
9123,-1.3585067987442017
9124,-1.3565940856933594
9125,-1.3627147674560547
9126,-1.3580893278121948
9127,-1.354993224143982
9128,-1.3539365530014038
9129,-1.3673433065414429
9130,-1.3531004190444946
9131,-1.3619263172149658
9132,-1.3534826040267944
9133,-1.3576605319976807
9134,-1.3656666278839111
9135,-1.3613255023956299
9136,-1.353988528251648
9137,-1.3466377258300781
9138,-1.362757921218872
9139,-1.3547241687774658
9140,-1.3498046398162842
9141,-1.3580459356307983
9142,-1.3542070388793945
9143,-1.3526067733764648
9144,-1.3606464862823486
9145,-1.3583831787109375
9146,-1.3559236526489258
9147,-1.3577617406845093
9148,-1.3470795154571533
9149,-1.3486862182617188
9150,-1.3631012439727783
9151,-1.354299545288086
9152,-1.3492145538330078
9153,-1.3442662954330444
9154,-1.3585219383239746
9155,-1.3535027503967285
9156,-1.3590428829193115
9157,-1.3556276559829712
9158,-1.3534727096557617
9159,-1.3474735021591187
9160,-1.3468608856201172
9161,-1.364034652709961
9162,-1.3571088314056396
9163,-1.3478596210479736
9164,-1.3443758487701416
9165,-1.3541624546051025
9166,-1.3345088958740234
9167,-1.3412182331085205
9168,-1.353323221206665
9169,-1.3544838428497314
9170,-1.3511624336242676
9171,-1.3581041097640991
9172,-1.3576194047927856
9173,-1.3560165166854858
9174,-1.3513892889022827
9175,-1.360177755355835
9176,-1.3638830184936523
9177,-1.3507921695709229
9178,-1.3644740581512451
9179,-1.3487504720687866
9180,-1.3575825691223145
9181,-1.3413418531417847
9182,-1.337247610092163
9183,-1.3602272272109985
9184,-1.3610328435897827
9185,-1.344728708267212
9186,-1.352297067642212
9187,-1.357710599899292
9188,-1.3569386005401611
9189,-1.350464940071106
9190,-1.3403040170669556
9191,-1.362311840057373
9192,-1.3498036861419678
9193,-1.3483601808547974
9194,-1.350829839706421
9195,-1.3464878797531128
9196,-1.3602501153945923
9197,-1.3578978776931763
9198,-1.359747290611267
9199,-1.353130578994751
9200,-1.3485063314437866
9201,-1.3648680448532104
9202,-1.356638789176941
9203,-1.3577330112457275
9204,-1.3613513708114624
9205,-1.364364743232727
9206,-1.3618354797363281
9207,-1.3567062616348267
9208,-1.3622151613235474
9209,-1.3562848567962646
9210,-1.357376217842102
9211,-1.3603553771972656
9212,-1.3544965982437134
9213,-1.3615729808807373
9214,-1.3508532047271729
9215,-1.3582500219345093
9216,-1.3553955554962158
9217,-1.3654065132141113
9218,-1.3622115850448608
9219,-1.3239811658859253
9220,-1.3567050695419312
9221,-1.3645942211151123
9222,-1.3624171018600464
9223,-1.3632150888442993
9224,-1.3509690761566162
9225,-1.3531408309936523
9226,-1.3602851629257202
9227,-1.3628162145614624
9228,-1.3580219745635986
9229,-1.3558671474456787
9230,-1.361772894859314
9231,-1.3506197929382324
9232,-1.34968900680542
9233,-1.349672794342041
9234,-1.3637988567352295
9235,-1.3604626655578613
9236,-1.3519437313079834
9237,-1.355062484741211
9238,-1.3542158603668213
9239,-1.363438606262207
9240,-1.3494491577148438
9241,-1.3624080419540405
9242,-1.3569077253341675
9243,-1.3580135107040405
9244,-1.3544342517852783
9245,-1.357427716255188
9246,-1.3466213941574097
9247,-1.3648476600646973
9248,-1.3647328615188599
9249,-1.3427295684814453
9250,-1.3451220989227295
9251,-1.3425168991088867
9252,-1.3622280359268188
9253,-1.360068917274475
9254,-1.3606914281845093
9255,-1.353642463684082
9256,-1.3594434261322021
9257,-1.360029697418213
9258,-1.3477181196212769
9259,-1.3578379154205322
9260,-1.3584527969360352
9261,-1.3619531393051147
9262,-1.3562326431274414
9263,-1.3498249053955078
9264,-1.3483729362487793
9265,-1.3588554859161377
9266,-1.358723521232605
9267,-1.3660110235214233
9268,-1.3587493896484375
9269,-1.3578954935073853
9270,-1.367498755455017
9271,-1.3618359565734863
9272,-1.3610999584197998
9273,-1.3480377197265625
9274,-1.3604366779327393
9275,-1.3530553579330444
9276,-1.3608430624008179
9277,-1.3613733053207397
9278,-1.3577399253845215
9279,-1.3623440265655518
9280,-1.358999490737915
9281,-1.36021888256073
9282,-1.359347939491272
9283,-1.3558623790740967
9284,-1.3670496940612793
9285,-1.354379415512085
9286,-1.3660544157028198
9287,-1.3544933795928955
9288,-1.3633722066879272
9289,-1.3608001470565796
9290,-1.3643914461135864
9291,-1.364816427230835
9292,-1.353999376296997
9293,-1.3536028861999512
9294,-1.3317190408706665
9295,-1.3564814329147339
9296,-1.3568404912948608
9297,-1.3618369102478027
9298,-1.3424245119094849
9299,-1.3568079471588135
9300,-1.3577055931091309
9301,-1.3649380207061768
9302,-1.3574707508087158
9303,-1.3592679500579834
9304,-1.356308937072754
9305,-1.3599799871444702
9306,-1.3582943677902222
9307,-1.3577526807785034
9308,-1.3629285097122192
9309,-1.358276128768921
9310,-1.3610761165618896
9311,-1.3658928871154785
9312,-1.3667781352996826
9313,-1.3591489791870117
9314,-1.3509345054626465
9315,-1.3560725450515747
9316,-1.362040638923645
9317,-1.3479909896850586
9318,-1.3610271215438843
9319,-1.3559378385543823
9320,-1.3610905408859253
9321,-1.3540712594985962
9322,-1.320419192314148
9323,-1.362983226776123
9324,-1.3557119369506836
9325,-1.3527445793151855
9326,-1.34345543384552
9327,-1.3515300750732422
9328,-1.3601467609405518
9329,-1.3520333766937256
9330,-1.3611242771148682
9331,-1.3581690788269043
9332,-1.353987693786621
9333,-1.3576419353485107
9334,-1.3606165647506714
9335,-1.3471148014068604
9336,-1.3521089553833008
9337,-1.3647637367248535
9338,-1.3669776916503906
9339,-1.3448667526245117
9340,-1.3556785583496094
9341,-1.3617225885391235
9342,-1.3598259687423706
9343,-1.363774061203003
9344,-1.3671154975891113
9345,-1.3593000173568726
9346,-1.3457363843917847
9347,-1.3612374067306519
9348,-1.3456372022628784
9349,-1.3549820184707642
9350,-1.360740303993225
9351,-1.3519986867904663
9352,-1.3559852838516235
9353,-1.3571432828903198
9354,-1.3583643436431885
9355,-1.3587672710418701
9356,-1.360250473022461
9357,-1.3592300415039062
9358,-1.3621602058410645
9359,-1.3391950130462646
9360,-1.3635029792785645
9361,-1.3516871929168701
9362,-1.359572410583496
9363,-1.3516649007797241
9364,-1.3561427593231201
9365,-1.3522918224334717
9366,-1.3613749742507935
9367,-1.3566842079162598
9368,-1.3442718982696533
9369,-1.3532965183258057
9370,-1.3582247495651245
9371,-1.3587597608566284
9372,-1.3611478805541992
9373,-1.3517106771469116
9374,-1.3578096628189087
9375,-1.360060453414917
9376,-1.3593482971191406
9377,-1.3619059324264526
9378,-1.3651468753814697
9379,-1.329074740409851
9380,-1.3646576404571533
9381,-1.3581582307815552
9382,-1.3498834371566772
9383,-1.3592826128005981
9384,-1.359355092048645
9385,-1.36176335811615
9386,-1.3526524305343628
9387,-1.3521552085876465
9388,-1.361135482788086
9389,-1.336599588394165
9390,-1.3475472927093506
9391,-1.3540130853652954
9392,-1.3604663610458374
9393,-1.3612937927246094
9394,-1.3609857559204102
9395,-1.3587709665298462
9396,-1.335257887840271
9397,-1.3451151847839355
9398,-1.3573652505874634
9399,-1.3524818420410156
9400,-1.3591561317443848
9401,-1.3477210998535156
9402,-1.356026530265808
9403,-1.3610304594039917
9404,-1.3602598905563354
9405,-1.3637933731079102
9406,-1.3631010055541992
9407,-1.3620675802230835
9408,-1.3529564142227173
9409,-1.357171654701233
9410,-1.3608914613723755
9411,-1.360156774520874
9412,-1.3592311143875122
9413,-1.3588131666183472
9414,-1.3445711135864258
9415,-1.3501275777816772
9416,-1.364378571510315
9417,-1.3577035665512085
9418,-1.3619651794433594
9419,-1.3590757846832275
9420,-1.3506935834884644
9421,-1.3594952821731567
9422,-1.3548250198364258
9423,-1.3596175909042358
9424,-1.3608248233795166
9425,-1.354277491569519
9426,-1.3637733459472656
9427,-1.3559308052062988
9428,-1.351762056350708
9429,-1.3568661212921143
9430,-1.365181565284729
9431,-1.367066740989685
9432,-1.3473747968673706
9433,-1.3570878505706787
9434,-1.3578637838363647
9435,-1.3442270755767822
9436,-1.3582173585891724
9437,-1.3556817770004272
9438,-1.3565292358398438
9439,-1.3561457395553589
9440,-1.3484563827514648
9441,-1.3626534938812256
9442,-1.3514113426208496
9443,-1.3524720668792725
9444,-1.358459234237671
9445,-1.356449842453003
9446,-1.3536505699157715
9447,-1.3595212697982788
9448,-1.3574721813201904
9449,-1.3509597778320312
9450,-1.3570799827575684
9451,-1.3533921241760254
9452,-1.3590822219848633
9453,-1.3352926969528198
9454,-1.3541752099990845
9455,-1.3556522130966187
9456,-1.3526265621185303
9457,-1.3593261241912842
9458,-1.3564765453338623
9459,-1.3651723861694336
9460,-1.352007269859314
9461,-1.3613201379776
9462,-1.3573362827301025
9463,-1.3571670055389404
9464,-1.3522710800170898
9465,-1.3555576801300049
9466,-1.3537310361862183
9467,-1.3366366624832153
9468,-1.3513916730880737
9469,-1.3606860637664795
9470,-1.3552672863006592
9471,-1.357347846031189
9472,-1.3560001850128174
9473,-1.3604742288589478
9474,-1.3661305904388428
9475,-1.3574174642562866
9476,-1.3580033779144287
9477,-1.3573321104049683
9478,-1.364956021308899
9479,-1.357302188873291
9480,-1.3551092147827148
9481,-1.3377021551132202
9482,-1.3545036315917969
9483,-1.360491156578064
9484,-1.359789252281189
9485,-1.3589752912521362
9486,-1.3547143936157227
9487,-1.3563563823699951
9488,-1.3308892250061035
9489,-1.357245922088623
9490,-1.3553780317306519
9491,-1.3458294868469238
9492,-1.3469676971435547
9493,-1.3597967624664307
9494,-1.343437910079956
9495,-1.3636354207992554
9496,-1.3444185256958008
9497,-1.3583252429962158
9498,-1.3637466430664062
9499,-1.3566323518753052
9500,-1.3529653549194336
9501,-1.3594344854354858
9502,-1.3546819686889648
9503,-1.3516530990600586
9504,-1.3485583066940308
9505,-1.3340988159179688
9506,-1.3593095541000366
9507,-1.359435796737671
9508,-1.3585994243621826
9509,-1.3518173694610596
9510,-1.3591978549957275
9511,-1.3487844467163086
9512,-1.3584938049316406
9513,-1.3570111989974976
9514,-1.362973928451538
9515,-1.3452632427215576
9516,-1.3526214361190796
9517,-1.3605314493179321
9518,-1.346066951751709
9519,-1.353023886680603
9520,-1.3604000806808472
9521,-1.359701156616211
9522,-1.334526538848877
9523,-1.3414533138275146
9524,-1.3581289052963257
9525,-1.327751636505127
9526,-1.3571674823760986
9527,-1.3590383529663086
9528,-1.3304957151412964
9529,-1.3545477390289307
9530,-1.3627901077270508
9531,-1.3584785461425781
9532,-1.3612759113311768
9533,-1.3607206344604492
9534,-1.359339952468872
9535,-1.3572471141815186
9536,-1.3576105833053589
9537,-1.366843581199646
9538,-1.3638246059417725
9539,-1.3604791164398193
9540,-1.3647780418395996
9541,-1.359466552734375
9542,-1.352806568145752
9543,-1.3526313304901123
9544,-1.3572990894317627
9545,-1.3575718402862549
9546,-1.361360788345337
9547,-1.3647764921188354
9548,-1.3582581281661987
9549,-1.3600181341171265
9550,-1.3676904439926147
9551,-1.3535749912261963
9552,-1.3583333492279053
9553,-1.359819769859314
9554,-1.3617948293685913
9555,-1.362513542175293
9556,-1.3579959869384766
9557,-1.3603830337524414
9558,-1.3699554204940796
9559,-1.3679702281951904
9560,-1.3520948886871338
9561,-1.3608450889587402
9562,-1.3589004278182983
9563,-1.3582096099853516
9564,-1.3608427047729492
9565,-1.35284423828125
9566,-1.3624753952026367
9567,-1.3621562719345093
9568,-1.3482338190078735
9569,-1.362658977508545
9570,-1.3310918807983398
9571,-1.3497567176818848
9572,-1.3561460971832275
9573,-1.3579132556915283
9574,-1.335594654083252
9575,-1.3651021718978882
9576,-1.3620787858963013
9577,-1.3603700399398804
9578,-1.3617563247680664
9579,-1.363276720046997
9580,-1.3584245443344116
9581,-1.3400734663009644
9582,-1.3642414808273315
9583,-1.3551571369171143
9584,-1.3616468906402588
9585,-1.3499536514282227
9586,-1.3571528196334839
9587,-1.3580039739608765
9588,-1.3526197671890259
9589,-1.3640358448028564
9590,-1.3606517314910889
9591,-1.353644847869873
9592,-1.3654042482376099
9593,-1.3583176136016846
9594,-1.3490442037582397
9595,-1.3570314645767212
9596,-1.361063003540039
9597,-1.3626494407653809
9598,-1.3530962467193604
9599,-1.3525465726852417
9600,-1.3508405685424805
9601,-1.359889030456543
9602,-1.342598557472229
9603,-1.358497142791748
9604,-1.3593215942382812
9605,-1.3510414361953735
9606,-1.359182357788086
9607,-1.3546841144561768
9608,-1.3615469932556152
9609,-1.3414024114608765
9610,-1.3520946502685547
9611,-1.344515085220337
9612,-1.3579707145690918
9613,-1.3485658168792725
9614,-1.353006362915039
9615,-1.3647457361221313
9616,-1.3586466312408447
9617,-1.3546035289764404
9618,-1.357649326324463
9619,-1.3650568723678589
9620,-1.3493330478668213
9621,-1.342950463294983
9622,-1.3631465435028076
9623,-1.3606665134429932
9624,-1.350350022315979
9625,-1.3602677583694458
9626,-1.3602217435836792
9627,-1.3636608123779297
9628,-1.3685911893844604
9629,-1.3616275787353516
9630,-1.3633983135223389
9631,-1.354982852935791
9632,-1.3491296768188477
9633,-1.3603729009628296
9634,-1.3571348190307617
9635,-1.367213249206543
9636,-1.3610767126083374
9637,-1.3344587087631226
9638,-1.3563953638076782
9639,-1.358318567276001
9640,-1.366172194480896
9641,-1.3589346408843994
9642,-1.3591859340667725
9643,-1.3367340564727783
9644,-1.359393835067749
9645,-1.358101725578308
9646,-1.358222484588623
9647,-1.3518750667572021
9648,-1.3605625629425049
9649,-1.3541994094848633
9650,-1.3616083860397339
9651,-1.3634347915649414
9652,-1.358040690422058
9653,-1.361719012260437
9654,-1.3588298559188843
9655,-1.3586617708206177
9656,-1.3603211641311646
9657,-1.3565053939819336
9658,-1.362691879272461
9659,-1.358559489250183
9660,-1.3590458631515503
9661,-1.3654168844223022
9662,-1.3630318641662598
9663,-1.3468108177185059
9664,-1.3603482246398926
9665,-1.3445799350738525
9666,-1.350587248802185
9667,-1.3629529476165771
9668,-1.369920253753662
9669,-1.3591406345367432
9670,-1.356640100479126
9671,-1.3583214282989502
9672,-1.3551489114761353
9673,-1.362766146659851
9674,-1.3615577220916748
9675,-1.3550550937652588
9676,-1.3661069869995117
9677,-1.335241675376892
9678,-1.3481147289276123
9679,-1.3571717739105225
9680,-1.3577990531921387
9681,-1.3552676439285278
9682,-1.3489506244659424
9683,-1.3555445671081543
9684,-1.3594669103622437
9685,-1.3628419637680054
9686,-1.3579124212265015
9687,-1.358373999595642
9688,-1.3504393100738525
9689,-1.351785659790039
9690,-1.3639684915542603
9691,-1.357574462890625
9692,-1.358418345451355
9693,-1.3591952323913574
9694,-1.3576773405075073
9695,-1.344200611114502
9696,-1.3535555601119995
9697,-1.35175359249115
9698,-1.3578317165374756
9699,-1.3633489608764648
9700,-1.3536765575408936
9701,-1.359512448310852
9702,-1.3436884880065918
9703,-1.3620625734329224
9704,-1.3544334173202515
9705,-1.3695120811462402
9706,-1.357439637184143
9707,-1.3475528955459595
9708,-1.351360559463501
9709,-1.35737943649292
9710,-1.348607063293457
9711,-1.3560456037521362
9712,-1.3584321737289429
9713,-1.3589788675308228
9714,-1.354779839515686
9715,-1.3503544330596924
9716,-1.35947585105896
9717,-1.3563956022262573
9718,-1.3586673736572266
9719,-1.360938310623169
9720,-1.3535611629486084
9721,-1.3552764654159546
9722,-1.3579292297363281
9723,-1.3578605651855469
9724,-1.3359133005142212
9725,-1.3607600927352905
9726,-1.3557809591293335
9727,-1.3562195301055908
9728,-1.3588695526123047
9729,-1.3570228815078735
9730,-1.3623032569885254
9731,-1.3575135469436646
9732,-1.3615013360977173
9733,-1.344264030456543
9734,-1.3533899784088135
9735,-1.3500511646270752
9736,-1.3580142259597778
9737,-1.3468718528747559
9738,-1.3293845653533936
9739,-1.3679063320159912
9740,-1.3539159297943115
9741,-1.354759931564331
9742,-1.3581687211990356
9743,-1.3657256364822388
9744,-1.3654073476791382
9745,-1.3447620868682861
9746,-1.35457181930542
9747,-1.3571863174438477
9748,-1.3456519842147827
9749,-1.3555835485458374
9750,-1.3582966327667236
9751,-1.3585145473480225
9752,-1.355730652809143
9753,-1.3572146892547607
9754,-1.3668601512908936
9755,-1.3658841848373413
9756,-1.3483035564422607
9757,-1.3634958267211914
9758,-1.3547412157058716
9759,-1.3552250862121582
9760,-1.357965111732483
9761,-1.367462396621704
9762,-1.3598682880401611
9763,-1.3546104431152344
9764,-1.3626316785812378
9765,-1.3572336435317993
9766,-1.3559330701828003
9767,-1.339491844177246
9768,-1.359664797782898
9769,-1.3595212697982788
9770,-1.3615537881851196
9771,-1.353711724281311
9772,-1.3570054769515991
9773,-1.3611561059951782
9774,-1.3584842681884766
9775,-1.3580811023712158
9776,-1.362514853477478
9777,-1.3620452880859375
9778,-1.360450267791748
9779,-1.3616849184036255
9780,-1.365593433380127
9781,-1.3601990938186646
9782,-1.3565702438354492
9783,-1.3569319248199463
9784,-1.3516666889190674
9785,-1.3615773916244507
9786,-1.3654146194458008
9787,-1.3679723739624023
9788,-1.3556327819824219
9789,-1.3545323610305786
9790,-1.3586115837097168
9791,-1.3595271110534668
9792,-1.355017066001892
9793,-1.358370065689087
9794,-1.3589556217193604
9795,-1.352243185043335
9796,-1.3342616558074951
9797,-1.3632519245147705
9798,-1.356727123260498
9799,-1.3674312829971313
9800,-1.3533228635787964
9801,-1.3576772212982178
9802,-1.3623297214508057
9803,-1.3561391830444336
9804,-1.354233980178833
9805,-1.3633232116699219
9806,-1.3560798168182373
9807,-1.3550976514816284
9808,-1.3601570129394531
9809,-1.3578089475631714
9810,-1.363864779472351
9811,-1.3561718463897705
9812,-1.355758786201477
9813,-1.3609338998794556
9814,-1.3358913660049438
9815,-1.3456623554229736
9816,-1.3550080060958862
9817,-1.3586351871490479
9818,-1.3478012084960938
9819,-1.3489577770233154
9820,-1.363325595855713
9821,-1.354243516921997
9822,-1.35746169090271
9823,-1.3561066389083862
9824,-1.3572430610656738
9825,-1.3613195419311523
9826,-1.358339786529541
9827,-1.3622170686721802
9828,-1.3618650436401367
9829,-1.3488372564315796
9830,-1.3654464483261108
9831,-1.3621793985366821
9832,-1.350191593170166
9833,-1.3627617359161377
9834,-1.3608392477035522
9835,-1.3638142347335815
9836,-1.3588827848434448
9837,-1.3517847061157227
9838,-1.3606178760528564
9839,-1.366408348083496
9840,-1.3448355197906494
9841,-1.3327912092208862
9842,-1.35028076171875
9843,-1.3656954765319824
9844,-1.3626115322113037
9845,-1.353479266166687
9846,-1.364816427230835
9847,-1.3547399044036865
9848,-1.3612278699874878
9849,-1.3479238748550415
9850,-1.3650469779968262
9851,-1.35477614402771
9852,-1.3555142879486084
9853,-1.3466709852218628
9854,-1.363483190536499
9855,-1.360887050628662
9856,-1.3475079536437988
9857,-1.3645963668823242
9858,-1.3579729795455933
9859,-1.3585329055786133
9860,-1.3350352048873901
9861,-1.347609519958496
9862,-1.3626854419708252
9863,-1.3604671955108643
9864,-1.3431240320205688
9865,-1.3516639471054077
9866,-1.3531392812728882
9867,-1.362987995147705
9868,-1.3425352573394775
9869,-1.362849473953247
9870,-1.3594545125961304
9871,-1.3561351299285889
9872,-1.3565372228622437
9873,-1.3637311458587646
9874,-1.3616108894348145
9875,-1.3317028284072876
9876,-1.3556344509124756
9877,-1.3561495542526245
9878,-1.3612608909606934
9879,-1.3549349308013916
9880,-1.3485310077667236
9881,-1.3592475652694702
9882,-1.3668593168258667
9883,-1.354699730873108
9884,-1.3620785474777222
9885,-1.3636462688446045
9886,-1.3569682836532593
9887,-1.3501319885253906
9888,-1.3684751987457275
9889,-1.3453259468078613
9890,-1.3686068058013916
9891,-1.3633084297180176
9892,-1.344299554824829
9893,-1.3649698495864868
9894,-1.3386505842208862
9895,-1.356750249862671
9896,-1.3612719774246216
9897,-1.3450381755828857
9898,-1.3576171398162842
9899,-1.3665355443954468
9900,-1.3578935861587524
9901,-1.3551342487335205
9902,-1.3596385717391968
9903,-1.362394094467163
9904,-1.3631370067596436
9905,-1.3649568557739258
9906,-1.348009467124939
9907,-1.3508193492889404
9908,-1.3677589893341064
9909,-1.3547017574310303
9910,-1.3597379922866821
9911,-1.3607319593429565
9912,-1.3534096479415894
9913,-1.3651138544082642
9914,-1.3542397022247314
9915,-1.3589890003204346
9916,-1.3597365617752075
9917,-1.3592777252197266
9918,-1.3628299236297607
9919,-1.3612579107284546
9920,-1.359474778175354
9921,-1.3612852096557617
9922,-1.3623217344284058
9923,-1.3608646392822266
9924,-1.3474199771881104
9925,-1.3620396852493286
9926,-1.354919195175171
9927,-1.3591651916503906
9928,-1.3551480770111084
9929,-1.356358289718628
9930,-1.362846851348877
9931,-1.3671163320541382
9932,-1.3593244552612305
9933,-1.359346628189087
9934,-1.3517236709594727
9935,-1.3559634685516357
9936,-1.367179274559021
9937,-1.3549346923828125
9938,-1.3531725406646729
9939,-1.3560571670532227
9940,-1.36188805103302
9941,-1.3469572067260742
9942,-1.3587348461151123
9943,-1.347490906715393
9944,-1.3437083959579468
9945,-1.3557560443878174
9946,-1.3613085746765137
9947,-1.363660216331482
9948,-1.3632993698120117
9949,-1.3577334880828857
9950,-1.3647749423980713
9951,-1.3618495464324951
9952,-1.3535044193267822
9953,-1.3572041988372803
9954,-1.3590000867843628
9955,-1.3620176315307617
9956,-1.3586797714233398
9957,-1.3637621402740479
9958,-1.3558058738708496
9959,-1.3643757104873657
9960,-1.3589571714401245
9961,-1.3670381307601929
9962,-1.3582695722579956
9963,-1.3532845973968506
9964,-1.3631844520568848
9965,-1.3576066493988037
9966,-1.3516268730163574
9967,-1.3630610704421997
9968,-1.3651751279830933
9969,-1.3633931875228882
9970,-1.332622766494751
9971,-1.3634288311004639
9972,-1.3628123998641968
9973,-1.3419923782348633
9974,-1.3560280799865723
9975,-1.3243054151535034
9976,-1.3590656518936157
9977,-1.3522075414657593
9978,-1.3601411581039429
9979,-1.3622703552246094
9980,-1.3648104667663574
9981,-1.3604905605316162
9982,-1.359041452407837
9983,-1.3479633331298828
9984,-1.3623268604278564
9985,-1.3456206321716309
9986,-1.3503084182739258
9987,-1.3564869165420532
9988,-1.3590370416641235
9989,-1.3397536277770996
9990,-1.3614039421081543
9991,-1.354762315750122
9992,-1.3580424785614014
9993,-1.3575787544250488
9994,-1.3642675876617432
9995,-1.357460856437683
9996,-1.3632316589355469
9997,-1.3645176887512207
9998,-1.3471593856811523
9999,-1.345186471939087
10000,-1.3513706922531128
10001,-1.355889081954956
10002,-1.3488527536392212
10003,-1.3612107038497925
10004,-1.3506141901016235
10005,-1.3557342290878296
10006,-1.357206106185913
10007,-1.347827672958374
10008,-1.35847806930542
10009,-1.3555610179901123
10010,-1.357437014579773
10011,-1.3660553693771362
10012,-1.3622851371765137
10013,-1.3589407205581665
10014,-1.3587534427642822
10015,-1.3649733066558838
10016,-1.361614465713501
10017,-1.3647288084030151
10018,-1.3618135452270508
10019,-1.3608815670013428
10020,-1.3503086566925049
10021,-1.363150715827942
10022,-1.3483773469924927
10023,-1.359081506729126
10024,-1.359732985496521
10025,-1.3557676076889038
10026,-1.360985279083252
10027,-1.3625187873840332
10028,-1.343224287033081
10029,-1.3542836904525757
10030,-1.3606343269348145
10031,-1.3573554754257202
10032,-1.3584493398666382
10033,-1.362900733947754
10034,-1.3568497896194458
10035,-1.3624944686889648
10036,-1.3442118167877197
10037,-1.3545323610305786
10038,-1.3633341789245605
10039,-1.3586887121200562
10040,-1.3583101034164429
10041,-1.3585212230682373
10042,-1.358080267906189
10043,-1.356537103652954
10044,-1.3502795696258545
10045,-1.3538908958435059
10046,-1.365660309791565
10047,-1.3571957349777222
10048,-1.366459846496582
10049,-1.35757577419281
10050,-1.355738639831543
10051,-1.3619953393936157
10052,-1.346962571144104
10053,-1.3639719486236572
10054,-1.3586667776107788
10055,-1.3632683753967285
10056,-1.3568179607391357
10057,-1.3395394086837769
10058,-1.3594388961791992
10059,-1.3606771230697632
10060,-1.355443000793457
10061,-1.342542290687561
10062,-1.3577909469604492
10063,-1.3607772588729858
10064,-1.3650684356689453
10065,-1.362720251083374
10066,-1.3455616235733032
10067,-1.364574670791626
10068,-1.3437296152114868
10069,-1.3601336479187012
10070,-1.3507136106491089
10071,-1.361337423324585
10072,-1.3578962087631226
10073,-1.357110857963562
10074,-1.362799882888794
10075,-1.3639671802520752
10076,-1.3646349906921387
10077,-1.3627818822860718
10078,-1.3529095649719238
10079,-1.3582640886306763
10080,-1.3533376455307007
10081,-1.3569304943084717
10082,-1.3610880374908447
10083,-1.3655046224594116
10084,-1.3580031394958496
10085,-1.3516509532928467
10086,-1.3605475425720215
10087,-1.3578251600265503
10088,-1.350571870803833
10089,-1.3600656986236572
10090,-1.365107536315918
10091,-1.3505972623825073
10092,-1.3255362510681152
10093,-1.3607958555221558
10094,-1.3540208339691162
10095,-1.3565144538879395
10096,-1.3585267066955566
10097,-1.3391811847686768
10098,-1.3525537252426147
10099,-1.3568910360336304
10100,-1.356709361076355
10101,-1.3635138273239136
10102,-1.3541557788848877
10103,-1.3574594259262085
10104,-1.3593496084213257
10105,-1.3506710529327393
10106,-1.3656260967254639
10107,-1.3567153215408325
10108,-1.3614166975021362
10109,-1.3639235496520996
10110,-1.3613163232803345
10111,-1.3626947402954102
10112,-1.3599485158920288
10113,-1.3491572141647339
10114,-1.3492872714996338
10115,-1.3669465780258179
10116,-1.3464035987854004
10117,-1.364268183708191
10118,-1.3611056804656982
10119,-1.362584114074707
10120,-1.3579795360565186
10121,-1.3515586853027344
10122,-1.361676812171936
10123,-1.3312686681747437
10124,-1.3600080013275146
10125,-1.360173225402832
10126,-1.3607079982757568
10127,-1.3631607294082642
10128,-1.3663897514343262
10129,-1.359855055809021
10130,-1.3577502965927124
10131,-1.352530837059021
10132,-1.3568618297576904
10133,-1.3672287464141846
10134,-1.3497920036315918
10135,-1.3550726175308228
10136,-1.3597993850708008
10137,-1.3637776374816895
10138,-1.3595136404037476
10139,-1.3539676666259766
10140,-1.3480647802352905
10141,-1.3570001125335693
10142,-1.3536827564239502
10143,-1.358095407485962
10144,-1.3536102771759033
10145,-1.3647960424423218
10146,-1.3621385097503662
10147,-1.354079008102417
10148,-1.3581583499908447
10149,-1.3620226383209229
10150,-1.3618940114974976
10151,-1.359320044517517
10152,-1.3580546379089355
10153,-1.3653203248977661
10154,-1.3537251949310303
10155,-1.3565618991851807
10156,-1.3560559749603271
10157,-1.3489484786987305
10158,-1.3517796993255615
10159,-1.3553612232208252
10160,-1.3559892177581787
10161,-1.3617576360702515
10162,-1.3558013439178467
10163,-1.3472580909729004
10164,-1.356447696685791
10165,-1.3547108173370361
10166,-1.3479446172714233
10167,-1.3259767293930054
10168,-1.36542809009552
10169,-1.3596198558807373
10170,-1.3603684902191162
10171,-1.3558763265609741
10172,-1.3604012727737427
10173,-1.3590513467788696
10174,-1.36691415309906
10175,-1.3503307104110718
10176,-1.3539074659347534
10177,-1.3472741842269897
10178,-1.3603479862213135
10179,-1.3535057306289673
10180,-1.3579742908477783
10181,-1.3610538244247437
10182,-1.3509137630462646
10183,-1.3573379516601562
10184,-1.3486872911453247
10185,-1.3471001386642456
10186,-1.3633188009262085
10187,-1.3458306789398193
10188,-1.353966236114502
10189,-1.3582828044891357
10190,-1.3608590364456177
10191,-1.355458378791809
10192,-1.3562873601913452
10193,-1.3605188131332397
10194,-1.3612464666366577
10195,-1.33925199508667
10196,-1.3550915718078613
10197,-1.3528351783752441
10198,-1.3471050262451172
10199,-1.3563077449798584
10200,-1.3598177433013916
10201,-1.363731861114502
10202,-1.3627986907958984
10203,-1.3673175573349
10204,-1.3654348850250244
10205,-1.366861343383789
10206,-1.3609602451324463
10207,-1.3621925115585327
10208,-1.352954387664795
10209,-1.359470009803772
10210,-1.3608167171478271
10211,-1.3640514612197876
10212,-1.3615087270736694
10213,-1.355042815208435
10214,-1.3522638082504272
10215,-1.3617271184921265
10216,-1.3616286516189575
10217,-1.3358033895492554
10218,-1.3606268167495728
10219,-1.3638758659362793
10220,-1.363785743713379
10221,-1.3533830642700195
10222,-1.3597803115844727
10223,-1.3522828817367554
10224,-1.367180585861206
10225,-1.3592413663864136
10226,-1.3439520597457886
10227,-1.3665130138397217
10228,-1.3654148578643799
10229,-1.3543156385421753
10230,-1.3559461832046509
10231,-1.3639531135559082
10232,-1.3626549243927002
10233,-1.3657197952270508
10234,-1.349467158317566
10235,-1.3685433864593506
10236,-1.3626384735107422
10237,-1.3581477403640747
10238,-1.3659837245941162
10239,-1.3536112308502197
10240,-1.358564019203186
10241,-1.3549467325210571
10242,-1.3701692819595337
10243,-1.3550596237182617
10244,-1.3483984470367432
10245,-1.3581271171569824
10246,-1.3639259338378906
10247,-1.3602476119995117
10248,-1.3528872728347778
10249,-1.3639017343521118
10250,-1.3538405895233154
10251,-1.3637113571166992
10252,-1.3630071878433228
10253,-1.3600572347640991
10254,-1.3627514839172363
10255,-1.3635339736938477
10256,-1.3609504699707031
10257,-1.3648536205291748
10258,-1.3627804517745972
10259,-1.3626400232315063
10260,-1.3536739349365234
10261,-1.3629779815673828
10262,-1.357400894165039
10263,-1.363478183746338
10264,-1.3597384691238403
10265,-1.3617339134216309
10266,-1.3521780967712402
10267,-1.3614352941513062
10268,-1.3607769012451172
10269,-1.3608951568603516
10270,-1.362392783164978
10271,-1.3583455085754395
10272,-1.3558788299560547
10273,-1.3553502559661865
10274,-1.351127028465271
10275,-1.3497453927993774
10276,-1.35459303855896
10277,-1.3537085056304932
10278,-1.3540619611740112
10279,-1.354581356048584
10280,-1.3346171379089355
10281,-1.3467764854431152
10282,-1.361655354499817
10283,-1.335740327835083
10284,-1.3624134063720703
10285,-1.3556253910064697
10286,-1.3592250347137451
10287,-1.3567168712615967
10288,-1.3587249517440796
10289,-1.3501557111740112
10290,-1.3472931385040283
10291,-1.3696856498718262
10292,-1.3656954765319824
10293,-1.3539835214614868
10294,-1.360296607017517
10295,-1.3716117143630981
10296,-1.362094521522522
10297,-1.3328964710235596
10298,-1.3593134880065918
10299,-1.3616915941238403
10300,-1.3668588399887085
10301,-1.3539334535598755
10302,-1.3624374866485596
10303,-1.3654571771621704
10304,-1.3506096601486206
10305,-1.3617031574249268
10306,-1.3626130819320679
10307,-1.349166750907898
10308,-1.3562335968017578
10309,-1.362366795539856
10310,-1.353110909461975
10311,-1.3493986129760742
10312,-1.3620370626449585
10313,-1.363284945487976
10314,-1.3567168712615967
10315,-1.3573962450027466
10316,-1.3646198511123657
10317,-1.3553532361984253
10318,-1.3604153394699097
10319,-1.3618654012680054
10320,-1.3577312231063843
10321,-1.3707512617111206
10322,-1.358913779258728
10323,-1.3621127605438232
10324,-1.3609191179275513
10325,-1.3619747161865234
10326,-1.3640235662460327
10327,-1.3584096431732178
10328,-1.3657041788101196
10329,-1.3642003536224365
10330,-1.3651307821273804
10331,-1.3603993654251099
10332,-1.3663233518600464
10333,-1.3631848096847534
10334,-1.3601984977722168
10335,-1.3529670238494873
10336,-1.34902024269104
10337,-1.3572252988815308
10338,-1.3651270866394043
10339,-1.3604464530944824
10340,-1.3526456356048584
10341,-1.3574542999267578
10342,-1.345160722732544
10343,-1.3618535995483398
10344,-1.3430105447769165
10345,-1.359139084815979
10346,-1.328552007675171
10347,-1.3631647825241089
10348,-1.3561722040176392
10349,-1.3640475273132324
10350,-1.3626904487609863
10351,-1.3623789548873901
10352,-1.3656885623931885
10353,-1.3614388704299927
10354,-1.3569717407226562
10355,-1.3584622144699097
10356,-1.3480663299560547
10357,-1.3607029914855957
10358,-1.3654344081878662
10359,-1.3613665103912354
10360,-1.3578366041183472
10361,-1.354587435722351
10362,-1.3664538860321045
10363,-1.3599152565002441
10364,-1.3503657579421997
10365,-1.356855034828186
10366,-1.344904899597168
10367,-1.3512754440307617
10368,-1.366650104522705
10369,-1.3474327325820923
10370,-1.3568037748336792
10371,-1.3512753248214722
10372,-1.3536131381988525
10373,-1.3651577234268188
10374,-1.3612701892852783
10375,-1.3479843139648438
10376,-1.3646326065063477
10377,-1.3408260345458984
10378,-1.3584294319152832
10379,-1.355745792388916
10380,-1.3490703105926514
10381,-1.357800841331482
10382,-1.3637948036193848
10383,-1.3588451147079468
10384,-1.3551650047302246
10385,-1.3328667879104614
10386,-1.3659839630126953
10387,-1.3501757383346558
10388,-1.362887978553772
10389,-1.3546475172042847
10390,-1.3552703857421875
10391,-1.3635653257369995
10392,-1.33086097240448
10393,-1.3652422428131104
10394,-1.3639299869537354
10395,-1.3568778038024902
10396,-1.3608824014663696
10397,-1.3478816747665405
10398,-1.360239028930664
10399,-1.3170580863952637
10400,-1.3596912622451782
10401,-1.3294131755828857
10402,-1.3456283807754517
10403,-1.3574416637420654
10404,-1.3457540273666382
10405,-1.357125163078308
10406,-1.359096646308899
10407,-1.3552520275115967
10408,-1.35410737991333
10409,-1.3465818166732788
10410,-1.3631987571716309
10411,-1.3595253229141235
10412,-1.343226671218872
10413,-1.3589677810668945
10414,-1.3522886037826538
10415,-1.3627917766571045
10416,-1.3560872077941895
10417,-1.351239562034607
10418,-1.3463000059127808
10419,-1.3603090047836304
10420,-1.3516393899917603
10421,-1.3544816970825195
10422,-1.3601009845733643
10423,-1.3539938926696777
10424,-1.3646527528762817
10425,-1.322435975074768
10426,-1.3570420742034912
10427,-1.3528013229370117
10428,-1.3434827327728271
10429,-1.3605021238327026
10430,-1.34679114818573
10431,-1.3513143062591553
10432,-1.3477874994277954
10433,-1.3545382022857666
10434,-1.3589367866516113
10435,-1.361513376235962
10436,-1.3630595207214355
10437,-1.3590223789215088
10438,-1.3654292821884155
10439,-1.3616105318069458
10440,-1.3641477823257446
10441,-1.3584694862365723
10442,-1.356075406074524
10443,-1.3578599691390991
10444,-1.3637232780456543
10445,-1.3621166944503784
10446,-1.365927815437317
10447,-1.3612936735153198
10448,-1.3602259159088135
10449,-1.3651832342147827
10450,-1.3554621934890747
10451,-1.3572126626968384
10452,-1.3612979650497437
10453,-1.360610008239746
10454,-1.3630702495574951
10455,-1.3513803482055664
10456,-1.3547883033752441
10457,-1.357095718383789
10458,-1.3556571006774902
10459,-1.3632841110229492
10460,-1.36393141746521
10461,-1.3578084707260132
10462,-1.364449143409729
10463,-1.3596110343933105
10464,-1.3611690998077393
10465,-1.3523763418197632
10466,-1.3194352388381958
10467,-1.35727858543396
10468,-1.3399548530578613
10469,-1.3550457954406738
10470,-1.3622453212738037
10471,-1.3515316247940063
10472,-1.3590362071990967
10473,-1.363478422164917
10474,-1.3595130443572998
10475,-1.36754310131073
10476,-1.3400167226791382
10477,-1.356126308441162
10478,-1.3571717739105225
10479,-1.3608790636062622
10480,-1.356342077255249
10481,-1.362028956413269
10482,-1.358192801475525
10483,-1.333326816558838
10484,-1.3594987392425537
10485,-1.355067491531372
10486,-1.3583515882492065
10487,-1.3546775579452515
10488,-1.3631362915039062
10489,-1.3618758916854858
10490,-1.3528215885162354
10491,-1.3576005697250366
10492,-1.3630586862564087
10493,-1.3593915700912476
10494,-1.3562225103378296
10495,-1.362972378730774
10496,-1.3560301065444946
10497,-1.355912446975708
10498,-1.3668849468231201
10499,-1.3553056716918945
10500,-1.3618395328521729
10501,-1.3603483438491821
10502,-1.3609281778335571
10503,-1.3604328632354736
10504,-1.3614329099655151
10505,-1.3532812595367432
10506,-1.355628252029419
10507,-1.3573577404022217
10508,-1.3512670993804932
10509,-1.3553940057754517
10510,-1.365870714187622
10511,-1.3604481220245361
10512,-1.3665505647659302
10513,-1.3503447771072388
10514,-1.3623305559158325
10515,-1.362646460533142
10516,-1.3599419593811035
10517,-1.3636972904205322
10518,-1.3627880811691284
10519,-1.3639720678329468
10520,-1.3634589910507202
10521,-1.370551586151123
10522,-1.355415940284729
10523,-1.3556233644485474
10524,-1.3626985549926758
10525,-1.3644599914550781
10526,-1.360405683517456
10527,-1.3633990287780762
10528,-1.3620401620864868
10529,-1.3598251342773438
10530,-1.3633038997650146
10531,-1.365222454071045
10532,-1.3666465282440186
10533,-1.35623300075531
10534,-1.358062744140625
10535,-1.3482919931411743
10536,-1.3637619018554688
10537,-1.3544657230377197
10538,-1.34716796875
10539,-1.361696481704712
10540,-1.3556287288665771
10541,-1.3657773733139038
10542,-1.3427283763885498
10543,-1.352746605873108
10544,-1.3459457159042358
10545,-1.3642171621322632
10546,-1.3559796810150146
10547,-1.3518179655075073
10548,-1.3633102178573608
10549,-1.3570462465286255
10550,-1.3615481853485107
10551,-1.3632416725158691
10552,-1.360662579536438
10553,-1.3585251569747925
10554,-1.3491885662078857
10555,-1.3600804805755615
10556,-1.35941481590271
10557,-1.3595969676971436
10558,-1.3622150421142578
10559,-1.3560699224472046
10560,-1.3546594381332397
10561,-1.3541673421859741
10562,-1.3497188091278076
10563,-1.3587193489074707
10564,-1.3430557250976562
10565,-1.3478337526321411
10566,-1.3620538711547852
10567,-1.3623967170715332
10568,-1.361816167831421
10569,-1.3592350482940674
10570,-1.3521910905838013
10571,-1.3650764226913452
10572,-1.3590285778045654
10573,-1.3638776540756226
10574,-1.360265851020813
10575,-1.3360044956207275
10576,-1.3650678396224976
10577,-1.3558125495910645
10578,-1.3537205457687378
10579,-1.3593133687973022
10580,-1.3593025207519531
10581,-1.361387014389038
10582,-1.3333274126052856
10583,-1.3423032760620117
10584,-1.3636112213134766
10585,-1.3508732318878174
10586,-1.361605167388916
10587,-1.35415780544281
10588,-1.3531956672668457
10589,-1.359217882156372
10590,-1.3561079502105713
10591,-1.3621885776519775
10592,-1.367641568183899
10593,-1.3338844776153564
10594,-1.3651479482650757
10595,-1.3603607416152954
10596,-1.3578517436981201
10597,-1.3582478761672974
10598,-1.3432722091674805
10599,-1.3650333881378174
10600,-1.3616167306900024
10601,-1.357356309890747
10602,-1.3608689308166504
10603,-1.3541349172592163
10604,-1.3614728450775146
10605,-1.3520970344543457
10606,-1.3588409423828125
10607,-1.364892840385437
10608,-1.3562989234924316
10609,-1.3543879985809326
10610,-1.3617585897445679
10611,-1.3475618362426758
10612,-1.3598908185958862
10613,-1.3628021478652954
10614,-1.3678209781646729
10615,-1.3685626983642578
10616,-1.358321189880371
10617,-1.3595212697982788
10618,-1.362025499343872
10619,-1.3629722595214844
10620,-1.3600716590881348
10621,-1.3665345907211304
10622,-1.3645817041397095
10623,-1.3562036752700806
10624,-1.3556699752807617
10625,-1.3581960201263428
10626,-1.3661447763442993
10627,-1.3594497442245483
10628,-1.3592965602874756
10629,-1.3692197799682617
10630,-1.36207914352417
10631,-1.3593664169311523
10632,-1.3567177057266235
10633,-1.351243019104004
10634,-1.3676273822784424
10635,-1.3650543689727783
10636,-1.3522135019302368
10637,-1.355776071548462
10638,-1.3638441562652588
10639,-1.3553657531738281
10640,-1.3551452159881592
10641,-1.3645122051239014
10642,-1.349202275276184
10643,-1.3596725463867188
10644,-1.3555601835250854
10645,-1.3573923110961914
10646,-1.3554598093032837
10647,-1.3610725402832031
10648,-1.3645033836364746
10649,-1.358647108078003
10650,-1.3475825786590576
10651,-1.3596488237380981
10652,-1.351110816001892
10653,-1.363168716430664
10654,-1.351860761642456
10655,-1.35858154296875
10656,-1.3583760261535645
10657,-1.359890103340149
10658,-1.3590421676635742
10659,-1.3573675155639648
10660,-1.3596110343933105
10661,-1.3590352535247803
10662,-1.3470531702041626
10663,-1.3630644083023071
10664,-1.3632774353027344
10665,-1.3535692691802979
10666,-1.36232590675354
10667,-1.3639447689056396
10668,-1.364870548248291
10669,-1.3636144399642944
10670,-1.3517996072769165
10671,-1.369278907775879
10672,-1.3568785190582275
10673,-1.336119532585144
10674,-1.3530339002609253
10675,-1.341723918914795
10676,-1.3495967388153076
10677,-1.3636319637298584
10678,-1.3577203750610352
10679,-1.3379358053207397
10680,-1.3545751571655273
10681,-1.3541871309280396
10682,-1.3614089488983154
10683,-1.3602585792541504
10684,-1.3549044132232666
10685,-1.3610835075378418
10686,-1.3597819805145264
10687,-1.3646823167800903
10688,-1.3624963760375977
10689,-1.3639147281646729
10690,-1.3618061542510986
10691,-1.3593734502792358
10692,-1.356911301612854
10693,-1.354178547859192
10694,-1.362396001815796
10695,-1.356679916381836
10696,-1.3660496473312378
10697,-1.345810055732727
10698,-1.35580313205719
10699,-1.3608877658843994
10700,-1.3623030185699463
10701,-1.3650957345962524
10702,-1.3599607944488525
10703,-1.3621413707733154
10704,-1.3646382093429565
10705,-1.3529696464538574
10706,-1.367811918258667
10707,-1.35469651222229
10708,-1.3471050262451172
10709,-1.35633385181427
10710,-1.353316307067871
10711,-1.3568260669708252
10712,-1.358550786972046
10713,-1.3491991758346558
10714,-1.359925389289856
10715,-1.3326102495193481
10716,-1.3576152324676514
10717,-1.362454891204834
10718,-1.3574978113174438
10719,-1.3636741638183594
10720,-1.3616416454315186
10721,-1.355424165725708
10722,-1.3638229370117188
10723,-1.350730299949646
10724,-1.3551242351531982
10725,-1.358041524887085
10726,-1.3598897457122803
10727,-1.3629846572875977
10728,-1.3540337085723877
10729,-1.357513666152954
10730,-1.3606717586517334
10731,-1.3626435995101929
10732,-1.3636808395385742
10733,-1.354008436203003
10734,-1.3579496145248413
10735,-1.3625524044036865
10736,-1.3594003915786743
10737,-1.3574092388153076
10738,-1.3607831001281738
10739,-1.3655154705047607
10740,-1.3658881187438965
10741,-1.3462467193603516
10742,-1.35556161403656
10743,-1.359571933746338
10744,-1.3612879514694214
10745,-1.3469431400299072
10746,-1.3672189712524414
10747,-1.3630131483078003
10748,-1.3623521327972412
10749,-1.3602824211120605
10750,-1.3638246059417725
10751,-1.3623909950256348
10752,-1.3632619380950928
10753,-1.3567562103271484
10754,-1.356229543685913
10755,-1.362884759902954
10756,-1.3608561754226685
10757,-1.3590505123138428
10758,-1.3643386363983154
10759,-1.3626348972320557
10760,-1.3698475360870361
10761,-1.3625882863998413
10762,-1.3542776107788086
10763,-1.3530914783477783
10764,-1.363034725189209
10765,-1.3582663536071777
10766,-1.3700428009033203
10767,-1.367445945739746
10768,-1.3663787841796875
10769,-1.3640921115875244
10770,-1.3576865196228027
10771,-1.363503336906433
10772,-1.3568158149719238
10773,-1.357983946800232
10774,-1.353845477104187
10775,-1.3571317195892334
10776,-1.360063076019287
10777,-1.3567875623703003
10778,-1.3522628545761108
10779,-1.3413124084472656
10780,-1.363877296447754
10781,-1.355332374572754
10782,-1.3537105321884155
10783,-1.3592863082885742
10784,-1.3669928312301636
10785,-1.3579105138778687
10786,-1.3671627044677734
10787,-1.3627313375473022
10788,-1.3488333225250244
10789,-1.3649379014968872
10790,-1.365628719329834
10791,-1.350793480873108
10792,-1.36041259765625
10793,-1.3608070611953735
10794,-1.3629398345947266
10795,-1.3632380962371826
10796,-1.3584872484207153
10797,-1.350313425064087
10798,-1.3638232946395874
10799,-1.35849130153656
10800,-1.3537148237228394
10801,-1.364966869354248
10802,-1.3589262962341309
10803,-1.3409276008605957
10804,-1.353055715560913
10805,-1.3345458507537842
10806,-1.357845664024353
10807,-1.3610422611236572
10808,-1.3521732091903687
10809,-1.361607313156128
10810,-1.3651037216186523
10811,-1.3622478246688843
10812,-1.3380157947540283
10813,-1.3603976964950562
10814,-1.3451592922210693
10815,-1.361242651939392
10816,-1.3614802360534668
10817,-1.3646363019943237
10818,-1.362836480140686
10819,-1.3463785648345947
10820,-1.3647239208221436
10821,-1.3641620874404907
10822,-1.358786940574646
10823,-1.3662731647491455
10824,-1.353535532951355
10825,-1.3582528829574585
10826,-1.3642688989639282
10827,-1.3649451732635498
10828,-1.3540178537368774
10829,-1.366059422492981
10830,-1.3708230257034302
10831,-1.3611433506011963
10832,-1.3499782085418701
10833,-1.3513003587722778
10834,-1.3538014888763428
10835,-1.360369086265564
10836,-1.3570568561553955
10837,-1.3581148386001587
10838,-1.3445639610290527
10839,-1.3481364250183105
10840,-1.358782172203064
10841,-1.3625301122665405
10842,-1.3596904277801514
10843,-1.3541592359542847
10844,-1.3607404232025146
10845,-1.3641778230667114
10846,-1.3609966039657593
10847,-1.3588894605636597
10848,-1.3684238195419312
10849,-1.3566670417785645
10850,-1.3585389852523804
10851,-1.3385885953903198
10852,-1.3629825115203857
10853,-1.3551803827285767
10854,-1.3638520240783691
10855,-1.3581314086914062
10856,-1.3557053804397583
10857,-1.3525457382202148
10858,-1.3635315895080566
10859,-1.3171484470367432
10860,-1.344201683998108
10861,-1.3574106693267822
10862,-1.362968921661377
10863,-1.3608357906341553
10864,-1.3549998998641968
10865,-1.3619766235351562
10866,-1.3497368097305298
10867,-1.3616634607315063
10868,-1.3489482402801514
10869,-1.3576945066452026
10870,-1.3534437417984009
10871,-1.3614839315414429
10872,-1.3559376001358032
10873,-1.3587360382080078
10874,-1.362680435180664
10875,-1.364023208618164
10876,-1.3554617166519165
10877,-1.3605929613113403
10878,-1.3548188209533691
10879,-1.360332727432251
10880,-1.3579707145690918
10881,-1.3612483739852905
10882,-1.3495981693267822
10883,-1.3670672178268433
10884,-1.359018325805664
10885,-1.3630766868591309
10886,-1.3570431470870972
10887,-1.3624536991119385
10888,-1.3475974798202515
10889,-1.3625752925872803
10890,-1.3594424724578857
10891,-1.359228491783142
10892,-1.3633168935775757
10893,-1.3537603616714478
10894,-1.3541465997695923
10895,-1.35826575756073
10896,-1.363865852355957
10897,-1.356902837753296
10898,-1.3585988283157349
10899,-1.3451316356658936
10900,-1.3680251836776733
10901,-1.351059913635254
10902,-1.3516030311584473
10903,-1.3629751205444336
10904,-1.3639805316925049
10905,-1.3631374835968018
10906,-1.364423155784607
10907,-1.3621559143066406
10908,-1.3522191047668457
10909,-1.3630435466766357
10910,-1.331282138824463
10911,-1.3605058193206787
10912,-1.3495824337005615
10913,-1.338198184967041
10914,-1.3633265495300293
10915,-1.3539646863937378
10916,-1.361657977104187
10917,-1.3683332204818726
10918,-1.361671805381775
10919,-1.3616383075714111
10920,-1.3552806377410889
10921,-1.3644894361495972
10922,-1.3590316772460938
10923,-1.3604226112365723
10924,-1.3629894256591797
10925,-1.366802453994751
10926,-1.3567897081375122
10927,-1.3562394380569458
10928,-1.3647780418395996
10929,-1.3378877639770508
10930,-1.3621156215667725
10931,-1.3421695232391357
10932,-1.3654441833496094
10933,-1.3526488542556763
10934,-1.348961591720581
10935,-1.3603801727294922
10936,-1.3604854345321655
10937,-1.362290382385254
10938,-1.3550074100494385
10939,-1.3587287664413452
10940,-1.3638101816177368
10941,-1.3636929988861084
10942,-1.3633630275726318
10943,-1.368666172027588
10944,-1.3622002601623535
10945,-1.3618791103363037
10946,-1.348813533782959
10947,-1.364245057106018
10948,-1.3615411520004272
10949,-1.346325159072876
10950,-1.3625825643539429
10951,-1.365118145942688
10952,-1.3661161661148071
10953,-1.363661766052246
10954,-1.3571979999542236
10955,-1.3514260053634644
10956,-1.36415696144104
10957,-1.358388066291809
10958,-1.3561344146728516
10959,-1.3647018671035767
10960,-1.3638420104980469
10961,-1.3545533418655396
10962,-1.3535864353179932
10963,-1.3650133609771729
10964,-1.3568456172943115
10965,-1.3474653959274292
10966,-1.3575448989868164
10967,-1.3640472888946533
10968,-1.3609741926193237
10969,-1.3587093353271484
10970,-1.3498637676239014
10971,-1.363781452178955
10972,-1.358298897743225
10973,-1.3562859296798706
10974,-1.3621723651885986
10975,-1.3485949039459229
10976,-1.360534429550171
10977,-1.3646650314331055
10978,-1.3509037494659424
10979,-1.3574132919311523
10980,-1.3518118858337402
10981,-1.3621019124984741
10982,-1.3497323989868164
10983,-1.3563759326934814
10984,-1.361617088317871
10985,-1.364007830619812
10986,-1.3525707721710205
10987,-1.3586457967758179
10988,-1.3588786125183105
10989,-1.364643931388855
10990,-1.3627756834030151
10991,-1.351456642150879
10992,-1.3630987405776978
10993,-1.3550999164581299
10994,-1.3583589792251587
10995,-1.3638293743133545
10996,-1.3617866039276123
10997,-1.3634312152862549
10998,-1.360434889793396
10999,-1.3672267198562622
11000,-1.3622844219207764
11001,-1.3643531799316406
11002,-1.361858606338501
11003,-1.3481059074401855
11004,-1.353652000427246
11005,-1.3571652173995972
11006,-1.364872694015503
11007,-1.3633787631988525
11008,-1.3580777645111084
11009,-1.3603557348251343
11010,-1.3573429584503174
11011,-1.3532211780548096
11012,-1.3685413599014282
11013,-1.3650299310684204
11014,-1.348447561264038
11015,-1.3558745384216309
11016,-1.3581219911575317
11017,-1.3558677434921265
11018,-1.3578485250473022
11019,-1.355611801147461
11020,-1.3537414073944092
11021,-1.3552272319793701
11022,-1.361865758895874
11023,-1.3514353036880493
11024,-1.3541206121444702
11025,-1.3542274236679077
11026,-1.3621639013290405
11027,-1.342074990272522
11028,-1.3598741292953491
11029,-1.3512654304504395
11030,-1.3595740795135498
11031,-1.357067584991455
11032,-1.3648557662963867
11033,-1.3534010648727417
11034,-1.3647229671478271
11035,-1.3573064804077148
11036,-1.3554620742797852
11037,-1.3564975261688232
11038,-1.3543999195098877
11039,-1.3668619394302368
11040,-1.3551928997039795
11041,-1.367326021194458
11042,-1.3582149744033813
11043,-1.355444312095642
11044,-1.3632076978683472
11045,-1.3666956424713135
11046,-1.338701605796814
11047,-1.3666038513183594
11048,-1.3533293008804321
11049,-1.3661915063858032
11050,-1.3615341186523438
11051,-1.3621872663497925
11052,-1.3500975370407104
11053,-1.357469081878662
11054,-1.3570702075958252
11055,-1.3595532178878784
11056,-1.3658710718154907
11057,-1.35933256149292
11058,-1.3651431798934937
11059,-1.3564271926879883
11060,-1.361137866973877
11061,-1.3706449270248413
11062,-1.3569228649139404
11063,-1.357803463935852
11064,-1.3645954132080078
11065,-1.3518555164337158
11066,-1.35671865940094
11067,-1.362974762916565
11068,-1.359311580657959
11069,-1.3578970432281494
11070,-1.3633482456207275
11071,-1.3484781980514526
11072,-1.349385142326355
11073,-1.3619880676269531
11074,-1.365172266960144
11075,-1.3606184720993042
11076,-1.3237628936767578
11077,-1.36027991771698
11078,-1.361911654472351
11079,-1.3544337749481201
11080,-1.3607888221740723
11081,-1.3655412197113037
11082,-1.3625705242156982
11083,-1.358028531074524
11084,-1.3659942150115967
11085,-1.3533366918563843
11086,-1.3543031215667725
11087,-1.3501005172729492
11088,-1.3507769107818604
11089,-1.3578286170959473
11090,-1.3568742275238037
11091,-1.358217477798462
11092,-1.3441426753997803
11093,-1.3598359823226929
11094,-1.353284239768982
11095,-1.3515024185180664
11096,-1.3504506349563599
11097,-1.3562183380126953
11098,-1.3569344282150269
11099,-1.3544068336486816
11100,-1.3599977493286133
11101,-1.3625073432922363
11102,-1.3401081562042236
11103,-1.348944902420044
11104,-1.3605036735534668
11105,-1.348036289215088
11106,-1.345810055732727
11107,-1.3491798639297485
11108,-1.362143874168396
11109,-1.3540586233139038
11110,-1.3558188676834106
11111,-1.3613171577453613
11112,-1.3621749877929688
11113,-1.3607633113861084
11114,-1.3532428741455078
11115,-1.3594141006469727
11116,-1.3594892024993896
11117,-1.348518967628479
11118,-1.354880928993225
11119,-1.361100673675537
11120,-1.3566521406173706
11121,-1.3515902757644653
11122,-1.365600824356079
11123,-1.3580706119537354
11124,-1.365816354751587
11125,-1.3584227561950684
11126,-1.3585450649261475
11127,-1.3575704097747803
11128,-1.3596618175506592
11129,-1.354404091835022
11130,-1.3549246788024902
11131,-1.3620942831039429
11132,-1.3616650104522705
11133,-1.3369479179382324
11134,-1.357353687286377
11135,-1.3618654012680054
11136,-1.3599900007247925
11137,-1.3595750331878662
11138,-1.355438232421875
11139,-1.36069655418396
11140,-1.3560171127319336
11141,-1.3604145050048828
11142,-1.3628231287002563
11143,-1.35595703125
11144,-1.367949366569519
11145,-1.3473927974700928
11146,-1.3626912832260132
11147,-1.3521648645401
11148,-1.358208417892456
11149,-1.3616840839385986
11150,-1.3673216104507446
11151,-1.360530138015747
11152,-1.3526731729507446
11153,-1.3602960109710693
11154,-1.3604736328125
11155,-1.3491442203521729
11156,-1.3604215383529663
11157,-1.3606021404266357
11158,-1.3630925416946411
11159,-1.3644132614135742
11160,-1.3579858541488647
11161,-1.3528337478637695
11162,-1.3671565055847168
11163,-1.3638912439346313
11164,-1.3517144918441772
11165,-1.3458566665649414
11166,-1.3395717144012451
11167,-1.3607287406921387
11168,-1.3569705486297607
11169,-1.3551143407821655
11170,-1.3625965118408203
11171,-1.3568800687789917
11172,-1.3648611307144165
11173,-1.3602608442306519
11174,-1.367844820022583
11175,-1.3620893955230713
11176,-1.35060453414917
11177,-1.3525428771972656
11178,-1.3491908311843872
11179,-1.3692373037338257
11180,-1.3671191930770874
11181,-1.3591976165771484
11182,-1.3615187406539917
11183,-1.3573330640792847
11184,-1.3637752532958984
11185,-1.3586719036102295
11186,-1.36296546459198
11187,-1.3601170778274536
11188,-1.3653331995010376
11189,-1.356900930404663
11190,-1.3612934350967407
11191,-1.3640409708023071
11192,-1.3687069416046143
11193,-1.3650927543640137
11194,-1.355522871017456
11195,-1.3647372722625732
11196,-1.3640800714492798
11197,-1.3651831150054932
11198,-1.3613741397857666
11199,-1.3662889003753662
11200,-1.354884386062622
11201,-1.3604531288146973
11202,-1.3604968786239624
11203,-1.3577889204025269
11204,-1.3575868606567383
11205,-1.359393835067749
11206,-1.362789273262024
11207,-1.3677573204040527
11208,-1.3543975353240967
11209,-1.3602131605148315
11210,-1.36271071434021
11211,-1.3612127304077148
11212,-1.3606083393096924
11213,-1.3682069778442383
11214,-1.3600069284439087
11215,-1.3620378971099854
11216,-1.349270224571228
11217,-1.3672300577163696
11218,-1.3636422157287598
11219,-1.3615494966506958
11220,-1.3592575788497925
11221,-1.361809253692627
11222,-1.3632243871688843
11223,-1.3640432357788086
11224,-1.3669744729995728
11225,-1.362260103225708
11226,-1.345559000968933
11227,-1.36072838306427
11228,-1.3591197729110718
11229,-1.3627556562423706
11230,-1.3625730276107788
11231,-1.3456735610961914
11232,-1.3660142421722412
11233,-1.3641771078109741
11234,-1.3661912679672241
11235,-1.358793020248413
11236,-1.3639229536056519
11237,-1.361405372619629
11238,-1.3481590747833252
11239,-1.3618144989013672
11240,-1.3610527515411377
11241,-1.3638660907745361
11242,-1.361078143119812
11243,-1.3620436191558838
11244,-1.3617513179779053
11245,-1.3517463207244873
11246,-1.3657430410385132
11247,-1.3628106117248535
11248,-1.3626320362091064
11249,-1.3644899129867554
11250,-1.3614110946655273
11251,-1.3613636493682861
11252,-1.3678021430969238
11253,-1.3663097620010376
11254,-1.3584256172180176
11255,-1.3649132251739502
11256,-1.364301085472107
11257,-1.360084056854248
11258,-1.3233611583709717
11259,-1.3637323379516602
11260,-1.3411865234375
11261,-1.3643839359283447
11262,-1.3517391681671143
11263,-1.357043981552124
11264,-1.3538721799850464
11265,-1.3618019819259644
11266,-1.3558762073516846
11267,-1.3318560123443604
11268,-1.3621106147766113
11269,-1.358243465423584
11270,-1.35469651222229
11271,-1.36016845703125
11272,-1.3619412183761597
11273,-1.3627452850341797
11274,-1.3591537475585938
11275,-1.356456995010376
11276,-1.3659610748291016
11277,-1.3586479425430298
11278,-1.3557331562042236
11279,-1.3635691404342651
11280,-1.35750412940979
11281,-1.3556915521621704
11282,-1.3493965864181519
11283,-1.3601363897323608
11284,-1.3638191223144531
11285,-1.3555878400802612
11286,-1.34893000125885
11287,-1.3672879934310913
11288,-1.3502845764160156
11289,-1.3634097576141357
11290,-1.3652573823928833
11291,-1.357600212097168
11292,-1.3538236618041992
11293,-1.3441489934921265
11294,-1.3595610857009888
11295,-1.3560512065887451
11296,-1.361771583557129
11297,-1.3577755689620972
11298,-1.3649322986602783
11299,-1.3552203178405762
11300,-1.34845769405365
11301,-1.3654072284698486
11302,-1.3600834608078003
11303,-1.3584760427474976
11304,-1.361886978149414
11305,-1.3611805438995361
11306,-1.364273190498352
11307,-1.3584859371185303
11308,-1.3624448776245117
11309,-1.366299033164978
11310,-1.3664952516555786
11311,-1.353205919265747
11312,-1.35800302028656
11313,-1.3617758750915527
11314,-1.3600951433181763
11315,-1.3648396730422974
11316,-1.352216124534607
11317,-1.3604573011398315
11318,-1.3641080856323242
11319,-1.3624993562698364
11320,-1.3663276433944702
11321,-1.3480572700500488
11322,-1.3585964441299438
11323,-1.359549880027771
11324,-1.3552231788635254
11325,-1.3661421537399292
11326,-1.3720351457595825
11327,-1.3626652956008911
11328,-1.3583743572235107
11329,-1.3650330305099487
11330,-1.3572592735290527
11331,-1.3624451160430908
11332,-1.3652398586273193
11333,-1.367461919784546
11334,-1.3651175498962402
11335,-1.3631377220153809
11336,-1.3702811002731323
11337,-1.360249638557434
11338,-1.3534250259399414
11339,-1.369329571723938
11340,-1.3650063276290894
11341,-1.3541595935821533
11342,-1.3666554689407349
11343,-1.3586313724517822
11344,-1.361419677734375
11345,-1.3631681203842163
11346,-1.3584437370300293
11347,-1.3587818145751953
11348,-1.362483263015747
11349,-1.361562967300415
11350,-1.3591008186340332
11351,-1.355387568473816
11352,-1.3597685098648071
11353,-1.367664098739624
11354,-1.3471941947937012
11355,-1.3610509634017944
11356,-1.3595032691955566
11357,-1.358057975769043
11358,-1.3531759977340698
11359,-1.358868956565857
11360,-1.3451067209243774
11361,-1.3276294469833374
11362,-1.355679988861084
11363,-1.3458247184753418
11364,-1.3635565042495728
11365,-1.3621280193328857
11366,-1.355151891708374
11367,-1.3593401908874512
11368,-1.3486628532409668
11369,-1.3681550025939941
11370,-1.3601254224777222
11371,-1.3567219972610474
11372,-1.3618431091308594
11373,-1.3615134954452515
11374,-1.363856315612793
11375,-1.3612017631530762
11376,-1.3622891902923584
11377,-1.3628430366516113
11378,-1.3665157556533813
11379,-1.3611730337142944
11380,-1.3405005931854248
11381,-1.3623079061508179
11382,-1.3666877746582031
11383,-1.3567408323287964
11384,-1.363974928855896
11385,-1.3622722625732422
11386,-1.3593419790267944
11387,-1.3629363775253296
11388,-1.3143293857574463
11389,-1.3577499389648438
11390,-1.36398184299469
11391,-1.3585782051086426
11392,-1.3561115264892578
11393,-1.3641313314437866
11394,-1.3567091226577759
11395,-1.3592933416366577
11396,-1.3643296957015991
11397,-1.3573800325393677
11398,-1.338208794593811
11399,-1.36326003074646
11400,-1.3632978200912476
11401,-1.3548219203948975
11402,-1.3616560697555542
11403,-1.3576804399490356
11404,-1.365670084953308
11405,-1.3647269010543823
11406,-1.3576149940490723
11407,-1.3600162267684937
11408,-1.3643214702606201
11409,-1.3670451641082764
11410,-1.3353910446166992
11411,-1.3599176406860352
11412,-1.3577638864517212
11413,-1.3554174900054932
11414,-1.358936071395874
11415,-1.3510197401046753
11416,-1.363835096359253
11417,-1.3566033840179443
11418,-1.3554797172546387
11419,-1.3613200187683105
11420,-1.3558835983276367
11421,-1.3437203168869019
11422,-1.3540699481964111
11423,-1.3675200939178467
11424,-1.3604822158813477
11425,-1.3598557710647583
11426,-1.364569067955017
11427,-1.362613320350647
11428,-1.3618367910385132
11429,-1.3643159866333008
11430,-1.369652509689331
11431,-1.365303874015808
11432,-1.3638644218444824
11433,-1.361043930053711
11434,-1.3623743057250977
11435,-1.354244351387024
11436,-1.3695205450057983
11437,-1.3630526065826416
11438,-1.3560795783996582
11439,-1.3692063093185425
11440,-1.3465075492858887
11441,-1.3662526607513428
11442,-1.3647977113723755
11443,-1.3631151914596558
11444,-1.364851951599121
11445,-1.340137243270874
11446,-1.3605176210403442
11447,-1.3554279804229736
11448,-1.3602310419082642
11449,-1.3660227060317993
11450,-1.3643138408660889
11451,-1.3408386707305908
11452,-1.3673059940338135
11453,-1.3618216514587402
11454,-1.3675583600997925
11455,-1.344743251800537
11456,-1.3663222789764404
11457,-1.357297658920288
11458,-1.3601154088974
11459,-1.3578033447265625
11460,-1.3566985130310059
11461,-1.3622442483901978
11462,-1.3446093797683716
11463,-1.3612890243530273
11464,-1.3305561542510986
11465,-1.364220380783081
11466,-1.360344648361206
11467,-1.3181158304214478
11468,-1.3462419509887695
11469,-1.3639582395553589
11470,-1.361034870147705
11471,-1.3573771715164185
11472,-1.3455246686935425
11473,-1.3625234365463257
11474,-1.3440536260604858
11475,-1.3618590831756592
11476,-1.3577015399932861
11477,-1.3652080297470093
11478,-1.3600594997406006
11479,-1.3594168424606323
11480,-1.3602412939071655
11481,-1.3569334745407104
11482,-1.3666633367538452
11483,-1.3606786727905273
11484,-1.3590877056121826
11485,-1.3537315130233765
11486,-1.3626879453659058
11487,-1.359978199005127
11488,-1.3580281734466553
11489,-1.3661140203475952
11490,-1.351367712020874
11491,-1.3560742139816284
11492,-1.3575704097747803
11493,-1.3607901334762573
11494,-1.3594262599945068
11495,-1.3616323471069336
11496,-1.360412836074829
11497,-1.3629096746444702
11498,-1.3603949546813965
11499,-1.3588072061538696
11500,-1.3646622896194458
11501,-1.3624986410140991
11502,-1.354541301727295
11503,-1.3594098091125488
11504,-1.357151746749878
11505,-1.3637170791625977
11506,-1.3644311428070068
11507,-1.363608717918396
11508,-1.3555959463119507
11509,-1.34514319896698
11510,-1.3553450107574463
11511,-1.3657506704330444
11512,-1.3631060123443604
11513,-1.3584398031234741
11514,-1.3584785461425781
11515,-1.3596405982971191
11516,-1.3585591316223145
11517,-1.3523074388504028
11518,-1.3585801124572754
11519,-1.3567818403244019
11520,-1.3434746265411377
11521,-1.3576616048812866
11522,-1.3677555322647095
11523,-1.3609342575073242
11524,-1.352360486984253
11525,-1.3495937585830688
11526,-1.3597332239151
11527,-1.358575701713562
11528,-1.343147873878479
11529,-1.3528881072998047
11530,-1.3560309410095215
11531,-1.360391616821289
11532,-1.3581609725952148
11533,-1.3552472591400146
11534,-1.361274003982544
11535,-1.3636119365692139
11536,-1.350653052330017
11537,-1.359068751335144
11538,-1.3636665344238281
11539,-1.3623943328857422
11540,-1.3484050035476685
11541,-1.3474006652832031
11542,-1.3547675609588623
11543,-1.3619312047958374
11544,-1.3607563972473145
11545,-1.348914384841919
11546,-1.3462003469467163
11547,-1.3664861917495728
11548,-1.3627102375030518
11549,-1.357722520828247
11550,-1.351762294769287
11551,-1.3667693138122559
11552,-1.3589829206466675
11553,-1.3653514385223389
11554,-1.360307216644287
11555,-1.3583592176437378
11556,-1.3669415712356567
11557,-1.3600422143936157
11558,-1.3585256338119507
11559,-1.3666529655456543
11560,-1.3558541536331177
11561,-1.3545180559158325
11562,-1.3609973192214966
11563,-1.3601124286651611
11564,-1.362313985824585
11565,-1.3584884405136108
11566,-1.3635444641113281
11567,-1.3592090606689453
11568,-1.3668551445007324
11569,-1.3585329055786133
11570,-1.3639421463012695
11571,-1.3595222234725952
11572,-1.3486241102218628
11573,-1.3585655689239502
11574,-1.358445167541504
11575,-1.3599056005477905
11576,-1.3665271997451782
11577,-1.3640168905258179
11578,-1.3655502796173096
11579,-1.3634469509124756
11580,-1.3674335479736328
11581,-1.3586090803146362
11582,-1.3614391088485718
11583,-1.3667452335357666
11584,-1.3606427907943726
11585,-1.358423113822937
11586,-1.3554022312164307
11587,-1.3619287014007568
11588,-1.3657859563827515
11589,-1.3622753620147705
11590,-1.3667423725128174
11591,-1.3639764785766602
11592,-1.3702272176742554
11593,-1.3643929958343506
11594,-1.3631377220153809
11595,-1.3530279397964478
11596,-1.3590553998947144
11597,-1.3657640218734741
11598,-1.3617076873779297
11599,-1.3630913496017456
11600,-1.360775351524353
11601,-1.3659825325012207
11602,-1.367287039756775
11603,-1.3629028797149658
11604,-1.3616406917572021
11605,-1.352244257926941
11606,-1.3523916006088257
11607,-1.3665698766708374
11608,-1.3530322313308716
11609,-1.3608348369598389
11610,-1.3599662780761719
11611,-1.365257978439331
11612,-1.3603525161743164
11613,-1.3595210313796997
11614,-1.3600044250488281
11615,-1.357134222984314
11616,-1.363952398300171
11617,-1.359222412109375
11618,-1.3532516956329346
11619,-1.357973337173462
11620,-1.3570888042449951
11621,-1.3647639751434326
11622,-1.362248182296753
11623,-1.360369324684143
11624,-1.338456630706787
11625,-1.3406686782836914
11626,-1.3644680976867676
11627,-1.3677949905395508
11628,-1.3619834184646606
11629,-1.3558380603790283
11630,-1.3636846542358398
11631,-1.3655269145965576
11632,-1.3628953695297241
11633,-1.359434723854065
11634,-1.3547682762145996
11635,-1.3619476556777954
11636,-1.355608344078064
11637,-1.3662534952163696
11638,-1.3617833852767944
11639,-1.3615903854370117
11640,-1.3520514965057373
11641,-1.3660483360290527
11642,-1.3652595281600952
11643,-1.3605436086654663
11644,-1.3663947582244873
11645,-1.3595646619796753
11646,-1.3736108541488647
11647,-1.3658233880996704
11648,-1.3707623481750488
11649,-1.3424696922302246
11650,-1.3533059358596802
11651,-1.3531644344329834
11652,-1.3621678352355957
11653,-1.3616580963134766
11654,-1.3610429763793945
11655,-1.3489344120025635
11656,-1.3615832328796387
11657,-1.3559000492095947
11658,-1.363491177558899
11659,-1.3534162044525146
11660,-1.36272132396698
11661,-1.3612210750579834
11662,-1.3645349740982056
11663,-1.360288381576538
11664,-1.3652812242507935
11665,-1.3616526126861572
11666,-1.3623501062393188
11667,-1.359618902206421
11668,-1.3688771724700928
11669,-1.3365577459335327
11670,-1.3664348125457764
11671,-1.365240454673767
11672,-1.3571891784667969
11673,-1.3523532152175903
11674,-1.361997365951538
11675,-1.3598806858062744
11676,-1.3671443462371826
11677,-1.3546051979064941
11678,-1.3581769466400146
11679,-1.353384256362915
11680,-1.357375144958496
11681,-1.356196403503418
11682,-1.3558998107910156
11683,-1.3530123233795166
11684,-1.3613135814666748
11685,-1.3603919744491577
11686,-1.3618011474609375
11687,-1.366316556930542
11688,-1.3221997022628784
11689,-1.3598147630691528
11690,-1.3544025421142578
11691,-1.3618978261947632
11692,-1.3630508184432983
11693,-1.3516509532928467
11694,-1.361438512802124
11695,-1.3572704792022705
11696,-1.358114242553711
11697,-1.3631389141082764
11698,-1.3572804927825928
11699,-1.3575880527496338
11700,-1.3596664667129517
11701,-1.3669123649597168
11702,-1.3540358543395996
11703,-1.3551442623138428
11704,-1.3620548248291016
11705,-1.3652517795562744
11706,-1.3612829446792603
11707,-1.3571590185165405
11708,-1.362024188041687
11709,-1.3646726608276367
11710,-1.367316722869873
11711,-1.3632683753967285
11712,-1.3552446365356445
11713,-1.3582016229629517
11714,-1.3562262058258057
11715,-1.3679137229919434
11716,-1.3589208126068115
11717,-1.3612135648727417
11718,-1.3575468063354492
11719,-1.3688017129898071
11720,-1.3555876016616821
11721,-1.3361592292785645
11722,-1.3576598167419434
11723,-1.3594390153884888
11724,-1.3544604778289795
11725,-1.3640234470367432
11726,-1.3595856428146362
11727,-1.352822184562683
11728,-1.354956030845642
11729,-1.363517165184021
11730,-1.346747636795044
11731,-1.3497384786605835
11732,-1.3592357635498047
11733,-1.3525158166885376
11734,-1.3503350019454956
11735,-1.3535019159317017
11736,-1.359796404838562
11737,-1.3632322549819946
11738,-1.352239727973938
11739,-1.3656185865402222
11740,-1.3603427410125732
11741,-1.3586571216583252
11742,-1.3593246936798096
11743,-1.365580677986145
11744,-1.3666642904281616
11745,-1.3548247814178467
11746,-1.3668262958526611
11747,-1.3585901260375977
11748,-1.3522412776947021
11749,-1.3606001138687134
11750,-1.3592780828475952
11751,-1.3362016677856445
11752,-1.353888988494873
11753,-1.3556196689605713
11754,-1.3514482975006104
11755,-1.3469769954681396
11756,-1.3637150526046753
11757,-1.3601676225662231
11758,-1.3544875383377075
11759,-1.3540618419647217
11760,-1.365121841430664
11761,-1.3634018898010254
11762,-1.3669242858886719
11763,-1.3621381521224976
11764,-1.362032175064087
11765,-1.3640944957733154
11766,-1.3676578998565674
11767,-1.356253981590271
11768,-1.3676156997680664
11769,-1.3363795280456543
11770,-1.365424633026123
11771,-1.340345025062561
11772,-1.3556725978851318
11773,-1.3557038307189941
11774,-1.3624056577682495
11775,-1.365089774131775
11776,-1.3290855884552002
11777,-1.3531420230865479
11778,-1.3649195432662964
11779,-1.3511064052581787
11780,-1.3629193305969238
11781,-1.3627352714538574
11782,-1.358984112739563
11783,-1.3626090288162231
11784,-1.359250545501709
11785,-1.3522917032241821
11786,-1.3518608808517456
11787,-1.3575624227523804
11788,-1.3627984523773193
11789,-1.3373079299926758
11790,-1.3366124629974365
11791,-1.363084316253662
11792,-1.3614877462387085
11793,-1.3571053743362427
11794,-1.3665294647216797
11795,-1.36288321018219
11796,-1.3599014282226562
11797,-1.3503259420394897
11798,-1.3623307943344116
11799,-1.3538881540298462
11800,-1.359113097190857
11801,-1.3646953105926514
11802,-1.3639692068099976
11803,-1.3631625175476074
11804,-1.3686223030090332
11805,-1.3606929779052734
11806,-1.3582643270492554
11807,-1.3487789630889893
11808,-1.3643232583999634
11809,-1.3671624660491943
11810,-1.3517863750457764
11811,-1.3683404922485352
11812,-1.370595932006836
11813,-1.3664612770080566
11814,-1.3606393337249756
11815,-1.3609535694122314
11816,-1.3647232055664062
11817,-1.3602814674377441
11818,-1.354973316192627
11819,-1.3610789775848389
11820,-1.3539319038391113
11821,-1.3682621717453003
11822,-1.365631103515625
11823,-1.3625051975250244
11824,-1.362240195274353
11825,-1.3609226942062378
11826,-1.355751395225525
11827,-1.3536078929901123
11828,-1.3621790409088135
11829,-1.362345576286316
11830,-1.3556385040283203
11831,-1.360343337059021
11832,-1.351206660270691
11833,-1.3656504154205322
11834,-1.3675949573516846
11835,-1.361514687538147
11836,-1.3614705801010132
11837,-1.361491084098816
11838,-1.3566473722457886
11839,-1.3661445379257202
11840,-1.3106369972229004
11841,-1.3649619817733765
11842,-1.3639600276947021
11843,-1.3654096126556396
11844,-1.3574867248535156
11845,-1.36280357837677
11846,-1.359299659729004
11847,-1.3619877099990845
11848,-1.363844871520996
11849,-1.3596975803375244
11850,-1.3643889427185059
11851,-1.3651643991470337
11852,-1.364258050918579
11853,-1.368494987487793
11854,-1.3612675666809082
11855,-1.3694862127304077
11856,-1.364069938659668
11857,-1.3615378141403198
11858,-1.3564131259918213
11859,-1.3648602962493896
11860,-1.3583945035934448
11861,-1.3678392171859741
11862,-1.3596196174621582
11863,-1.3502838611602783
11864,-1.3614310026168823
11865,-1.3521039485931396
11866,-1.3613296747207642
11867,-1.3232837915420532
11868,-1.3607730865478516
11869,-1.3616423606872559
11870,-1.3608336448669434
11871,-1.3380563259124756
11872,-1.3594738245010376
11873,-1.356687068939209
11874,-1.3599040508270264
11875,-1.352375864982605
11876,-1.3645247220993042
11877,-1.3658275604248047
11878,-1.3543447256088257
11879,-1.3642306327819824
11880,-1.3574687242507935
11881,-1.3622134923934937
11882,-1.3612778186798096
11883,-1.3661693334579468
11884,-1.359920859336853
11885,-1.3640038967132568
11886,-1.3639731407165527
11887,-1.3543249368667603
11888,-1.3657817840576172
11889,-1.3668731451034546
11890,-1.355597734451294
11891,-1.3528401851654053
11892,-1.36622154712677
11893,-1.362505555152893
11894,-1.360472321510315
11895,-1.3626010417938232
11896,-1.3644475936889648
11897,-1.3613677024841309
11898,-1.3620887994766235
11899,-1.3649028539657593
11900,-1.3682494163513184
11901,-1.366074800491333
11902,-1.3599523305892944
11903,-1.3617550134658813
11904,-1.3647254705429077
11905,-1.3620675802230835
11906,-1.3575375080108643
11907,-1.3640556335449219
11908,-1.3579888343811035
11909,-1.3614391088485718
11910,-1.359825611114502
11911,-1.3624004125595093
11912,-1.3628469705581665
11913,-1.3647505044937134
11914,-1.3480477333068848
11915,-1.3576486110687256
11916,-1.3586256504058838
11917,-1.35247802734375
11918,-1.3642048835754395
11919,-1.3625344038009644
11920,-1.363278865814209
11921,-1.3602173328399658
11922,-1.3581486940383911
11923,-1.3712579011917114
11924,-1.3402628898620605
11925,-1.366877555847168
11926,-1.3555539846420288
11927,-1.3620765209197998
11928,-1.3625459671020508
11929,-1.3440459966659546
11930,-1.3606799840927124
11931,-1.3550933599472046
11932,-1.3578341007232666
11933,-1.3621984720230103
11934,-1.360282301902771
11935,-1.347034215927124
11936,-1.3614639043807983
11937,-1.3586533069610596
11938,-1.3658866882324219
11939,-1.3620421886444092
11940,-1.3600178956985474
11941,-1.353988766670227
11942,-1.360394835472107
11943,-1.3544425964355469
11944,-1.3590421676635742
11945,-1.352656602859497
11946,-1.3608317375183105
11947,-1.3595050573349
11948,-1.351976752281189
11949,-1.3469398021697998
11950,-1.3609074354171753
11951,-1.3618149757385254
11952,-1.361744999885559
11953,-1.3651959896087646
11954,-1.3427242040634155
11955,-1.357767939567566
11956,-1.3660736083984375
11957,-1.364525556564331
11958,-1.3579787015914917
11959,-1.360846757888794
11960,-1.3663673400878906
11961,-1.3671091794967651
11962,-1.3596519231796265
11963,-1.339869499206543
11964,-1.3609223365783691
11965,-1.3521841764450073
11966,-1.3637197017669678
11967,-1.3394014835357666
11968,-1.3446619510650635
11969,-1.3589134216308594
11970,-1.3650689125061035
11971,-1.3405593633651733
11972,-1.3513622283935547
11973,-1.3631149530410767
11974,-1.353060245513916
11975,-1.3610056638717651
11976,-1.3669999837875366
11977,-1.3456873893737793
11978,-1.3580207824707031
11979,-1.366398572921753
11980,-1.3624714612960815
11981,-1.364995002746582
11982,-1.3612253665924072
11983,-1.3659818172454834
11984,-1.3487892150878906
11985,-1.3651493787765503
11986,-1.3685024976730347
11987,-1.368319034576416
11988,-1.3590940237045288
11989,-1.3634538650512695
11990,-1.3663779497146606
11991,-1.3627387285232544
11992,-1.3656588792800903
11993,-1.3601306676864624
11994,-1.3653167486190796
11995,-1.361258864402771
11996,-1.3631170988082886
11997,-1.364436149597168
11998,-1.3610566854476929
11999,-1.3642597198486328
12000,-1.366154670715332
12001,-1.353774905204773
12002,-1.3679784536361694
12003,-1.3357270956039429
12004,-1.3474271297454834
12005,-1.3611743450164795
12006,-1.359937071800232
12007,-1.35854172706604
12008,-1.3630759716033936
12009,-1.362475872039795
12010,-1.3553214073181152
12011,-1.3601491451263428
12012,-1.3623578548431396
12013,-1.3664922714233398
12014,-1.3614240884780884
12015,-1.3524843454360962
12016,-1.356353759765625
12017,-1.3598432540893555
12018,-1.3595319986343384
12019,-1.35590660572052
12020,-1.3620649576187134
12021,-1.3629850149154663
12022,-1.3647682666778564
12023,-1.3571548461914062
12024,-1.3635890483856201
12025,-1.3458495140075684
12026,-1.3643639087677002
12027,-1.3561142683029175
12028,-1.3610807657241821
12029,-1.353064775466919
12030,-1.3620609045028687
12031,-1.3397159576416016
12032,-1.351186752319336
12033,-1.36587655544281
12034,-1.361197590827942
12035,-1.3615660667419434
12036,-1.3640451431274414
12037,-1.3491237163543701
12038,-1.3557355403900146
12039,-1.35260808467865
12040,-1.34903883934021
12041,-1.357408881187439
12042,-1.3641020059585571
12043,-1.3523839712142944
12044,-1.3623884916305542
12045,-1.3597933053970337
12046,-1.3502142429351807
12047,-1.3525584936141968
12048,-1.360615849494934
12049,-1.357123613357544
12050,-1.3618898391723633
12051,-1.3608710765838623
12052,-1.3193682432174683
12053,-1.352183222770691
12054,-1.3559552431106567
12055,-1.3623279333114624
12056,-1.3545258045196533
12057,-1.349653720855713
12058,-1.3647699356079102
12059,-1.358112096786499
12060,-1.3701115846633911
12061,-1.364646077156067
12062,-1.3581453561782837
12063,-1.3224314451217651
12064,-1.3621553182601929
12065,-1.3626668453216553
12066,-1.3547985553741455
12067,-1.3617103099822998
12068,-1.3569743633270264
12069,-1.3639956712722778
12070,-1.369543433189392
12071,-1.368704080581665
12072,-1.3510704040527344
12073,-1.3573249578475952
12074,-1.3542574644088745
12075,-1.366562008857727
12076,-1.3612043857574463
12077,-1.360758662223816
12078,-1.3622996807098389
12079,-1.361564040184021
12080,-1.3640609979629517
12081,-1.3677091598510742
12082,-1.3540843725204468
12083,-1.3673624992370605
12084,-1.3672256469726562
12085,-1.3661041259765625
12086,-1.3508565425872803
12087,-1.366098165512085
12088,-1.3588227033615112
12089,-1.3614070415496826
12090,-1.3643853664398193
12091,-1.3653039932250977
12092,-1.3686697483062744
12093,-1.3650398254394531
12094,-1.3608752489089966
12095,-1.36851167678833
12096,-1.3642475605010986
12097,-1.3613626956939697
12098,-1.3456342220306396
12099,-1.3545817136764526
12100,-1.3572207689285278
12101,-1.361136555671692
12102,-1.3629919290542603
12103,-1.3573535680770874
12104,-1.3659257888793945
12105,-1.3462166786193848
12106,-1.346714735031128
12107,-1.3496049642562866
12108,-1.3609269857406616
12109,-1.3635196685791016
12110,-1.3618751764297485
12111,-1.3650792837142944
12112,-1.3637330532073975
12113,-1.3588130474090576
12114,-1.3437962532043457
12115,-1.3592846393585205
12116,-1.3527755737304688
12117,-1.3559587001800537
12118,-1.3468087911605835
12119,-1.3662306070327759
12120,-1.3550543785095215
12121,-1.3467000722885132
12122,-1.3552417755126953
12123,-1.3655871152877808
12124,-1.3602826595306396
12125,-1.355012059211731
12126,-1.3525174856185913
12127,-1.3676222562789917
12128,-1.3620089292526245
12129,-1.3666311502456665
12130,-1.3584294319152832
12131,-1.3607205152511597
12132,-1.3591769933700562
12133,-1.3635179996490479
12134,-1.322873830795288
12135,-1.3649821281433105
12136,-1.3511900901794434
12137,-1.3433566093444824
12138,-1.3589028120040894
12139,-1.3661328554153442
12140,-1.3607590198516846
12141,-1.3524587154388428
12142,-1.357896327972412
12143,-1.351352334022522
12144,-1.3580443859100342
12145,-1.3651351928710938
12146,-1.3605382442474365
12147,-1.3429454565048218
12148,-1.3615951538085938
12149,-1.3609941005706787
12150,-1.3682866096496582
12151,-1.3500759601593018
12152,-1.3317837715148926
12153,-1.353773593902588
12154,-1.3521448373794556
12155,-1.3545498847961426
12156,-1.3627574443817139
12157,-1.35905921459198
12158,-1.3493626117706299
12159,-1.3630497455596924
12160,-1.3480039834976196
12161,-1.366155982017517
12162,-1.36636483669281
12163,-1.355098009109497
12164,-1.3665122985839844
12165,-1.36025071144104
12166,-1.3570653200149536
12167,-1.3656723499298096
12168,-1.365940809249878
12169,-1.3496953248977661
12170,-1.362833023071289
12171,-1.349639892578125
12172,-1.3637449741363525
12173,-1.3634397983551025
12174,-1.3511097431182861
12175,-1.3533555269241333
12176,-1.360378384590149
12177,-1.3660985231399536
12178,-1.365726113319397
12179,-1.3277993202209473
12180,-1.3579297065734863
12181,-1.3648689985275269
12182,-1.357212781906128
12183,-1.361922025680542
12184,-1.3546206951141357
12185,-1.3520773649215698
12186,-1.3613412380218506
12187,-1.3622256517410278
12188,-1.3637261390686035
12189,-1.3644150495529175
12190,-1.355398416519165
12191,-1.3485841751098633
12192,-1.359598159790039
12193,-1.362346887588501
12194,-1.3663088083267212
12195,-1.3646373748779297
12196,-1.3617768287658691
12197,-1.359404444694519
12198,-1.3551154136657715
12199,-1.360094666481018
12200,-1.3579890727996826
12201,-1.352447509765625
12202,-1.3601837158203125
12203,-1.3476178646087646
12204,-1.3688499927520752
12205,-1.3581000566482544
12206,-1.3584823608398438
12207,-1.335317611694336
12208,-1.3526464700698853
12209,-1.3568499088287354
12210,-1.3614767789840698
12211,-1.3571586608886719
12212,-1.3559516668319702
12213,-1.3613269329071045
12214,-1.3589239120483398
12215,-1.3575787544250488
12216,-1.3661153316497803
12217,-1.363749384880066
12218,-1.3502073287963867
12219,-1.3612560033798218
12220,-1.3570739030838013
12221,-1.3663524389266968
12222,-1.3708128929138184
12223,-1.3653013706207275
12224,-1.3681204319000244
12225,-1.367189884185791
12226,-1.3630213737487793
12227,-1.3636270761489868
12228,-1.3650531768798828
12229,-1.3550585508346558
12230,-1.3684959411621094
12231,-1.3580073118209839
12232,-1.361185908317566
12233,-1.3655037879943848
12234,-1.3631221055984497
12235,-1.360539197921753
12236,-1.3623442649841309
12237,-1.3622956275939941
12238,-1.35940420627594
12239,-1.3698596954345703
12240,-1.3636163473129272
12241,-1.3597983121871948
12242,-1.3648920059204102
12243,-1.3643739223480225
12244,-1.3594012260437012
12245,-1.3596338033676147
12246,-1.3502388000488281
12247,-1.3584505319595337
12248,-1.354415774345398
12249,-1.3580656051635742
12250,-1.3503124713897705
12251,-1.3504443168640137
12252,-1.3588236570358276
12253,-1.360509991645813
12254,-1.3539772033691406
12255,-1.3623101711273193
12256,-1.3558413982391357
12257,-1.3582484722137451
12258,-1.3633177280426025
12259,-1.3594306707382202
12260,-1.3578280210494995
12261,-1.3560600280761719
12262,-1.3615894317626953
12263,-1.3690131902694702
12264,-1.3489353656768799
12265,-1.3671541213989258
12266,-1.3551921844482422
12267,-1.3549997806549072
12268,-1.3596842288970947
12269,-1.3641661405563354
12270,-1.3549072742462158
12271,-1.3600188493728638
12272,-1.3554742336273193
12273,-1.361338496208191
12274,-1.3628991842269897
12275,-1.3552932739257812
12276,-1.3617274761199951
12277,-1.3605742454528809
12278,-1.3657684326171875
12279,-1.3612635135650635
12280,-1.3640992641448975
12281,-1.3546311855316162
12282,-1.357896327972412
12283,-1.3729262351989746
12284,-1.3466081619262695
12285,-1.3531336784362793
12286,-1.365703821182251
12287,-1.3615483045578003
12288,-1.3635708093643188
12289,-1.3583650588989258
12290,-1.3530128002166748
12291,-1.3638371229171753
12292,-1.3657981157302856
12293,-1.3447606563568115
12294,-1.358141303062439
12295,-1.352332353591919
12296,-1.3477178812026978
12297,-1.3643784523010254
12298,-1.3496413230895996
12299,-1.361202597618103
12300,-1.3586922883987427
12301,-1.3637068271636963
12302,-1.3633959293365479
12303,-1.3601737022399902
12304,-1.3578548431396484
12305,-1.3638720512390137
12306,-1.3693878650665283
12307,-1.3527251482009888
12308,-1.3531678915023804
12309,-1.3624294996261597
12310,-1.3552510738372803
12311,-1.36284339427948
12312,-1.3539177179336548
12313,-1.3717601299285889
12314,-1.3538519144058228
12315,-1.3566406965255737
12316,-1.3643113374710083
12317,-1.3546804189682007
12318,-1.3573604822158813
12319,-1.3601030111312866
12320,-1.3637679815292358
12321,-1.3576233386993408
12322,-1.361066460609436
12323,-1.363139271736145
12324,-1.3598463535308838
12325,-1.3549474477767944
12326,-1.3552069664001465
12327,-1.364013671875
12328,-1.364532470703125
12329,-1.3591482639312744
12330,-1.3617222309112549
12331,-1.362713098526001
12332,-1.3558149337768555
12333,-1.3686832189559937
12334,-1.3519065380096436
12335,-1.3535405397415161
12336,-1.3622978925704956
12337,-1.3508212566375732
12338,-1.3592708110809326
12339,-1.3634802103042603
12340,-1.3650168180465698
12341,-1.3597908020019531
12342,-1.361577033996582
12343,-1.346535563468933
12344,-1.3649824857711792
12345,-1.3583821058273315
12346,-1.352418065071106
12347,-1.3647371530532837
12348,-1.363357663154602
12349,-1.364819884300232
12350,-1.369349479675293
12351,-1.3605985641479492
12352,-1.3586633205413818
12353,-1.3506301641464233
12354,-1.3633711338043213
12355,-1.3583379983901978
12356,-1.3546113967895508
12357,-1.3616591691970825
12358,-1.363430380821228
12359,-1.3636208772659302
12360,-1.3588080406188965
12361,-1.3579425811767578
12362,-1.361392855644226
12363,-1.3625224828720093
12364,-1.3609050512313843
12365,-1.3640871047973633
12366,-1.363644003868103
12367,-1.3610103130340576
12368,-1.3663791418075562
12369,-1.3648066520690918
12370,-1.3617372512817383
12371,-1.3543918132781982
12372,-1.3629181385040283
12373,-1.3461201190948486
12374,-1.3626940250396729
12375,-1.3573306798934937
12376,-1.3512204885482788
12377,-1.3625609874725342
12378,-1.3626614809036255
12379,-1.359584093093872
12380,-1.3570075035095215
12381,-1.3672161102294922
12382,-1.3675564527511597
12383,-1.3653104305267334
12384,-1.3579826354980469
12385,-1.3309129476547241
12386,-1.358428716659546
12387,-1.3664535284042358
12388,-1.348799228668213
12389,-1.3638160228729248
12390,-1.36002516746521
12391,-1.3610023260116577
12392,-1.361604928970337
12393,-1.3657242059707642
12394,-1.3706247806549072
12395,-1.3598941564559937
12396,-1.3629515171051025
12397,-1.3403661251068115
12398,-1.3528715372085571
12399,-1.3551194667816162
12400,-1.3615278005599976
12401,-1.3577216863632202
12402,-1.357730746269226
12403,-1.3599671125411987
12404,-1.3637793064117432
12405,-1.358062744140625
12406,-1.36273992061615
12407,-1.3580076694488525
12408,-1.3587672710418701
12409,-1.367408037185669
12410,-1.3583532571792603
12411,-1.3607244491577148
12412,-1.3606295585632324
12413,-1.3616949319839478
12414,-1.3661507368087769
12415,-1.3585033416748047
12416,-1.3672971725463867
12417,-1.3593330383300781
12418,-1.361593246459961
12419,-1.3638211488723755
12420,-1.36480712890625
12421,-1.3632307052612305
12422,-1.3447421789169312
12423,-1.3658552169799805
12424,-1.3537414073944092
12425,-1.3599027395248413
12426,-1.3574885129928589
12427,-1.361187219619751
12428,-1.3670852184295654
12429,-1.3607792854309082
12430,-1.3643392324447632
12431,-1.363883376121521
12432,-1.3576797246932983
12433,-1.362106442451477
12434,-1.3524588346481323
12435,-1.3563785552978516
12436,-1.3640072345733643
12437,-1.3635966777801514
12438,-1.3591567277908325
12439,-1.3504105806350708
12440,-1.3618615865707397
12441,-1.3483970165252686
12442,-1.3572015762329102
12443,-1.3650425672531128
12444,-1.3606480360031128
12445,-1.3552354574203491
12446,-1.361815094947815
12447,-1.3565089702606201
12448,-1.358205795288086
12449,-1.3633034229278564
12450,-1.3672842979431152
12451,-1.3661493062973022
12452,-1.3434157371520996
12453,-1.3588826656341553
12454,-1.3616561889648438
12455,-1.3657969236373901
12456,-1.3548307418823242
12457,-1.3643244504928589
12458,-1.3646419048309326
12459,-1.3572083711624146
12460,-1.3658019304275513
12461,-1.3631088733673096
12462,-1.3580596446990967
12463,-1.3660709857940674
12464,-1.365208387374878
12465,-1.3627986907958984
12466,-1.3624024391174316
12467,-1.3633410930633545
12468,-1.362940788269043
12469,-1.3531969785690308
12470,-1.363706111907959
12471,-1.3564281463623047
12472,-1.358601689338684
12473,-1.3681296110153198
12474,-1.3563514947891235
12475,-1.3601139783859253
12476,-1.3585999011993408
12477,-1.3465518951416016
12478,-1.357473611831665
12479,-1.3556934595108032
12480,-1.3539711236953735
12481,-1.3651542663574219
12482,-1.358211874961853
12483,-1.330032229423523
12484,-1.3606581687927246
12485,-1.3625460863113403
12486,-1.3648431301116943
12487,-1.3599046468734741
12488,-1.3527626991271973
12489,-1.3650660514831543
12490,-1.3606443405151367
12491,-1.3511580228805542
12492,-1.352442741394043
12493,-1.34428870677948
12494,-1.3632289171218872
12495,-1.3627796173095703
12496,-1.35471510887146
12497,-1.3605449199676514
12498,-1.3669190406799316
12499,-1.3601765632629395
12500,-1.3634819984436035
12501,-1.354600429534912
12502,-1.3631768226623535
12503,-1.349320888519287
12504,-1.3593018054962158
12505,-1.366030216217041
12506,-1.3638747930526733
12507,-1.358865737915039
12508,-1.3605449199676514
12509,-1.3567380905151367
12510,-1.3624651432037354
12511,-1.3373196125030518
12512,-1.3613948822021484
12513,-1.3584154844284058
12514,-1.364272117614746
12515,-1.3665218353271484
12516,-1.3620359897613525
12517,-1.360689401626587
12518,-1.3635408878326416
12519,-1.35884428024292
12520,-1.331084966659546
12521,-1.3642396926879883
12522,-1.3630616664886475
12523,-1.3611711263656616
12524,-1.3635494709014893
12525,-1.3638948202133179
12526,-1.3592913150787354
12527,-1.3609120845794678
12528,-1.3637936115264893
12529,-1.3615354299545288
12530,-1.3528761863708496
12531,-1.3612430095672607
12532,-1.3638982772827148
12533,-1.361791968345642
12534,-1.3649450540542603
12535,-1.3591784238815308
12536,-1.358997106552124
12537,-1.3578808307647705
12538,-1.359424352645874
12539,-1.3622299432754517
12540,-1.3554766178131104
12541,-1.362346887588501
12542,-1.3699449300765991
12543,-1.3627030849456787
12544,-1.3608049154281616
12545,-1.3605812788009644
12546,-1.362829327583313
12547,-1.3647637367248535
12548,-1.3613909482955933
12549,-1.3659573793411255
12550,-1.357765793800354
12551,-1.347145676612854
12552,-1.3617197275161743
12553,-1.3558781147003174
12554,-1.3606512546539307
12555,-1.3646835088729858
12556,-1.3581551313400269
12557,-1.3598695993423462
12558,-1.3686214685440063
12559,-1.3685754537582397
12560,-1.359993577003479
12561,-1.3598911762237549
12562,-1.3667625188827515
12563,-1.3612943887710571
12564,-1.3628332614898682
12565,-1.3658897876739502
12566,-1.3604077100753784
12567,-1.3468025922775269
12568,-1.3573189973831177
12569,-1.3555188179016113
12570,-1.360508680343628
12571,-1.3625433444976807
12572,-1.3478543758392334
12573,-1.3561099767684937
12574,-1.3597291707992554
12575,-1.3609094619750977
12576,-1.3567169904708862
12577,-1.3528066873550415
12578,-1.360377311706543
12579,-1.3284835815429688
12580,-1.3648923635482788
12581,-1.3595874309539795
12582,-1.3643375635147095
12583,-1.3541511297225952
12584,-1.3642041683197021
12585,-1.360129714012146
12586,-1.3650290966033936
12587,-1.3605334758758545
12588,-1.3511682748794556
12589,-1.3587961196899414
12590,-1.3590781688690186
12591,-1.363027572631836
12592,-1.3560947179794312
12593,-1.3608742952346802
12594,-1.3688831329345703
12595,-1.3572767972946167
12596,-1.3671964406967163
12597,-1.358824610710144
12598,-1.3608988523483276
12599,-1.3679319620132446
12600,-1.3617802858352661
12601,-1.3654611110687256
12602,-1.3585585355758667
12603,-1.3506836891174316
12604,-1.359660029411316
12605,-1.3641080856323242
12606,-1.3666303157806396
12607,-1.3667281866073608
12608,-1.3621501922607422
12609,-1.3584253787994385
12610,-1.3650315999984741
12611,-1.3546139001846313
12612,-1.3627231121063232
12613,-1.3642126321792603
12614,-1.3593782186508179
12615,-1.3646538257598877
12616,-1.3683176040649414
12617,-1.3607945442199707
12618,-1.358378291130066
12619,-1.3622134923934937
12620,-1.361458659172058
12621,-1.3588180541992188
12622,-1.3661692142486572
12623,-1.360219120979309
12624,-1.3614170551300049
12625,-1.3277822732925415
12626,-1.3625999689102173
12627,-1.3640531301498413
12628,-1.3603479862213135
12629,-1.3650240898132324
12630,-1.365259051322937
12631,-1.3583922386169434
12632,-1.3551533222198486
12633,-1.3618624210357666
12634,-1.3491013050079346
12635,-1.3541595935821533
12636,-1.3536945581436157
12637,-1.3701010942459106
12638,-1.3649314641952515
12639,-1.3609668016433716
12640,-1.3558200597763062
12641,-1.362345576286316
12642,-1.3665317296981812
12643,-1.3591065406799316
12644,-1.3658215999603271
12645,-1.3621139526367188
12646,-1.3602558374404907
12647,-1.360455870628357
12648,-1.3636599779129028
12649,-1.3639037609100342
12650,-1.3612709045410156
12651,-1.3579435348510742
12652,-1.3675631284713745
12653,-1.3645848035812378
12654,-1.3579938411712646
12655,-1.3676173686981201
12656,-1.3634573221206665
12657,-1.3627394437789917
12658,-1.3620909452438354
12659,-1.3628236055374146
12660,-1.3576451539993286
12661,-1.3623822927474976
12662,-1.3612864017486572
12663,-1.3604469299316406
12664,-1.3664202690124512
12665,-1.365625262260437
12666,-1.3621997833251953
12667,-1.3588165044784546
12668,-1.360561490058899
12669,-1.3556948900222778
12670,-1.3556817770004272
12671,-1.3531756401062012
12672,-1.365204095840454
12673,-1.3592294454574585
12674,-1.363457441329956
12675,-1.3543606996536255
12676,-1.3584527969360352
12677,-1.3703718185424805
12678,-1.3507683277130127
12679,-1.359588861465454
12680,-1.3673679828643799
12681,-1.3636488914489746
12682,-1.3521418571472168
12683,-1.3607797622680664
12684,-1.3709125518798828
12685,-1.362775206565857
12686,-1.3618320226669312
12687,-1.3643304109573364
12688,-1.356583595275879
12689,-1.3599226474761963
12690,-1.3681954145431519
12691,-1.3591370582580566
12692,-1.3567960262298584
12693,-1.3657374382019043
12694,-1.358018159866333
12695,-1.342448115348816
12696,-1.3533258438110352
12697,-1.361912727355957
12698,-1.3569819927215576
12699,-1.3574965000152588
12700,-1.3636751174926758
12701,-1.3537172079086304
12702,-1.3577022552490234
12703,-1.3588042259216309
12704,-1.3634800910949707
12705,-1.364684820175171
12706,-1.3615813255310059
12707,-1.3543667793273926
12708,-1.3620948791503906
12709,-1.3617910146713257
12710,-1.3488459587097168
12711,-1.357230544090271
12712,-1.3416829109191895
12713,-1.3673834800720215
12714,-1.3649487495422363
12715,-1.362713098526001
12716,-1.3509938716888428
12717,-1.3571100234985352
12718,-1.364189624786377
12719,-1.3667675256729126
12720,-1.3643995523452759
12721,-1.3541229963302612
12722,-1.3507137298583984
12723,-1.3599084615707397
12724,-1.354304552078247
12725,-1.3638192415237427
12726,-1.358139991760254
12727,-1.355784296989441
12728,-1.3622547388076782
12729,-1.36582612991333
12730,-1.3590855598449707
12731,-1.357724905014038
12732,-1.3671666383743286
12733,-1.3689464330673218
12734,-1.3472412824630737
12735,-1.3579117059707642
12736,-1.3592095375061035
12737,-1.3656535148620605
12738,-1.3644070625305176
12739,-1.363053321838379
12740,-1.3637011051177979
12741,-1.3641160726547241
12742,-1.3612943887710571
12743,-1.326821208000183
12744,-1.3609589338302612
12745,-1.3590048551559448
12746,-1.3622151613235474
12747,-1.3609178066253662
12748,-1.3363559246063232
12749,-1.3654265403747559
12750,-1.3648535013198853
12751,-1.3658941984176636
12752,-1.3620848655700684
12753,-1.3624120950698853
12754,-1.3670562505722046
12755,-1.3630000352859497
12756,-1.3621457815170288
12757,-1.3588117361068726
12758,-1.3656450510025024
12759,-1.370055913925171
12760,-1.3620775938034058
12761,-1.3624848127365112
12762,-1.3677027225494385
12763,-1.3681752681732178
12764,-1.3590128421783447
12765,-1.363004207611084
12766,-1.3660682439804077
12767,-1.3599393367767334
12768,-1.3651632070541382
12769,-1.3616913557052612
12770,-1.366655707359314
12771,-1.3677399158477783
12772,-1.3605870008468628
12773,-1.367358684539795
12774,-1.3652029037475586
12775,-1.3649682998657227
12776,-1.3666613101959229
12777,-1.3646202087402344
12778,-1.3590112924575806
12779,-1.3685439825057983
12780,-1.3556370735168457
12781,-1.3594586849212646
12782,-1.3613337278366089
12783,-1.3691011667251587
12784,-1.3580855131149292
12785,-1.3618789911270142
12786,-1.3656723499298096
12787,-1.3605684041976929
12788,-1.3609809875488281
12789,-1.366106390953064
12790,-1.3580583333969116
12791,-1.352370262145996
12792,-1.3645398616790771
12793,-1.3638066053390503
12794,-1.3637436628341675
12795,-1.3673449754714966
12796,-1.36448073387146
12797,-1.3623580932617188
12798,-1.3655040264129639
12799,-1.360024333000183
12800,-1.363831877708435
12801,-1.3622688055038452
12802,-1.3623712062835693
12803,-1.3561979532241821
12804,-1.3643929958343506
12805,-1.3657557964324951
12806,-1.3608510494232178
12807,-1.3563040494918823
12808,-1.3607325553894043
12809,-1.3618488311767578
12810,-1.364776849746704
12811,-1.3598612546920776
12812,-1.364137887954712
12813,-1.3627002239227295
12814,-1.36020827293396
12815,-1.3583754301071167
12816,-1.359646201133728
12817,-1.365240216255188
12818,-1.3658392429351807
12819,-1.3592623472213745
12820,-1.3534704446792603
12821,-1.3429821729660034
12822,-1.3648205995559692
12823,-1.359962821006775
12824,-1.3509770631790161
12825,-1.361228585243225
12826,-1.3567845821380615
12827,-1.363547682762146
12828,-1.3624213933944702
12829,-1.3655195236206055
12830,-1.3560789823532104
12831,-1.366265058517456
12832,-1.3626452684402466
12833,-1.3632265329360962
12834,-1.359588384628296
12835,-1.3580384254455566
12836,-1.3629653453826904
12837,-1.3572684526443481
12838,-1.3633317947387695
12839,-1.3511676788330078
12840,-1.361755609512329
12841,-1.3606765270233154
12842,-1.3600276708602905
12843,-1.3666527271270752
12844,-1.3610827922821045
12845,-1.3629390001296997
12846,-1.3625285625457764
12847,-1.3587110042572021
12848,-1.3597524166107178
12849,-1.3360276222229004
12850,-1.3633674383163452
12851,-1.3654743432998657
12852,-1.3654282093048096
12853,-1.3643550872802734
12854,-1.3681297302246094
12855,-1.368787169456482
12856,-1.3583844900131226
12857,-1.3649942874908447
12858,-1.3672993183135986
12859,-1.362894892692566
12860,-1.3670481443405151
12861,-1.3602612018585205
12862,-1.3648626804351807
12863,-1.363399624824524
12864,-1.366576910018921
12865,-1.3600382804870605
12866,-1.3541321754455566
12867,-1.3565645217895508
12868,-1.3646881580352783
12869,-1.358652949333191
12870,-1.3563309907913208
12871,-1.3588104248046875
12872,-1.3552281856536865
12873,-1.3499001264572144
12874,-1.3643600940704346
12875,-1.3470938205718994
12876,-1.348909854888916
12877,-1.3603270053863525
12878,-1.3680877685546875
12879,-1.355257272720337
12880,-1.3645292520523071
12881,-1.3466765880584717
12882,-1.3649390935897827
12883,-1.3550739288330078
12884,-1.368483066558838
12885,-1.3670125007629395
12886,-1.362581491470337
12887,-1.3599942922592163
12888,-1.347719430923462
12889,-1.3648550510406494
12890,-1.355732798576355
12891,-1.3687846660614014
12892,-1.360163927078247
12893,-1.3529839515686035
12894,-1.360127329826355
12895,-1.3518186807632446
12896,-1.3679091930389404
12897,-1.3619343042373657
12898,-1.3658841848373413
12899,-1.3680059909820557
12900,-1.3659589290618896
12901,-1.3566478490829468
12902,-1.3642635345458984
12903,-1.35776948928833
12904,-1.3543211221694946
12905,-1.3584290742874146
12906,-1.3633266687393188
12907,-1.3643252849578857
12908,-1.358543038368225
12909,-1.354901671409607
12910,-1.3609473705291748
12911,-1.3643845319747925
12912,-1.3679686784744263
12913,-1.3280057907104492
12914,-1.3632762432098389
12915,-1.3603171110153198
12916,-1.3565007448196411
12917,-1.3594344854354858
12918,-1.357792615890503
12919,-1.3541887998580933
12920,-1.3572359085083008
12921,-1.3530406951904297
12922,-1.348095417022705
12923,-1.362855076789856
12924,-1.3584553003311157
12925,-1.3584177494049072
12926,-1.3629940748214722
12927,-1.3539141416549683
12928,-1.3578541278839111
12929,-1.36272132396698
12930,-1.355886697769165
12931,-1.3495748043060303
12932,-1.359411597251892
12933,-1.3479764461517334
12934,-1.352158784866333
12935,-1.3637242317199707
12936,-1.3638989925384521
12937,-1.3602858781814575
12938,-1.3488303422927856
12939,-1.3679249286651611
12940,-1.3603309392929077
12941,-1.359183669090271
12942,-1.3591911792755127
12943,-1.3642854690551758
12944,-1.3619040250778198
12945,-1.3616077899932861
12946,-1.3585602045059204
12947,-1.3672707080841064
12948,-1.3552560806274414
12949,-1.3555899858474731
12950,-1.3600417375564575
12951,-1.363991141319275
12952,-1.357176661491394
12953,-1.3599706888198853
12954,-1.3595702648162842
12955,-1.358633041381836
12956,-1.3621792793273926
12957,-1.3653831481933594
12958,-1.367929220199585
12959,-1.3594427108764648
12960,-1.360080361366272
12961,-1.3634259700775146
12962,-1.366147518157959
12963,-1.366805076599121
12964,-1.3600351810455322
12965,-1.3601369857788086
12966,-1.3579533100128174
12967,-1.3576749563217163
12968,-1.369009256362915
12969,-1.344119906425476
12970,-1.354864478111267
12971,-1.3614915609359741
12972,-1.3706374168395996
12973,-1.36185622215271
12974,-1.3537360429763794
12975,-1.3627612590789795
12976,-1.3656142950057983
12977,-1.367283821105957
12978,-1.3350460529327393
12979,-1.3612339496612549
12980,-1.35471510887146
12981,-1.3591187000274658
12982,-1.3528748750686646
12983,-1.3652708530426025
12984,-1.361265778541565
12985,-1.3633720874786377
12986,-1.362270474433899
12987,-1.3673245906829834
12988,-1.361063003540039
12989,-1.366310477256775
12990,-1.3622031211853027
12991,-1.3594321012496948
12992,-1.360419750213623
12993,-1.3496818542480469
12994,-1.3562217950820923
12995,-1.3645479679107666
12996,-1.3598581552505493
12997,-1.3595504760742188
12998,-1.3633378744125366
12999,-1.3619134426116943
13000,-1.3483102321624756
13001,-1.355191707611084
13002,-1.3670367002487183
13003,-1.3566715717315674
13004,-1.3653781414031982
13005,-1.3625774383544922
13006,-1.3627424240112305
13007,-1.3526805639266968
13008,-1.3522868156433105
13009,-1.3508965969085693
13010,-1.359803557395935
13011,-1.3634989261627197
13012,-1.3625640869140625
13013,-1.3605835437774658
13014,-1.3664711713790894
13015,-1.3593063354492188
13016,-1.3631292581558228
13017,-1.3660330772399902
13018,-1.359025239944458
13019,-1.365389108657837
13020,-1.360156774520874
13021,-1.3625996112823486
13022,-1.3676193952560425
13023,-1.3665961027145386
13024,-1.368139624595642
13025,-1.361986517906189
13026,-1.359355092048645
13027,-1.3522976636886597
13028,-1.361201286315918
13029,-1.3566902875900269
13030,-1.3630338907241821
13031,-1.3585718870162964
13032,-1.3664530515670776
13033,-1.345978856086731
13034,-1.3498800992965698
13035,-1.3628144264221191
13036,-1.3587654829025269
13037,-1.3551629781723022
13038,-1.360962986946106
13039,-1.3656132221221924
13040,-1.3621790409088135
13041,-1.3685171604156494
13042,-1.3631070852279663
13043,-1.3639408349990845
13044,-1.3575007915496826
13045,-1.357194423675537
13046,-1.3642688989639282
13047,-1.3612334728240967
13048,-1.365166425704956
13049,-1.3690030574798584
13050,-1.3691024780273438
13051,-1.3661096096038818
13052,-1.3570671081542969
13053,-1.3655842542648315
13054,-1.3553900718688965
13055,-1.3599164485931396
13056,-1.3620189428329468
13057,-1.3685656785964966
13058,-1.3616180419921875
13059,-1.3639525175094604
13060,-1.3621151447296143
13061,-1.3531678915023804
13062,-1.3669064044952393
13063,-1.3617477416992188
13064,-1.3638012409210205
13065,-1.3612743616104126
13066,-1.3591293096542358
13067,-1.3667364120483398
13068,-1.367526888847351
13069,-1.3639657497406006
13070,-1.3628352880477905
13071,-1.364004135131836
13072,-1.3605726957321167
13073,-1.3644567728042603
13074,-1.3645349740982056
13075,-1.3615401983261108
13076,-1.3654451370239258
13077,-1.3613948822021484
13078,-1.3614437580108643
13079,-1.357224464416504
13080,-1.3611729145050049
13081,-1.362196683883667
13082,-1.351184606552124
13083,-1.3534724712371826
13084,-1.366005301475525
13085,-1.3566749095916748
13086,-1.3694547414779663
13087,-1.3660495281219482
13088,-1.3679139614105225
13089,-1.3525665998458862
13090,-1.3654108047485352
13091,-1.35651433467865
13092,-1.356898307800293
13093,-1.363563895225525
13094,-1.3599644899368286
13095,-1.367255449295044
13096,-1.3657448291778564
13097,-1.3609445095062256
13098,-1.3610668182373047
13099,-1.3564244508743286
13100,-1.3693628311157227
13101,-1.363429307937622
13102,-1.3639154434204102
13103,-1.3581106662750244
13104,-1.3537315130233765
13105,-1.3677499294281006
13106,-1.3653075695037842
13107,-1.3563079833984375
13108,-1.3573158979415894
13109,-1.3580443859100342
13110,-1.3690894842147827
13111,-1.3648786544799805
13112,-1.3670142889022827
13113,-1.3626450300216675
13114,-1.3685503005981445
13115,-1.3646034002304077
13116,-1.3640553951263428
13117,-1.3646645545959473
13118,-1.3622828722000122
13119,-1.3597396612167358
13120,-1.3624411821365356
13121,-1.367885947227478
13122,-1.3650132417678833
13123,-1.366105318069458
13124,-1.3641161918640137
13125,-1.3541479110717773
13126,-1.366256833076477
13127,-1.3637226819992065
13128,-1.3431260585784912
13129,-1.3647305965423584
13130,-1.3668431043624878
13131,-1.3491746187210083
13132,-1.3649048805236816
13133,-1.364755630493164
13134,-1.3643052577972412
13135,-1.3660610914230347
13136,-1.3545873165130615
13137,-1.3638019561767578
13138,-1.3531161546707153
13139,-1.3605921268463135
13140,-1.3632466793060303
13141,-1.3636019229888916
13142,-1.3562734127044678
13143,-1.3652974367141724
13144,-1.3642033338546753
13145,-1.3662171363830566
13146,-1.3698538541793823
13147,-1.370854377746582
13148,-1.3630485534667969
13149,-1.3588500022888184
13150,-1.361583948135376
13151,-1.3629790544509888
13152,-1.3574615716934204
13153,-1.343244194984436
13154,-1.367210030555725
13155,-1.3678849935531616
13156,-1.3514007329940796
13157,-1.3672065734863281
13158,-1.362301230430603
13159,-1.3680671453475952
13160,-1.3630491495132446
13161,-1.3659954071044922
13162,-1.3647534847259521
13163,-1.362865686416626
13164,-1.3593342304229736
13165,-1.3490943908691406
13166,-1.3621007204055786
13167,-1.3631317615509033
13168,-1.3581085205078125
13169,-1.3660513162612915
13170,-1.3537333011627197
13171,-1.366437315940857
13172,-1.3577423095703125
13173,-1.3571070432662964
13174,-1.3577063083648682
13175,-1.3609634637832642
13176,-1.3639247417449951
13177,-1.3355039358139038
13178,-1.3531758785247803
13179,-1.322839617729187
13180,-1.3611431121826172
13181,-1.3589513301849365
13182,-1.3570833206176758
13183,-1.343715786933899
13184,-1.3497815132141113
13185,-1.3610355854034424
13186,-1.3500287532806396
13187,-1.3505624532699585
13188,-1.3562030792236328
13189,-1.3658342361450195
13190,-1.3590015172958374
13191,-1.3597829341888428
13192,-1.3648254871368408
13193,-1.3540412187576294
13194,-1.358154058456421
13195,-1.3521279096603394
13196,-1.3597968816757202
13197,-1.3445786237716675
13198,-1.342376470565796
13199,-1.3555200099945068
13200,-1.351948618888855
13201,-1.3644301891326904
13202,-1.362196445465088
13203,-1.3614375591278076
13204,-1.3596770763397217
13205,-1.349647879600525
13206,-1.3646776676177979
13207,-1.3623178005218506
13208,-1.3556019067764282
13209,-1.3598206043243408
13210,-1.3629376888275146
13211,-1.3609050512313843
13212,-1.3605554103851318
13213,-1.3488692045211792
13214,-1.3663251399993896
13215,-1.359062671661377
13216,-1.3479962348937988
13217,-1.3615201711654663
13218,-1.3613581657409668
13219,-1.3579082489013672
13220,-1.361989974975586
13221,-1.3575735092163086
13222,-1.3665989637374878
13223,-1.3490006923675537
13224,-1.3529229164123535
13225,-1.3626002073287964
13226,-1.360801339149475
13227,-1.362588882446289
13228,-1.3518264293670654
13229,-1.3605914115905762
13230,-1.3584423065185547
13231,-1.3616116046905518
13232,-1.362890601158142
13233,-1.357830286026001
13234,-1.3639708757400513
13235,-1.3602240085601807
13236,-1.3604395389556885
13237,-1.3595185279846191
13238,-1.3548285961151123
13239,-1.3580554723739624
13240,-1.365797758102417
13241,-1.3609851598739624
13242,-1.3605140447616577
13243,-1.3609352111816406
13244,-1.364063024520874
13245,-1.3559753894805908
13246,-1.3595447540283203
13247,-1.3554902076721191
13248,-1.3631422519683838
13249,-1.3657892942428589
13250,-1.3582305908203125
13251,-1.3590667247772217
13252,-1.3608956336975098
13253,-1.3654814958572388
13254,-1.3509504795074463
13255,-1.3606603145599365
13256,-1.3657244443893433
13257,-1.3628753423690796
13258,-1.363533616065979
13259,-1.3598546981811523
13260,-1.3529202938079834
13261,-1.358596682548523
13262,-1.350368857383728
13263,-1.3602207899093628
13264,-1.358567476272583
13265,-1.36020827293396
13266,-1.3635042905807495
13267,-1.3701457977294922
13268,-1.3660531044006348
13269,-1.3285694122314453
13270,-1.3656638860702515
13271,-1.3659662008285522
13272,-1.362475872039795
13273,-1.3552701473236084
13274,-1.362086534500122
13275,-1.356512427330017
13276,-1.3569263219833374
13277,-1.3567074537277222
13278,-1.3618558645248413
13279,-1.3661078214645386
13280,-1.3403964042663574
13281,-1.3678479194641113
13282,-1.355023980140686
13283,-1.3605408668518066
13284,-1.3621761798858643
13285,-1.3618282079696655
13286,-1.3512262105941772
13287,-1.3544578552246094
13288,-1.3645355701446533
13289,-1.350518822669983
13290,-1.3587442636489868
13291,-1.3591344356536865
13292,-1.3380435705184937
13293,-1.3619407415390015
13294,-1.3530408143997192
13295,-1.366068720817566
13296,-1.3579630851745605
13297,-1.3644130229949951
13298,-1.3639341592788696
13299,-1.3658175468444824
13300,-1.362072229385376
13301,-1.3613823652267456
13302,-1.3568487167358398
13303,-1.3610413074493408
13304,-1.3585028648376465
13305,-1.3627426624298096
13306,-1.3601932525634766
13307,-1.3618072271347046
13308,-1.3606858253479004
13309,-1.365393877029419
13310,-1.3645870685577393
13311,-1.3671462535858154
13312,-1.3670921325683594
13313,-1.3698333501815796
13314,-1.3683785200119019
13315,-1.3633506298065186
13316,-1.3670650720596313
13317,-1.3606114387512207
13318,-1.3634700775146484
13319,-1.3563735485076904
13320,-1.3639124631881714
13321,-1.3439083099365234
13322,-1.3649505376815796
13323,-1.365560531616211
13324,-1.357158899307251
13325,-1.3640573024749756
13326,-1.3516302108764648
13327,-1.3670105934143066
13328,-1.3647557497024536
13329,-1.3686864376068115
13330,-1.3666256666183472
13331,-1.3566471338272095
13332,-1.3563984632492065
13333,-1.3567931652069092
13334,-1.3640868663787842
13335,-1.3642706871032715
13336,-1.355703592300415
13337,-1.3577077388763428
13338,-1.354586124420166
13339,-1.370018720626831
13340,-1.3623772859573364
13341,-1.3511412143707275
13342,-1.3658086061477661
13343,-1.3575952053070068
13344,-1.3635189533233643
13345,-1.3625476360321045
13346,-1.3525880575180054
13347,-1.3507039546966553
13348,-1.365816593170166
13349,-1.3663941621780396
13350,-1.3667386770248413
13351,-1.3667060136795044
13352,-1.3636164665222168
13353,-1.3661396503448486
13354,-1.3612937927246094
13355,-1.3609415292739868
13356,-1.3678749799728394
13357,-1.350851058959961
13358,-1.3546984195709229
13359,-1.3660755157470703
13360,-1.357346534729004
13361,-1.3527262210845947
13362,-1.3679636716842651
13363,-1.3606653213500977
13364,-1.363265037536621
13365,-1.3582628965377808
13366,-1.3656508922576904
13367,-1.3516820669174194
13368,-1.3530642986297607
13369,-1.3590718507766724
13370,-1.360051155090332
13371,-1.351773738861084
13372,-1.3575787544250488
13373,-1.3537448644638062
13374,-1.3614184856414795
13375,-1.361985206604004
13376,-1.3596892356872559
13377,-1.36129891872406
13378,-1.360854983329773
13379,-1.3613533973693848
13380,-1.35501229763031
13381,-1.365296721458435
13382,-1.364182472229004
13383,-1.3626253604888916
13384,-1.3605968952178955
13385,-1.3595905303955078
13386,-1.3599514961242676
13387,-1.3646520376205444
13388,-1.3681120872497559
13389,-1.356337547302246
13390,-1.3624014854431152
13391,-1.3664416074752808
13392,-1.3628336191177368
13393,-1.351499319076538
13394,-1.3546029329299927
13395,-1.3666901588439941
13396,-1.3637888431549072
13397,-1.3648302555084229
13398,-1.367340087890625
13399,-1.3559123277664185
13400,-1.3602372407913208
13401,-1.3579281568527222
13402,-1.3679031133651733
13403,-1.3651350736618042
13404,-1.3655232191085815
13405,-1.3653545379638672
13406,-1.3582768440246582
13407,-1.3488130569458008
13408,-1.3630326986312866
13409,-1.3642479181289673
13410,-1.3615565299987793
13411,-1.3634474277496338
13412,-1.3642823696136475
13413,-1.3615212440490723
13414,-1.34629487991333
13415,-1.3636711835861206
13416,-1.3661463260650635
13417,-1.3575019836425781
13418,-1.3625503778457642
13419,-1.364262342453003
13420,-1.3716659545898438
13421,-1.3583413362503052
13422,-1.3582310676574707
13423,-1.3593915700912476
13424,-1.3647178411483765
13425,-1.3651349544525146
13426,-1.3658288717269897
13427,-1.362770676612854
13428,-1.3577970266342163
13429,-1.358992576599121
13430,-1.3674266338348389
13431,-1.3480818271636963
13432,-1.3646559715270996
13433,-1.3567817211151123
13434,-1.3677395582199097
13435,-1.3647302389144897
13436,-1.3660989999771118
13437,-1.3678615093231201
13438,-1.3618866205215454
13439,-1.367120623588562
13440,-1.3681055307388306
13441,-1.3570172786712646
13442,-1.360215187072754
13443,-1.3575488328933716
13444,-1.3689815998077393
13445,-1.3502616882324219
13446,-1.3639023303985596
13447,-1.3645689487457275
13448,-1.3699220418930054
13449,-1.365842580795288
13450,-1.3640429973602295
13451,-1.3628101348876953
13452,-1.365101933479309
13453,-1.361188292503357
13454,-1.366212010383606
13455,-1.3595293760299683
13456,-1.3646947145462036
13457,-1.3597815036773682
13458,-1.3676633834838867
13459,-1.3581815958023071
13460,-1.362123727798462
13461,-1.3680419921875
13462,-1.3508020639419556
13463,-1.3613297939300537
13464,-1.3659268617630005
13465,-1.3608696460723877
13466,-1.3626415729522705
13467,-1.348400592803955
13468,-1.3641419410705566
13469,-1.3620824813842773
13470,-1.3621323108673096
13471,-1.3623323440551758
13472,-1.363060712814331
13473,-1.3426445722579956
13474,-1.357994794845581
13475,-1.3510205745697021
13476,-1.3601703643798828
13477,-1.3529932498931885
13478,-1.3664602041244507
13479,-1.3651949167251587
13480,-1.3615707159042358
13481,-1.3633922338485718
13482,-1.3651587963104248
13483,-1.3631317615509033
13484,-1.36009681224823
13485,-1.3558666706085205
13486,-1.3590104579925537
13487,-1.3608523607254028
13488,-1.3619731664657593
13489,-1.3598952293395996
13490,-1.3657300472259521
13491,-1.3612377643585205
13492,-1.3624942302703857
13493,-1.367465615272522
13494,-1.3630132675170898
13495,-1.3624063730239868
13496,-1.3364531993865967
13497,-1.351401925086975
13498,-1.3562926054000854
13499,-1.362199306488037
13500,-1.3608481884002686
13501,-1.3626575469970703
13502,-1.3665060997009277
13503,-1.3635348081588745
13504,-1.361627459526062
13505,-1.363131046295166
13506,-1.3589074611663818
13507,-1.3586560487747192
13508,-1.3585379123687744
13509,-1.3610725402832031
13510,-1.3545902967453003
13511,-1.3540012836456299
13512,-1.363586664199829
13513,-1.3622548580169678
13514,-1.361558198928833
13515,-1.3704373836517334
13516,-1.3619000911712646
13517,-1.358769178390503
13518,-1.3546746969223022
13519,-1.3447926044464111
13520,-1.3572622537612915
13521,-1.364965558052063
13522,-1.3614095449447632
13523,-1.361201286315918
13524,-1.3620645999908447
13525,-1.3562161922454834
13526,-1.3512636423110962
13527,-1.368027687072754
13528,-1.3639854192733765
13529,-1.3679018020629883
13530,-1.3625773191452026
13531,-1.3482074737548828
13532,-1.3528621196746826
13533,-1.370003581047058
13534,-1.3632683753967285
13535,-1.3442399501800537
13536,-1.3316707611083984
13537,-1.362511396408081
13538,-1.3614256381988525
13539,-1.365233302116394
13540,-1.3579115867614746
13541,-1.354911208152771
13542,-1.3701244592666626
13543,-1.355913758277893
13544,-1.355224370956421
13545,-1.3624680042266846
13546,-1.3607920408248901
13547,-1.3561283349990845
13548,-1.3647841215133667
13549,-1.3591630458831787
13550,-1.3647470474243164
13551,-1.353048324584961
13552,-1.3603277206420898
13553,-1.3546948432922363
13554,-1.3665766716003418
13555,-1.3598116636276245
13556,-1.3528039455413818
13557,-1.3588109016418457
13558,-1.3561103343963623
13559,-1.3518333435058594
13560,-1.3581557273864746
13561,-1.3646256923675537
13562,-1.3581874370574951
13563,-1.3675990104675293
13564,-1.3595377206802368
13565,-1.3616070747375488
13566,-1.3667497634887695
13567,-1.361362338066101
13568,-1.3536301851272583
13569,-1.3572038412094116
13570,-1.361871600151062
13571,-1.3630902767181396
13572,-1.3570687770843506
13573,-1.3571834564208984
13574,-1.369304895401001
13575,-1.3650610446929932
13576,-1.3651564121246338
13577,-1.3649276494979858
13578,-1.3688005208969116
13579,-1.3637869358062744
13580,-1.355966567993164
13581,-1.3647983074188232
13582,-1.3672552108764648
13583,-1.3629000186920166
13584,-1.358295202255249
13585,-1.3522567749023438
13586,-1.3662235736846924
13587,-1.359346628189087
13588,-1.357187271118164
13589,-1.3584707975387573
13590,-1.3600592613220215
13591,-1.3585443496704102
13592,-1.3649592399597168
13593,-1.3645392656326294
13594,-1.3566172122955322
13595,-1.3576847314834595
13596,-1.3593111038208008
13597,-1.3661097288131714
13598,-1.3586889505386353
13599,-1.365391492843628
13600,-1.3642325401306152
13601,-1.3583550453186035
13602,-1.3481507301330566
13603,-1.3660578727722168
13604,-1.349457025527954
13605,-1.3638219833374023
13606,-1.3703073263168335
13607,-1.3498337268829346
13608,-1.360994577407837
13609,-1.367851972579956
13610,-1.3649482727050781
13611,-1.3635590076446533
13612,-1.3659394979476929
13613,-1.3633394241333008
13614,-1.3611284494400024
13615,-1.35288667678833
13616,-1.3581336736679077
13617,-1.355608344078064
13618,-1.3628613948822021
13619,-1.3660619258880615
13620,-1.3649204969406128
13621,-1.3655941486358643
13622,-1.3593829870224
13623,-1.3660826683044434
13624,-1.3570711612701416
13625,-1.363350749015808
13626,-1.3626515865325928
13627,-1.364056944847107
13628,-1.3623812198638916
13629,-1.363142728805542
13630,-1.359729528427124
13631,-1.361430287361145
13632,-1.3662810325622559
13633,-1.3581457138061523
13634,-1.3665831089019775
13635,-1.3632354736328125
13636,-1.353183388710022
13637,-1.3695894479751587
13638,-1.3634473085403442
13639,-1.3577498197555542
13640,-1.370916724205017
13641,-1.3193719387054443
13642,-1.3580979108810425
13643,-1.3666534423828125
13644,-1.3677399158477783
13645,-1.3632633686065674
13646,-1.352811574935913
13647,-1.3468642234802246
13648,-1.359423279762268
13649,-1.36238694190979
13650,-1.3614879846572876
13651,-1.3680083751678467
13652,-1.3648455142974854
13653,-1.3473049402236938
13654,-1.3654731512069702
13655,-1.3598010540008545
13656,-1.353342056274414
13657,-1.36875581741333
13658,-1.3584343194961548
13659,-1.3623342514038086
13660,-1.3637738227844238
13661,-1.362836480140686
13662,-1.3421051502227783
13663,-1.3603994846343994
13664,-1.3686134815216064
13665,-1.3595939874649048
13666,-1.3594763278961182
13667,-1.3527263402938843
13668,-1.3614803552627563
13669,-1.3625307083129883
13670,-1.3642091751098633
13671,-1.3657844066619873
13672,-1.3567214012145996
13673,-1.364222526550293
13674,-1.356594443321228
13675,-1.363264560699463
13676,-1.3537029027938843
13677,-1.3574398756027222
13678,-1.3688042163848877
13679,-1.366609811782837
13680,-1.3439570665359497
13681,-1.3470573425292969
13682,-1.3592829704284668
13683,-1.3588979244232178
13684,-1.351668119430542
13685,-1.3443756103515625
13686,-1.3704016208648682
13687,-1.362349510192871
13688,-1.3573670387268066
13689,-1.3596398830413818
13690,-1.3614778518676758
13691,-1.3629720211029053
13692,-1.3582406044006348
13693,-1.3368428945541382
13694,-1.3680336475372314
13695,-1.359431505203247
13696,-1.3674211502075195
13697,-1.360940933227539
13698,-1.3646953105926514
13699,-1.3616678714752197
13700,-1.3631809949874878
13701,-1.3506014347076416
13702,-1.356411099433899
13703,-1.3606313467025757
13704,-1.3648232221603394
13705,-1.3641822338104248
13706,-1.3675917387008667
13707,-1.3655036687850952
13708,-1.361461877822876
13709,-1.3614273071289062
13710,-1.3465781211853027
13711,-1.3668172359466553
13712,-1.3664768934249878
13713,-1.368996500968933
13714,-1.3658850193023682
13715,-1.3684377670288086
13716,-1.36748206615448
13717,-1.3533039093017578
13718,-1.3487215042114258
13719,-1.3533974885940552
13720,-1.366279125213623
13721,-1.3602229356765747
13722,-1.3597490787506104
13723,-1.3645532131195068
13724,-1.3619661331176758
13725,-1.3590892553329468
13726,-1.3620293140411377
13727,-1.3669674396514893
13728,-1.346527338027954
13729,-1.3612737655639648
13730,-1.3523366451263428
13731,-1.3666326999664307
13732,-1.3659610748291016
13733,-1.365332841873169
13734,-1.3672211170196533
13735,-1.3569985628128052
13736,-1.3619897365570068
13737,-1.362973928451538
13738,-1.359177827835083
13739,-1.365485668182373
13740,-1.3593378067016602
13741,-1.369856834411621
13742,-1.365522861480713
13743,-1.3622968196868896
13744,-1.362689733505249
13745,-1.3411953449249268
13746,-1.349282145500183
13747,-1.366187334060669
13748,-1.3630231618881226
13749,-1.3629813194274902
13750,-1.362051010131836
13751,-1.361592173576355
13752,-1.3603885173797607
13753,-1.3627760410308838
13754,-1.364646553993225
13755,-1.3650773763656616
13756,-1.360626459121704
13757,-1.3580663204193115
13758,-1.3617008924484253
13759,-1.3631517887115479
13760,-1.348467230796814
13761,-1.35775887966156
13762,-1.3553528785705566
13763,-1.367547869682312
13764,-1.3648443222045898
13765,-1.3702466487884521
13766,-1.3609325885772705
13767,-1.365538239479065
13768,-1.3648754358291626
13769,-1.3631312847137451
13770,-1.3546020984649658
13771,-1.3626470565795898
13772,-1.3695762157440186
13773,-1.3675110340118408
13774,-1.353128433227539
13775,-1.3632335662841797
13776,-1.364031195640564
13777,-1.3682430982589722
13778,-1.3491413593292236
13779,-1.3681446313858032
13780,-1.3667399883270264
13781,-1.3654837608337402
13782,-1.3645738363265991
13783,-1.367006540298462
13784,-1.36857008934021
13785,-1.3601917028427124
13786,-1.3613089323043823
13787,-1.3578611612319946
13788,-1.3628400564193726
13789,-1.3505971431732178
13790,-1.351631999015808
13791,-1.365460753440857
13792,-1.3578596115112305
13793,-1.368207335472107
13794,-1.3665695190429688
13795,-1.3627033233642578
13796,-1.3654839992523193
13797,-1.3600162267684937
13798,-1.3500607013702393
13799,-1.3729524612426758
13800,-1.3599910736083984
13801,-1.3589991331100464
13802,-1.3596539497375488
13803,-1.3674790859222412
13804,-1.3593449592590332
13805,-1.3626484870910645
13806,-1.3644596338272095
13807,-1.3661954402923584
13808,-1.3620134592056274
13809,-1.3634814023971558
13810,-1.3708324432373047
13811,-1.3638513088226318
13812,-1.3597350120544434
13813,-1.3713574409484863
13814,-1.3329715728759766
13815,-1.3598865270614624
13816,-1.3633025884628296
13817,-1.363614559173584
13818,-1.364896535873413
13819,-1.36690354347229
13820,-1.3430635929107666
13821,-1.3631625175476074
13822,-1.3653991222381592
13823,-1.360447645187378
13824,-1.3625587224960327
13825,-1.3683137893676758
13826,-1.361459732055664
13827,-1.367323637008667
13828,-1.3623020648956299
13829,-1.3524515628814697
13830,-1.3652472496032715
13831,-1.3587690591812134
13832,-1.362465739250183
13833,-1.361087679862976
13834,-1.3645623922348022
13835,-1.3609493970870972
13836,-1.3685338497161865
13837,-1.3599917888641357
13838,-1.3574848175048828
13839,-1.3681926727294922
13840,-1.3332924842834473
13841,-1.3680113554000854
13842,-1.3692166805267334
13843,-1.3628685474395752
13844,-1.359977126121521
13845,-1.366461157798767
13846,-1.3606083393096924
13847,-1.3588788509368896
13848,-1.3550039529800415
13849,-1.3464545011520386
13850,-1.3549846410751343
13851,-1.3641717433929443
13852,-1.371084451675415
13853,-1.35503089427948
13854,-1.3505443334579468
13855,-1.3633556365966797
13856,-1.3651875257492065
13857,-1.3686537742614746
13858,-1.358013391494751
13859,-1.3537167310714722
13860,-1.3578087091445923
13861,-1.3640625476837158
13862,-1.3627595901489258
13863,-1.3637315034866333
13864,-1.3541650772094727
13865,-1.3635610342025757
13866,-1.362858533859253
13867,-1.35821533203125
13868,-1.3604434728622437
13869,-1.36820650100708
13870,-1.3677047491073608
13871,-1.3585237264633179
13872,-1.3534555435180664
13873,-1.3583836555480957
13874,-1.3579316139221191
13875,-1.3540581464767456
13876,-1.3557335138320923
13877,-1.3567969799041748
13878,-1.356766700744629
13879,-1.3649898767471313
13880,-1.3639600276947021
13881,-1.357242226600647
13882,-1.3573691844940186
13883,-1.3480894565582275
13884,-1.3629344701766968
13885,-1.3606752157211304
13886,-1.3585206270217896
13887,-1.3650881052017212
13888,-1.3650838136672974
13889,-1.3632264137268066
13890,-1.3257699012756348
13891,-1.3625167608261108
13892,-1.358933687210083
13893,-1.3671237230300903
13894,-1.3630319833755493
13895,-1.3499029874801636
13896,-1.3650586605072021
13897,-1.3618096113204956
13898,-1.3616946935653687
13899,-1.3646867275238037
13900,-1.3615760803222656
13901,-1.358580470085144
13902,-1.363321304321289
13903,-1.3652935028076172
13904,-1.3606345653533936
13905,-1.3644607067108154
13906,-1.3554573059082031
13907,-1.3610714673995972
13908,-1.3446247577667236
13909,-1.3608875274658203
13910,-1.3702900409698486
13911,-1.3617862462997437
13912,-1.357886791229248
13913,-1.3545664548873901
13914,-1.3625168800354004
13915,-1.3632934093475342
13916,-1.3603346347808838
13917,-1.3507306575775146
13918,-1.3575856685638428
13919,-1.3668545484542847
13920,-1.3562686443328857
13921,-1.3583825826644897
13922,-1.3598378896713257
13923,-1.3641396760940552
13924,-1.3536089658737183
13925,-1.358676552772522
13926,-1.361541509628296
13927,-1.361493706703186
13928,-1.3639684915542603
13929,-1.366173267364502
13930,-1.3588021993637085
13931,-1.3617819547653198
13932,-1.3659757375717163
13933,-1.3632692098617554
13934,-1.3605680465698242
13935,-1.3608496189117432
13936,-1.3637773990631104
13937,-1.3611040115356445
13938,-1.359889030456543
13939,-1.3538131713867188
13940,-1.3571852445602417
13941,-1.3613903522491455
13942,-1.3610835075378418
13943,-1.3612287044525146
13944,-1.3631689548492432
13945,-1.370814561843872
13946,-1.359768271446228
13947,-1.3438878059387207
13948,-1.3642849922180176
13949,-1.3690413236618042
13950,-1.3682299852371216
13951,-1.3596149682998657
13952,-1.370331883430481
13953,-1.3672409057617188
13954,-1.3583898544311523
13955,-1.361204743385315
13956,-1.3623743057250977
13957,-1.3675013780593872
13958,-1.357816219329834
13959,-1.3645479679107666
13960,-1.3631248474121094
13961,-1.3663313388824463
13962,-1.3594834804534912
13963,-1.3638098239898682
13964,-1.3573644161224365
13965,-1.3602319955825806
13966,-1.3649120330810547
13967,-1.3563497066497803
13968,-1.363699197769165
13969,-1.3644613027572632
13970,-1.3635284900665283
13971,-1.3658440113067627
13972,-1.3638099431991577
13973,-1.3641573190689087
13974,-1.3687777519226074
13975,-1.3523924350738525
13976,-1.322152853012085
13977,-1.3602099418640137
13978,-1.3564269542694092
13979,-1.3582780361175537
13980,-1.365419864654541
13981,-1.3522099256515503
13982,-1.3523190021514893
13983,-1.3580639362335205
13984,-1.3529733419418335
13985,-1.3577733039855957
13986,-1.366310954093933
13987,-1.3649160861968994
13988,-1.3639227151870728
13989,-1.362704873085022
13990,-1.359797477722168
13991,-1.35146164894104
13992,-1.368634819984436
13993,-1.360365867614746
13994,-1.359026551246643
13995,-1.3653770685195923
13996,-1.3717037439346313
13997,-1.3582090139389038
13998,-1.367173433303833
13999,-1.3631348609924316
14000,-1.3641828298568726
14001,-1.3632467985153198
14002,-1.3485565185546875
14003,-1.356726050376892
14004,-1.3574188947677612
14005,-1.3584274053573608
14006,-1.359860897064209
14007,-1.3601763248443604
14008,-1.362919569015503
14009,-1.363822340965271
14010,-1.368708848953247
14011,-1.365344762802124
14012,-1.3680144548416138
14013,-1.36443030834198
14014,-1.353954553604126
14015,-1.3626377582550049
14016,-1.354555606842041
14017,-1.3671131134033203
14018,-1.3695992231369019
14019,-1.3625553846359253
14020,-1.364501714706421
14021,-1.3593668937683105
14022,-1.354790449142456
14023,-1.3555781841278076
14024,-1.3652746677398682
14025,-1.3565458059310913
14026,-1.3661354780197144
14027,-1.3662700653076172
14028,-1.3642735481262207
14029,-1.3645448684692383
14030,-1.3580543994903564
14031,-1.363784909248352
14032,-1.3590141534805298
14033,-1.3636248111724854
14034,-1.361459732055664
14035,-1.3702596426010132
14036,-1.3635051250457764
14037,-1.3624603748321533
14038,-1.362399935722351
14039,-1.3641812801361084
14040,-1.3686355352401733
14041,-1.359041452407837
14042,-1.3613886833190918
14043,-1.3683407306671143
14044,-1.3671492338180542
14045,-1.3713431358337402
14046,-1.3568377494812012
14047,-1.36505126953125
14048,-1.3678144216537476
14049,-1.3635140657424927
14050,-1.3571240901947021
14051,-1.365637183189392
14052,-1.3514065742492676
14053,-1.348947286605835
14054,-1.3540992736816406
14055,-1.3499442338943481
14056,-1.3505423069000244
14057,-1.3576823472976685
14058,-1.3563693761825562
14059,-1.3539652824401855
14060,-1.3590359687805176
14061,-1.3555742502212524
14062,-1.3498986959457397
14063,-1.3544981479644775
14064,-1.3566830158233643
14065,-1.3693761825561523
14066,-1.35416579246521
14067,-1.351140022277832
14068,-1.3655827045440674
14069,-1.3643357753753662
14070,-1.3597750663757324
14071,-1.3662902116775513
14072,-1.357983946800232
14073,-1.3615221977233887
14074,-1.363995909690857
14075,-1.3650785684585571
14076,-1.3626294136047363
14077,-1.3609832525253296
14078,-1.3560675382614136
14079,-1.3646899461746216
14080,-1.3606271743774414
14081,-1.3609890937805176
14082,-1.359527349472046
14083,-1.3611069917678833
14084,-1.3352768421173096
14085,-1.362807035446167
14086,-1.353684663772583
14087,-1.3535889387130737
14088,-1.3572404384613037
14089,-1.3615113496780396
14090,-1.3595024347305298
14091,-1.362293004989624
14092,-1.368340015411377
14093,-1.3531596660614014
14094,-1.3587926626205444
14095,-1.36305570602417
14096,-1.364198088645935
14097,-1.3545531034469604
14098,-1.3411051034927368
14099,-1.3599801063537598
14100,-1.3598802089691162
14101,-1.356284499168396
14102,-1.3635104894638062
14103,-1.3658939599990845
14104,-1.3557252883911133
14105,-1.3642202615737915
14106,-1.3672934770584106
14107,-1.3658522367477417
14108,-1.3580965995788574
14109,-1.368994116783142
14110,-1.3520296812057495
14111,-1.365607738494873
14112,-1.365548849105835
14113,-1.3562579154968262
14114,-1.3674994707107544
14115,-1.3611392974853516
14116,-1.35801362991333
14117,-1.3655509948730469
14118,-1.3670125007629395
14119,-1.3638229370117188
14120,-1.3156079053878784
14121,-1.3585494756698608
14122,-1.362169861793518
14123,-1.3681758642196655
14124,-1.364232063293457
14125,-1.3591808080673218
14126,-1.3649359941482544
14127,-1.3672505617141724
14128,-1.3654260635375977
14129,-1.369065761566162
14130,-1.3492324352264404
14131,-1.359877347946167
14132,-1.3622115850448608
14133,-1.3490170240402222
14134,-1.3522205352783203
14135,-1.3662680387496948
14136,-1.3541834354400635
14137,-1.3622972965240479
14138,-1.35955810546875
14139,-1.366737723350525
14140,-1.3682972192764282
14141,-1.3555881977081299
14142,-1.364647388458252
14143,-1.3570162057876587
14144,-1.3634068965911865
14145,-1.357140302658081
14146,-1.3463712930679321
14147,-1.3639920949935913
14148,-1.3605458736419678
14149,-1.3677700757980347
14150,-1.3617597818374634
14151,-1.3562557697296143
14152,-1.3629980087280273
14153,-1.3529365062713623
14154,-1.3636821508407593
14155,-1.3503572940826416
14156,-1.3604345321655273
14157,-1.3654568195343018
14158,-1.362356424331665
14159,-1.3641759157180786
14160,-1.348058819770813
14161,-1.3600623607635498
14162,-1.3603460788726807
14163,-1.3626606464385986
14164,-1.3593330383300781
14165,-1.3621826171875
14166,-1.3379180431365967
14167,-1.3595876693725586
14168,-1.3611615896224976
14169,-1.3676129579544067
14170,-1.367614984512329
14171,-1.3590753078460693
14172,-1.3587496280670166
14173,-1.36185884475708
14174,-1.3572523593902588
14175,-1.3619505167007446
14176,-1.3654353618621826
14177,-1.3626244068145752
14178,-1.364585280418396
14179,-1.3626580238342285
14180,-1.3547086715698242
14181,-1.3690485954284668
14182,-1.365630030632019
14183,-1.3631460666656494
14184,-1.3640817403793335
14185,-1.3649972677230835
14186,-1.3461756706237793
14187,-1.3654435873031616
14188,-1.352657437324524
14189,-1.3647369146347046
14190,-1.364837646484375
14191,-1.36757230758667
14192,-1.3595128059387207
14193,-1.3666881322860718
14194,-1.3631912469863892
14195,-1.3583053350448608
14196,-1.3660780191421509
14197,-1.3632714748382568
14198,-1.36710524559021
14199,-1.3669689893722534
14200,-1.3653614521026611
14201,-1.3641606569290161
14202,-1.3431503772735596
14203,-1.3681259155273438
14204,-1.3630809783935547
14205,-1.357802391052246
14206,-1.3587474822998047
14207,-1.3453266620635986
14208,-1.3647136688232422
14209,-1.3535709381103516
14210,-1.35521399974823
14211,-1.359541654586792
14212,-1.3632224798202515
14213,-1.3652094602584839
14214,-1.3631618022918701
14215,-1.366114616394043
14216,-1.3662341833114624
14217,-1.3626503944396973
14218,-1.366230845451355
14219,-1.367322564125061
14220,-1.3644044399261475
14221,-1.3547298908233643
14222,-1.3576319217681885
14223,-1.3601579666137695
14224,-1.3625494241714478
14225,-1.352101445198059
14226,-1.3674217462539673
14227,-1.3587284088134766
14228,-1.3664205074310303
14229,-1.3598555326461792
14230,-1.3547968864440918
14231,-1.3658183813095093
14232,-1.3542165756225586
14233,-1.3423608541488647
14234,-1.3603911399841309
14235,-1.3524497747421265
14236,-1.3574724197387695
14237,-1.3679070472717285
14238,-1.3646891117095947
14239,-1.333034873008728
14240,-1.3619846105575562
14241,-1.3467944860458374
14242,-1.3580387830734253
14243,-1.364330768585205
14244,-1.3371007442474365
14245,-1.3575795888900757
14246,-1.3575769662857056
14247,-1.3610001802444458
14248,-1.3627214431762695
14249,-1.3515838384628296
14250,-1.3597434759140015
14251,-1.3687646389007568
14252,-1.3608465194702148
14253,-1.3603975772857666
14254,-1.3684954643249512
14255,-1.3666423559188843
14256,-1.3628507852554321
14257,-1.3611661195755005
14258,-1.3575007915496826
14259,-1.3687397241592407
14260,-1.3534228801727295
14261,-1.3626329898834229
14262,-1.3634719848632812
14263,-1.3610193729400635
14264,-1.3687846660614014
14265,-1.3543506860733032
14266,-1.3677220344543457
14267,-1.3680461645126343
14268,-1.363284945487976
14269,-1.3654063940048218
14270,-1.3664402961730957
14271,-1.3627126216888428
14272,-1.361427664756775
14273,-1.3633768558502197
14274,-1.3638453483581543
14275,-1.360590934753418
14276,-1.3640984296798706
14277,-1.370497465133667
14278,-1.3688852787017822
14279,-1.3631165027618408
14280,-1.3621594905853271
14281,-1.35855233669281
14282,-1.36014723777771
14283,-1.3655736446380615
14284,-1.3488166332244873
14285,-1.3635305166244507
14286,-1.3657368421554565
14287,-1.3640002012252808
14288,-1.3432888984680176
14289,-1.3719356060028076
14290,-1.3634051084518433
14291,-1.3644880056381226
14292,-1.3665918111801147
14293,-1.3683758974075317
14294,-1.3639940023422241
14295,-1.3594729900360107
14296,-1.355172038078308
14297,-1.3648216724395752
14298,-1.3656978607177734
14299,-1.368955135345459
14300,-1.3618876934051514
14301,-1.3665624856948853
14302,-1.3647931814193726
14303,-1.3509395122528076
14304,-1.3628968000411987
14305,-1.360876441001892
14306,-1.3585937023162842
14307,-1.3551535606384277
14308,-1.3653233051300049
14309,-1.3564491271972656
14310,-1.350906252861023
14311,-1.3616546392440796
14312,-1.3651117086410522
14313,-1.3580009937286377
14314,-1.3514223098754883
14315,-1.367436408996582
14316,-1.3652586936950684
14317,-1.3309439420700073
14318,-1.3619128465652466
14319,-1.3696537017822266
14320,-1.3639280796051025
14321,-1.3608481884002686
14322,-1.3599084615707397
14323,-1.362274408340454
14324,-1.3497563600540161
14325,-1.3650121688842773
14326,-1.3622806072235107
14327,-1.3660178184509277
14328,-1.3317196369171143
14329,-1.354238748550415
14330,-1.3636221885681152
14331,-1.3583695888519287
14332,-1.364874005317688
14333,-1.363018274307251
14334,-1.3641457557678223
14335,-1.3601343631744385
14336,-1.3520616292953491
14337,-1.3656351566314697
14338,-1.3646471500396729
14339,-1.3569049835205078
14340,-1.3615471124649048
14341,-1.3669331073760986
14342,-1.3616869449615479
14343,-1.3498334884643555
14344,-1.3614528179168701
14345,-1.3629480600357056
14346,-1.3627015352249146
14347,-1.3601596355438232
14348,-1.3653242588043213
14349,-1.3440701961517334
14350,-1.3618375062942505
14351,-1.3612208366394043
14352,-1.3628902435302734
14353,-1.3584191799163818
14354,-1.3580888509750366
14355,-1.3577351570129395
14356,-1.3555207252502441
14357,-1.3542039394378662
14358,-1.3686516284942627
14359,-1.3604834079742432
14360,-1.3636537790298462
14361,-1.3695586919784546
14362,-1.3581267595291138
14363,-1.3624006509780884
14364,-1.3587646484375
14365,-1.3612372875213623
14366,-1.3602497577667236
14367,-1.3590062856674194
14368,-1.342146396636963
14369,-1.364980697631836
14370,-1.3693859577178955
14371,-1.3639627695083618
14372,-1.3619227409362793
14373,-1.3640416860580444
14374,-1.3589372634887695
14375,-1.3625116348266602
14376,-1.3710530996322632
14377,-1.3631141185760498
14378,-1.3628777265548706
14379,-1.3681813478469849
14380,-1.3622633218765259
14381,-1.371262550354004
14382,-1.362884283065796
14383,-1.3633849620819092
14384,-1.366241693496704
14385,-1.3688032627105713
14386,-1.3651272058486938
14387,-1.3619883060455322
14388,-1.3663208484649658
14389,-1.3631123304367065
14390,-1.368373155593872
14391,-1.3674485683441162
14392,-1.3643487691879272
14393,-1.3614917993545532
14394,-1.363655924797058
14395,-1.3693116903305054
14396,-1.3647539615631104
14397,-1.3654077053070068
14398,-1.363939642906189
14399,-1.3679842948913574
14400,-1.3627870082855225
14401,-1.3671005964279175
14402,-1.3498365879058838
14403,-1.3628921508789062
14404,-1.3600471019744873
14405,-1.354658842086792
14406,-1.3451324701309204
14407,-1.3632158041000366
14408,-1.3657844066619873
14409,-1.3595526218414307
14410,-1.358694076538086
14411,-1.3595829010009766
14412,-1.3622020483016968
14413,-1.3684226274490356
14414,-1.3628484010696411
14415,-1.3664438724517822
14416,-1.3638677597045898
14417,-1.3662346601486206
14418,-1.3623311519622803
14419,-1.3634297847747803
14420,-1.368030309677124
14421,-1.3651123046875
14422,-1.370622992515564
14423,-1.3647871017456055
14424,-1.3620388507843018
14425,-1.3664145469665527
14426,-1.360347032546997
14427,-1.362155795097351
14428,-1.3471077680587769
14429,-1.358754277229309
14430,-1.3576740026474
14431,-1.3639644384384155
14432,-1.3653157949447632
14433,-1.3547813892364502
14434,-1.36356520652771
14435,-1.366499900817871
14436,-1.363842248916626
14437,-1.3659746646881104
14438,-1.3696283102035522
14439,-1.3565326929092407
14440,-1.3666496276855469
14441,-1.3664604425430298
14442,-1.363655686378479
14443,-1.362755537033081
14444,-1.3594518899917603
14445,-1.3642252683639526
14446,-1.3708319664001465
14447,-1.3624123334884644
14448,-1.3640273809432983
14449,-1.3615906238555908
14450,-1.3583210706710815
14451,-1.3618606328964233
14452,-1.366167426109314
14453,-1.3614641427993774
14454,-1.3608551025390625
14455,-1.3689696788787842
14456,-1.3712269067764282
14457,-1.3680217266082764
14458,-1.3591232299804688
14459,-1.3616652488708496
14460,-1.3430213928222656
14461,-1.3627870082855225
14462,-1.3613080978393555
14463,-1.3564097881317139
14464,-1.359174132347107
14465,-1.3646843433380127
14466,-1.3516695499420166
14467,-1.3574137687683105
14468,-1.367940902709961
14469,-1.3528079986572266
14470,-1.3617477416992188
14471,-1.3629658222198486
14472,-1.359334111213684
14473,-1.3614004850387573
14474,-1.3190029859542847
14475,-1.364965558052063
14476,-1.344892144203186
14477,-1.3515276908874512
14478,-1.3526453971862793
14479,-1.3562829494476318
14480,-1.3600856065750122
14481,-1.3558396100997925
14482,-1.3559577465057373
14483,-1.3685048818588257
14484,-1.3603914976119995
14485,-1.371065378189087
14486,-1.3604758977890015
14487,-1.3653051853179932
14488,-1.358581781387329
14489,-1.3711237907409668
14490,-1.3623707294464111
14491,-1.3671115636825562
14492,-1.356566071510315
14493,-1.36406672000885
14494,-1.3680486679077148
14495,-1.3687547445297241
14496,-1.3667010068893433
14497,-1.370054006576538
14498,-1.359865427017212
14499,-1.3631277084350586
14500,-1.3633639812469482
14501,-1.3525986671447754
14502,-1.3644492626190186
14503,-1.3675955533981323
14504,-1.3597588539123535
14505,-1.357596755027771
14506,-1.3622788190841675
14507,-1.3656617403030396
14508,-1.3588311672210693
14509,-1.3633155822753906
14510,-1.361677646636963
14511,-1.367568016052246
14512,-1.3645639419555664
14513,-1.3658909797668457
14514,-1.3613767623901367
14515,-1.364272952079773
14516,-1.3662984371185303
14517,-1.3681243658065796
14518,-1.3631150722503662
14519,-1.3699951171875
14520,-1.3644417524337769
14521,-1.3376367092132568
14522,-1.3643248081207275
14523,-1.3620221614837646
14524,-1.3601173162460327
14525,-1.3616336584091187
14526,-1.3665120601654053
14527,-1.3481879234313965
14528,-1.3674501180648804
14529,-1.3619565963745117
14530,-1.3672027587890625
14531,-1.3662060499191284
14532,-1.3688061237335205
14533,-1.366051435470581
14534,-1.3654725551605225
14535,-1.360502004623413
14536,-1.3618413209915161
14537,-1.3588542938232422
14538,-1.3615338802337646
14539,-1.3637648820877075
14540,-1.3564666509628296
14541,-1.3692073822021484
14542,-1.363627314567566
14543,-1.3569058179855347
14544,-1.3637373447418213
14545,-1.3559848070144653
14546,-1.3522834777832031
14547,-1.3595528602600098
14548,-1.3694465160369873
14549,-1.3658702373504639
14550,-1.3646968603134155
14551,-1.360605001449585
14552,-1.3599711656570435
14553,-1.3620911836624146
14554,-1.3658559322357178
14555,-1.3630101680755615
14556,-1.356454610824585
14557,-1.3629261255264282
14558,-1.3573192358016968
14559,-1.3719837665557861
14560,-1.3627958297729492
14561,-1.367559790611267
14562,-1.3666160106658936
14563,-1.372864842414856
14564,-1.3645845651626587
14565,-1.3666247129440308
14566,-1.3580114841461182
14567,-1.339173436164856
14568,-1.362033724784851
14569,-1.3670213222503662
14570,-1.364537239074707
14571,-1.3586605787277222
14572,-1.3600785732269287
14573,-1.364816427230835
14574,-1.3659271001815796
14575,-1.3509771823883057
14576,-1.3583769798278809
14577,-1.3582242727279663
14578,-1.358241081237793
14579,-1.366131067276001
14580,-1.3634560108184814
14581,-1.365694522857666
14582,-1.3494465351104736
14583,-1.3644893169403076
14584,-1.357469916343689
14585,-1.3628900051116943
14586,-1.3496098518371582
14587,-1.3613052368164062
14588,-1.3643035888671875
14589,-1.364755392074585
14590,-1.3672457933425903
14591,-1.3591941595077515
14592,-1.368050456047058
14593,-1.3662822246551514
14594,-1.3660342693328857
14595,-1.3621723651885986
14596,-1.3644300699234009
14597,-1.3519299030303955
14598,-1.3670107126235962
14599,-1.3557615280151367
14600,-1.3646016120910645
14601,-1.358355164527893
14602,-1.3625333309173584
14603,-1.3603887557983398
14604,-1.3609696626663208
14605,-1.3604142665863037
14606,-1.3640016317367554
14607,-1.3624331951141357
14608,-1.36102294921875
14609,-1.3586759567260742
14610,-1.363926649093628
14611,-1.3514039516448975
14612,-1.3651378154754639
14613,-1.3645960092544556
14614,-1.3613148927688599
14615,-1.36468505859375
14616,-1.3640635013580322
14617,-1.3534266948699951
14618,-1.3618621826171875
14619,-1.3514965772628784
14620,-1.3610568046569824
14621,-1.3633521795272827
14622,-1.3687143325805664
14623,-1.3588180541992188
14624,-1.3640656471252441
14625,-1.364883542060852
14626,-1.3660335540771484
14627,-1.3669556379318237
14628,-1.3299957513809204
14629,-1.366462230682373
14630,-1.3673242330551147
14631,-1.3608124256134033
14632,-1.3621042966842651
14633,-1.3667612075805664
14634,-1.3548685312271118
14635,-1.3633261919021606
14636,-1.3648831844329834
14637,-1.3635034561157227
14638,-1.3612855672836304
14639,-1.3650684356689453
14640,-1.354790210723877
14641,-1.3640226125717163
14642,-1.364115834236145
14643,-1.363286018371582
14644,-1.3662711381912231
14645,-1.3591177463531494
14646,-1.3639469146728516
14647,-1.361989974975586
14648,-1.3595198392868042
14649,-1.362337350845337
14650,-1.3554329872131348
14651,-1.3629798889160156
14652,-1.3681977987289429
14653,-1.3632137775421143
14654,-1.359653115272522
14655,-1.3702247142791748
14656,-1.3694883584976196
14657,-1.3621835708618164
14658,-1.3638280630111694
14659,-1.366399884223938
14660,-1.3590635061264038
14661,-1.3694612979888916
14662,-1.3607529401779175
14663,-1.3603678941726685
14664,-1.365699052810669
14665,-1.3660486936569214
14666,-1.360897421836853
14667,-1.3626173734664917
14668,-1.3658572435379028
14669,-1.3530701398849487
14670,-1.357354998588562
14671,-1.3532366752624512
14672,-1.3650051355361938
14673,-1.3607616424560547
14674,-1.3646905422210693
14675,-1.3667587041854858
14676,-1.3586490154266357
14677,-1.3659663200378418
14678,-1.364180088043213
14679,-1.3593064546585083
14680,-1.3514139652252197
14681,-1.3678016662597656
14682,-1.3592805862426758
14683,-1.3623909950256348
14684,-1.3657363653182983
14685,-1.3595380783081055
14686,-1.3646432161331177
14687,-1.3673871755599976
14688,-1.3598814010620117
14689,-1.3633273839950562
14690,-1.304052710533142
14691,-1.3652125597000122
14692,-1.3596434593200684
14693,-1.3286246061325073
14694,-1.3545740842819214
14695,-1.3657138347625732
14696,-1.35892915725708
14697,-1.3609322309494019
14698,-1.3520399332046509
14699,-1.3695154190063477
14700,-1.3640245199203491
14701,-1.3595138788223267
14702,-1.362812876701355
14703,-1.3657928705215454
14704,-1.3570702075958252
14705,-1.3586461544036865
14706,-1.3495358228683472
14707,-1.367476224899292
14708,-1.358089566230774
14709,-1.3691402673721313
14710,-1.3563135862350464
14711,-1.3681390285491943
14712,-1.3642157316207886
14713,-1.371265172958374
14714,-1.3666054010391235
14715,-1.3631292581558228
14716,-1.3600783348083496
14717,-1.3613173961639404
14718,-1.3594541549682617
14719,-1.3619399070739746
14720,-1.3336961269378662
14721,-1.3576204776763916
14722,-1.364335060119629
14723,-1.3661891222000122
14724,-1.3646986484527588
14725,-1.369537115097046
14726,-1.3656337261199951
14727,-1.3622404336929321
14728,-1.3421295881271362
14729,-1.3696904182434082
14730,-1.3684231042861938
14731,-1.3623297214508057
14732,-1.3456233739852905
14733,-1.3613343238830566
14734,-1.3611929416656494
14735,-1.3623400926589966
14736,-1.3628261089324951
14737,-1.3682235479354858
14738,-1.361907958984375
14739,-1.3549734354019165
14740,-1.3639156818389893
14741,-1.3640815019607544
14742,-1.366542100906372
14743,-1.359833002090454
14744,-1.3516149520874023
14745,-1.3529901504516602
14746,-1.3567451238632202
14747,-1.3669724464416504
14748,-1.3510712385177612
14749,-1.365174412727356
14750,-1.372580885887146
14751,-1.3613017797470093
14752,-1.357013463973999
14753,-1.3642919063568115
14754,-1.3606451749801636
14755,-1.3595458269119263
14756,-1.3558882474899292
14757,-1.363571047782898
14758,-1.3700692653656006
14759,-1.362241268157959
14760,-1.3650623559951782
14761,-1.3579773902893066
14762,-1.365390419960022
14763,-1.3690590858459473
14764,-1.3640755414962769
14765,-1.365051031112671
14766,-1.3622636795043945
14767,-1.3587477207183838
14768,-1.3626344203948975
14769,-1.3496063947677612
14770,-1.3644698858261108
14771,-1.3632409572601318
14772,-1.3631947040557861
14773,-1.370232105255127
14774,-1.3594694137573242
14775,-1.3661823272705078
14776,-1.3666578531265259
14777,-1.3630748987197876
14778,-1.3565219640731812
14779,-1.3546667098999023
14780,-1.3638964891433716
14781,-1.3523527383804321
14782,-1.3434137105941772
14783,-1.3632968664169312
14784,-1.3634603023529053
14785,-1.3605506420135498
14786,-1.366094946861267
14787,-1.3601518869400024
14788,-1.359715223312378
14789,-1.359451174736023
14790,-1.354243516921997
14791,-1.3694864511489868
14792,-1.3675509691238403
14793,-1.350358247756958
14794,-1.3490639925003052
14795,-1.3580894470214844
14796,-1.3604508638381958
14797,-1.3514856100082397
14798,-1.367600917816162
14799,-1.3633688688278198
14800,-1.3624989986419678
14801,-1.3634343147277832
14802,-1.367685079574585
14803,-1.3531990051269531
14804,-1.3620693683624268
14805,-1.3628696203231812
14806,-1.364430546760559
14807,-1.3618865013122559
14808,-1.3553909063339233
14809,-1.353385329246521
14810,-1.3607004880905151
14811,-1.352782964706421
14812,-1.36714506149292
14813,-1.3665615320205688
14814,-1.361189842224121
14815,-1.3604720830917358
14816,-1.363743782043457
14817,-1.355835199356079
14818,-1.3631365299224854
14819,-1.3603215217590332
14820,-1.3626219034194946
14821,-1.3606916666030884
14822,-1.3583918809890747
14823,-1.3661932945251465
14824,-1.3634223937988281
14825,-1.3630423545837402
14826,-1.3643335103988647
14827,-1.3674538135528564
14828,-1.3531233072280884
14829,-1.3661291599273682
14830,-1.3637781143188477
14831,-1.3641037940979004
14832,-1.3670399188995361
14833,-1.3589398860931396
14834,-1.3542852401733398
14835,-1.3659580945968628
14836,-1.367302656173706
14837,-1.3628177642822266
14838,-1.3648600578308105
14839,-1.3628828525543213
14840,-1.3679137229919434
14841,-1.3710753917694092
14842,-1.368965983390808
14843,-1.360937237739563
14844,-1.3699657917022705
14845,-1.3623967170715332
14846,-1.3631250858306885
14847,-1.3629443645477295
14848,-1.3664926290512085
14849,-1.3563182353973389
14850,-1.36374831199646
14851,-1.3580502271652222
14852,-1.3671220541000366
14853,-1.3667011260986328
14854,-1.3612037897109985
14855,-1.359148383140564
14856,-1.3662188053131104
14857,-1.369373083114624
14858,-1.3659915924072266
14859,-1.3692373037338257
14860,-1.366849660873413
14861,-1.3663514852523804
14862,-1.368647813796997
14863,-1.3554457426071167
14864,-1.3321990966796875
14865,-1.363900065422058
14866,-1.3583016395568848
14867,-1.3631596565246582
14868,-1.3549087047576904
14869,-1.350879430770874
14870,-1.3617035150527954
14871,-1.3600869178771973
14872,-1.3612257242202759
14873,-1.3619384765625
14874,-1.3590238094329834
14875,-1.3655928373336792
14876,-1.359189510345459
14877,-1.3619304895401
14878,-1.3688063621520996
14879,-1.3629544973373413
14880,-1.360339641571045
14881,-1.3623026609420776
14882,-1.3621584177017212
14883,-1.3674737215042114
14884,-1.3529024124145508
14885,-1.363587737083435
14886,-1.3664193153381348
14887,-1.3595632314682007
14888,-1.3610444068908691
14889,-1.3645856380462646
14890,-1.3689420223236084
14891,-1.3613735437393188
14892,-1.3619109392166138
14893,-1.3610467910766602
14894,-1.3607112169265747
14895,-1.358924150466919
14896,-1.3340991735458374
14897,-1.3465428352355957
14898,-1.3589205741882324
14899,-1.3556119203567505
14900,-1.365960955619812
14901,-1.3594906330108643
14902,-1.3589999675750732
14903,-1.359546184539795
14904,-1.3651628494262695
14905,-1.362108826637268
14906,-1.3636326789855957
14907,-1.3646637201309204
14908,-1.3638222217559814
14909,-1.3643406629562378
14910,-1.3684061765670776
14911,-1.3611568212509155
14912,-1.3661491870880127
14913,-1.3684210777282715
14914,-1.3660333156585693
14915,-1.36590576171875
14916,-1.365821361541748
14917,-1.355969786643982
14918,-1.3623729944229126
14919,-1.3577905893325806
14920,-1.3578789234161377
14921,-1.3639506101608276
14922,-1.3728253841400146
14923,-1.3644284009933472
14924,-1.3637923002243042
14925,-1.3428802490234375
14926,-1.3638404607772827
14927,-1.3644131422042847
14928,-1.3623367547988892
14929,-1.3643932342529297
14930,-1.327633261680603
14931,-1.3606102466583252
14932,-1.367526888847351
14933,-1.3608107566833496
14934,-1.3663125038146973
14935,-1.3640705347061157
14936,-1.3635954856872559
14937,-1.3608206510543823
14938,-1.3574708700180054
14939,-1.3641164302825928
14940,-1.3625373840332031
14941,-1.362916350364685
14942,-1.3452086448669434
14943,-1.3673484325408936
14944,-1.3580758571624756
14945,-1.35451078414917
14946,-1.3614810705184937
14947,-1.365207314491272
14948,-1.362302303314209
14949,-1.3601746559143066
14950,-1.3608695268630981
14951,-1.359736680984497
14952,-1.3656342029571533
14953,-1.3679832220077515
14954,-1.358715534210205
14955,-1.364229440689087
14956,-1.364201545715332
14957,-1.3623309135437012
14958,-1.3594995737075806
14959,-1.3660861253738403
14960,-1.3654638528823853
14961,-1.359495997428894
14962,-1.3678390979766846
14963,-1.3632023334503174
14964,-1.3582572937011719
14965,-1.3684602975845337
14966,-1.3702898025512695
14967,-1.3612322807312012
14968,-1.360042691230774
14969,-1.3604153394699097
14970,-1.3643550872802734
14971,-1.3677154779434204
14972,-1.3664551973342896
14973,-1.350273609161377
14974,-1.364132285118103
14975,-1.3662725687026978
14976,-1.3707308769226074
14977,-1.3694062232971191
14978,-1.3656097650527954
14979,-1.369188666343689
14980,-1.3669389486312866
14981,-1.367425799369812
14982,-1.3606446981430054
14983,-1.3634710311889648
14984,-1.3649094104766846
14985,-1.362113118171692
14986,-1.3625141382217407
14987,-1.362059473991394
14988,-1.3628950119018555
14989,-1.3703420162200928
14990,-1.3554208278656006
14991,-1.3567371368408203
14992,-1.3375637531280518
14993,-1.36726975440979
14994,-1.3600971698760986
14995,-1.3583258390426636
14996,-1.3656522035598755
14997,-1.3535678386688232
14998,-1.3642216920852661
14999,-1.365371823310852
15000,-1.3622759580612183
15001,-1.3673713207244873
15002,-1.3655824661254883
15003,-1.3516814708709717
15004,-1.3580543994903564
15005,-1.3609538078308105
15006,-1.3641726970672607
15007,-1.349656343460083
15008,-1.3608732223510742
15009,-1.3652125597000122
15010,-1.3634170293807983
15011,-1.3650646209716797
15012,-1.3689701557159424
15013,-1.363387107849121
15014,-1.36265230178833
15015,-1.3706591129302979
15016,-1.36351478099823
15017,-1.3637136220932007
15018,-1.367963194847107
15019,-1.3652126789093018
15020,-1.3645590543746948
15021,-1.364391803741455
15022,-1.364120364189148
15023,-1.3681449890136719
15024,-1.3482669591903687
15025,-1.3648128509521484
15026,-1.3582466840744019
15027,-1.3601243495941162
15028,-1.3629677295684814
15029,-1.365131139755249
15030,-1.3653693199157715
15031,-1.3539410829544067
15032,-1.3606774806976318
15033,-1.3652005195617676
15034,-1.3690590858459473
15035,-1.3523794412612915
15036,-1.3669769763946533
15037,-1.3664413690567017
15038,-1.3684366941452026
15039,-1.3620798587799072
15040,-1.3597174882888794
15041,-1.3617137670516968
15042,-1.3678183555603027
15043,-1.3454755544662476
15044,-1.3694169521331787
15045,-1.3648152351379395
15046,-1.3651126623153687
15047,-1.3605234622955322
15048,-1.3514431715011597
15049,-1.3568930625915527
15050,-1.3665454387664795
15051,-1.3606395721435547
15052,-1.3607594966888428
15053,-1.3573451042175293
15054,-1.36656653881073
15055,-1.3654228448867798
15056,-1.36753511428833
15057,-1.3608897924423218
15058,-1.3567509651184082
15059,-1.3700965642929077
15060,-1.3584189414978027
15061,-1.3600225448608398
15062,-1.3587985038757324
15063,-1.3707554340362549
15064,-1.3605365753173828
15065,-1.3662139177322388
15066,-1.368238925933838
15067,-1.364337682723999
15068,-1.3676528930664062
15069,-1.3671505451202393
15070,-1.3635765314102173
15071,-1.365634799003601
15072,-1.3618707656860352
15073,-1.365464687347412
15074,-1.3574705123901367
15075,-1.3658134937286377
15076,-1.3614914417266846
15077,-1.361946940422058
15078,-1.3643075227737427
15079,-1.3606880903244019
15080,-1.350529670715332
15081,-1.367544174194336
15082,-1.3623027801513672
15083,-1.3636655807495117
15084,-1.3622844219207764
15085,-1.3598312139511108
15086,-1.356035828590393
15087,-1.3597208261489868
15088,-1.3674519062042236
15089,-1.3603522777557373
15090,-1.3604283332824707
15091,-1.365582823753357
15092,-1.3657199144363403
15093,-1.3671555519104004
15094,-1.3640530109405518
15095,-1.361977219581604
15096,-1.369442343711853
15097,-1.3551082611083984
15098,-1.3698139190673828
15099,-1.364717721939087
15100,-1.3660011291503906
15101,-1.3644719123840332
15102,-1.3637281656265259
15103,-1.355597734451294
15104,-1.361596703529358
15105,-1.3580988645553589
15106,-1.3569625616073608
15107,-1.3605092763900757
15108,-1.3478187322616577
15109,-1.371324062347412
15110,-1.3675256967544556
15111,-1.3549597263336182
15112,-1.3720757961273193
15113,-1.3656680583953857
15114,-1.3497638702392578
15115,-1.3699219226837158
15116,-1.3631151914596558
15117,-1.3607361316680908
15118,-1.3584377765655518
15119,-1.3656467199325562
15120,-1.3653576374053955
15121,-1.366682767868042
15122,-1.3631134033203125
15123,-1.3649529218673706
15124,-1.3690367937088013
15125,-1.359071969985962
15126,-1.3382377624511719
15127,-1.3637195825576782
15128,-1.3638356924057007
15129,-1.3623496294021606
15130,-1.3589146137237549
15131,-1.3697352409362793
15132,-1.36404550075531
15133,-1.3678348064422607
15134,-1.3583006858825684
15135,-1.3565797805786133
15136,-1.3573980331420898
15137,-1.3661189079284668
15138,-1.3467645645141602
15139,-1.363383412361145
15140,-1.3512438535690308
15141,-1.3659837245941162
15142,-1.3535734415054321
15143,-1.3626725673675537
15144,-1.3648061752319336
15145,-1.3568823337554932
15146,-1.3582556247711182
15147,-1.3668313026428223
15148,-1.3672550916671753
15149,-1.35933518409729
15150,-1.359175443649292
15151,-1.364563226699829
15152,-1.3616453409194946
15153,-1.3656432628631592
15154,-1.3632264137268066
15155,-1.3657963275909424
15156,-1.3625818490982056
15157,-1.3673198223114014
15158,-1.36854887008667
15159,-1.3588719367980957
15160,-1.3693232536315918
15161,-1.3620824813842773
15162,-1.3686048984527588
15163,-1.3506122827529907
15164,-1.3620822429656982
15165,-1.3384138345718384
15166,-1.369088053703308
15167,-1.3651235103607178
15168,-1.3642606735229492
15169,-1.3627761602401733
15170,-1.3676811456680298
15171,-1.3582895994186401
15172,-1.3647866249084473
15173,-1.3510332107543945
15174,-1.3659125566482544
15175,-1.367112636566162
15176,-1.3706989288330078
15177,-1.355883240699768
15178,-1.3661439418792725
15179,-1.3630834817886353
15180,-1.3516262769699097
15181,-1.365830659866333
15182,-1.3695603609085083
15183,-1.367422342300415
15184,-1.364307165145874
15185,-1.3672542572021484
15186,-1.3574126958847046
15187,-1.3629088401794434
15188,-1.3651541471481323
15189,-1.3640592098236084
15190,-1.369999647140503
15191,-1.3586621284484863
15192,-1.3633041381835938
15193,-1.3569362163543701
15194,-1.3675428628921509
15195,-1.3523945808410645
15196,-1.3652749061584473
15197,-1.3664907217025757
15198,-1.3675979375839233
15199,-1.3682503700256348
15200,-1.362509846687317
15201,-1.3546518087387085
15202,-1.3658900260925293
15203,-1.356691598892212
15204,-1.358856201171875
15205,-1.359923243522644
15206,-1.3570356369018555
15207,-1.37022066116333
15208,-1.3650901317596436
15209,-1.3611363172531128
15210,-1.361598014831543
15211,-1.356652021408081
15212,-1.363851547241211
15213,-1.3542697429656982
15214,-1.3681457042694092
15215,-1.3632525205612183
15216,-1.3716472387313843
15217,-1.325411081314087
15218,-1.354867696762085
15219,-1.3638931512832642
15220,-1.36101233959198
15221,-1.3502485752105713
15222,-1.3668668270111084
15223,-1.3621892929077148
15224,-1.3677473068237305
15225,-1.3621066808700562
15226,-1.3670129776000977
15227,-1.3667418956756592
15228,-1.3593578338623047
15229,-1.3687471151351929
15230,-1.3588829040527344
15231,-1.3555576801300049
15232,-1.363590955734253
15233,-1.364266276359558
15234,-1.3465882539749146
15235,-1.356945276260376
15236,-1.3536626100540161
15237,-1.3651161193847656
15238,-1.3610321283340454
15239,-1.3646080493927002
15240,-1.3656914234161377
15241,-1.365939974784851
15242,-1.3688384294509888
15243,-1.3649052381515503
15244,-1.3633863925933838
15245,-1.3591878414154053
15246,-1.3636771440505981
15247,-1.3595339059829712
15248,-1.3600387573242188
15249,-1.3629382848739624
15250,-1.3537698984146118
15251,-1.3274534940719604
15252,-1.3549458980560303
15253,-1.3540199995040894
15254,-1.3671247959136963
15255,-1.3554575443267822
15256,-1.362283706665039
15257,-1.3621572256088257
15258,-1.3595529794692993
15259,-1.3634089231491089
15260,-1.3661561012268066
15261,-1.3563456535339355
15262,-1.3629770278930664
15263,-1.3615773916244507
15264,-1.3306553363800049
15265,-1.3659371137619019
15266,-1.3580925464630127
15267,-1.3559826612472534
15268,-1.3642475605010986
15269,-1.3695271015167236
15270,-1.3612054586410522
15271,-1.3695075511932373
15272,-1.3667025566101074
15273,-1.3671576976776123
15274,-1.3685171604156494
15275,-1.3635674715042114
15276,-1.3677560091018677
15277,-1.3599075078964233
15278,-1.3656047582626343
15279,-1.3634904623031616
15280,-1.3661919832229614
15281,-1.3703100681304932
15282,-1.3634426593780518
15283,-1.3594344854354858
15284,-1.3647992610931396
15285,-1.3594481945037842
15286,-1.3518913984298706
15287,-1.3541374206542969
15288,-1.3643698692321777
15289,-1.3673843145370483
15290,-1.353829026222229
15291,-1.3646109104156494
15292,-1.3698055744171143
15293,-1.3565949201583862
15294,-1.3649746179580688
15295,-1.366265892982483
15296,-1.3648357391357422
15297,-1.3676420450210571
15298,-1.36537766456604
15299,-1.3686928749084473
15300,-1.365837574005127
15301,-1.3688517808914185
15302,-1.3660292625427246
15303,-1.366539716720581
15304,-1.3687657117843628
15305,-1.3628352880477905
15306,-1.357143521308899
15307,-1.3647087812423706
15308,-1.3611050844192505
15309,-1.3586710691452026
15310,-1.3637670278549194
15311,-1.3675636053085327
15312,-1.3597861528396606
15313,-1.358587622642517
15314,-1.3587689399719238
15315,-1.3600752353668213
15316,-1.367189645767212
15317,-1.367159366607666
15318,-1.360031008720398
15319,-1.3580431938171387
15320,-1.3576143980026245
15321,-1.36062753200531
15322,-1.36147940158844
15323,-1.3599016666412354
15324,-1.3636815547943115
15325,-1.3562781810760498
15326,-1.356167197227478
15327,-1.3531265258789062
15328,-1.3648288249969482
15329,-1.3581624031066895
15330,-1.3675036430358887
15331,-1.3556331396102905
15332,-1.3645178079605103
15333,-1.3641777038574219
15334,-1.364458680152893
15335,-1.3653790950775146
15336,-1.3574990034103394
15337,-1.3611881732940674
15338,-1.3635447025299072
15339,-1.3555612564086914
15340,-1.3590567111968994
15341,-1.3627891540527344
15342,-1.369532585144043
15343,-1.3652923107147217
15344,-1.3635528087615967
15345,-1.365978479385376
15346,-1.3659677505493164
15347,-1.364670753479004
15348,-1.3562500476837158
15349,-1.3677698373794556
15350,-1.3648860454559326
15351,-1.3671444654464722
15352,-1.3632694482803345
15353,-1.3464266061782837
15354,-1.3295295238494873
15355,-1.3593463897705078
15356,-1.3637220859527588
15357,-1.3652832508087158
15358,-1.3614705801010132
15359,-1.3656286001205444
15360,-1.3637176752090454
15361,-1.366503119468689
15362,-1.3601288795471191
15363,-1.3590611219406128
15364,-1.3476436138153076
15365,-1.3642038106918335
15366,-1.3577126264572144
15367,-1.3621903657913208
15368,-1.3706982135772705
15369,-1.367682933807373
15370,-1.3664932250976562
15371,-1.3514106273651123
15372,-1.3641276359558105
15373,-1.3633708953857422
15374,-1.3628175258636475
15375,-1.3641340732574463
15376,-1.3655256032943726
15377,-1.3621623516082764
15378,-1.3651202917099
15379,-1.3644310235977173
15380,-1.357757329940796
15381,-1.361674427986145
15382,-1.3590511083602905
15383,-1.3676012754440308
15384,-1.3667545318603516
15385,-1.3652739524841309
15386,-1.3692902326583862
15387,-1.369240164756775
15388,-1.3657701015472412
15389,-1.3611056804656982
15390,-1.360813856124878
15391,-1.3664783239364624
15392,-1.3512715101242065
15393,-1.3642263412475586
15394,-1.364551067352295
15395,-1.3661880493164062
15396,-1.359554409980774
15397,-1.3661649227142334
15398,-1.3667757511138916
15399,-1.3625407218933105
15400,-1.371024489402771
15401,-1.3640484809875488
15402,-1.3669488430023193
15403,-1.370176911354065
15404,-1.3662786483764648
15405,-1.3593395948410034
15406,-1.36468505859375
15407,-1.3644417524337769
15408,-1.3591828346252441
15409,-1.365238904953003
15410,-1.3626002073287964
15411,-1.3675957918167114
15412,-1.358751654624939
15413,-1.362087368965149
15414,-1.3654074668884277
15415,-1.3641605377197266
15416,-1.3568958044052124
15417,-1.3666599988937378
15418,-1.3580904006958008
15419,-1.3648121356964111
15420,-1.3649260997772217
15421,-1.362484335899353
15422,-1.3620167970657349
15423,-1.3655413389205933
15424,-1.36747407913208
15425,-1.3649829626083374
15426,-1.365332841873169
15427,-1.3504791259765625
15428,-1.363321304321289
15429,-1.3659207820892334
15430,-1.357979655265808
15431,-1.3639039993286133
15432,-1.3624993562698364
15433,-1.3580362796783447
15434,-1.355250597000122
15435,-1.3626437187194824
15436,-1.361929178237915
15437,-1.3618680238723755
15438,-1.3645175695419312
15439,-1.3560216426849365
15440,-1.357078194618225
15441,-1.3577362298965454
15442,-1.3604297637939453
15443,-1.364208698272705
15444,-1.3687552213668823
15445,-1.3653010129928589
15446,-1.3602802753448486
15447,-1.3642501831054688
15448,-1.3689031600952148
15449,-1.3602797985076904
15450,-1.3640447854995728
15451,-1.3644615411758423
15452,-1.354012131690979
15453,-1.368556261062622
15454,-1.3540847301483154
15455,-1.3565521240234375
15456,-1.350361704826355
15457,-1.353445291519165
15458,-1.362146019935608
15459,-1.3634546995162964
15460,-1.3594383001327515
15461,-1.3586665391921997
15462,-1.3627722263336182
15463,-1.3643276691436768
15464,-1.3661404848098755
15465,-1.3547343015670776
15466,-1.3612579107284546
15467,-1.363613486289978
15468,-1.3582704067230225
15469,-1.3718656301498413
15470,-1.3652633428573608
15471,-1.3683433532714844
15472,-1.3663568496704102
15473,-1.3698415756225586
15474,-1.3530348539352417
15475,-1.366650104522705
15476,-1.3662744760513306
15477,-1.363097071647644
15478,-1.362632393836975
15479,-1.3585983514785767
15480,-1.3568748235702515
15481,-1.3653955459594727
15482,-1.3593171834945679
15483,-1.3599233627319336
15484,-1.3530983924865723
15485,-1.3612267971038818
15486,-1.3673819303512573
15487,-1.3614940643310547
15488,-1.3690317869186401
15489,-1.3685293197631836
15490,-1.3590744733810425
15491,-1.3562771081924438
15492,-1.3622028827667236
15493,-1.3660954236984253
15494,-1.361811637878418
15495,-1.3669203519821167
15496,-1.3408176898956299
15497,-1.3622797727584839
15498,-1.366837978363037
15499,-1.360917568206787
15500,-1.3605124950408936
15501,-1.3528108596801758
15502,-1.3590646982192993
15503,-1.3498423099517822
15504,-1.3661202192306519
15505,-1.3628244400024414
15506,-1.361165165901184
15507,-1.3620396852493286
15508,-1.3631418943405151
15509,-1.360762357711792
15510,-1.36061692237854
15511,-1.3633302450180054
15512,-1.3662827014923096
15513,-1.3600351810455322
15514,-1.3411743640899658
15515,-1.36505925655365
15516,-1.3575655221939087
15517,-1.3660143613815308
15518,-1.3680464029312134
15519,-1.3610830307006836
15520,-1.364172101020813
15521,-1.3620502948760986
15522,-1.3656175136566162
15523,-1.3680229187011719
15524,-1.355464220046997
15525,-1.371751070022583
15526,-1.3704794645309448
15527,-1.3592122793197632
15528,-1.363641381263733
15529,-1.3686420917510986
15530,-1.3698101043701172
15531,-1.3528127670288086
15532,-1.36674964427948
15533,-1.3691942691802979
15534,-1.3636415004730225
15535,-1.367013931274414
15536,-1.3584132194519043
15537,-1.3639940023422241
15538,-1.3602561950683594
15539,-1.366790771484375
15540,-1.367659330368042
15541,-1.3654946088790894
15542,-1.364030122756958
15543,-1.3648951053619385
15544,-1.360640525817871
15545,-1.3612715005874634
15546,-1.35137939453125
15547,-1.3643563985824585
15548,-1.364811897277832
15549,-1.360224723815918
15550,-1.3622968196868896
15551,-1.3678734302520752
15552,-1.3580684661865234
15553,-1.3649373054504395
15554,-1.3687623739242554
15555,-1.3657310009002686
15556,-1.3578287363052368
15557,-1.3614842891693115
15558,-1.3621727228164673
15559,-1.3740723133087158
15560,-1.3583831787109375
15561,-1.3596303462982178
15562,-1.3590257167816162
15563,-1.3667361736297607
15564,-1.364067554473877
15565,-1.3613746166229248
15566,-1.3545619249343872
15567,-1.362762451171875
15568,-1.3485912084579468
15569,-1.3658607006072998
15570,-1.3655095100402832
15571,-1.3589446544647217
15572,-1.3669023513793945
15573,-1.3638542890548706
15574,-1.358313798904419
15575,-1.3614596128463745
15576,-1.3486088514328003
15577,-1.3605132102966309
15578,-1.3498958349227905
15579,-1.3521589040756226
15580,-1.359605073928833
15581,-1.3603318929672241
15582,-1.337862253189087
15583,-1.3640462160110474
15584,-1.365617036819458
15585,-1.3601983785629272
15586,-1.3671817779541016
15587,-1.3601137399673462
15588,-1.367384672164917
15589,-1.3694584369659424
15590,-1.3669782876968384
15591,-1.3634631633758545
15592,-1.3639698028564453
15593,-1.3581517934799194
15594,-1.3661715984344482
15595,-1.3645464181900024
15596,-1.3527799844741821
15597,-1.3575692176818848
15598,-1.3652658462524414
15599,-1.3636972904205322
15600,-1.363685965538025
15601,-1.3626041412353516
15602,-1.3651176691055298
15603,-1.361745834350586
15604,-1.3638412952423096
15605,-1.36581552028656
15606,-1.3525246381759644
15607,-1.3573116064071655
15608,-1.365097999572754
15609,-1.3613200187683105
15610,-1.3654024600982666
15611,-1.3653757572174072
15612,-1.365424394607544
15613,-1.3612449169158936
15614,-1.3537534475326538
15615,-1.3703241348266602
15616,-1.367128610610962
15617,-1.3554582595825195
15618,-1.3637908697128296
15619,-1.3669540882110596
15620,-1.3619072437286377
15621,-1.3606232404708862
15622,-1.363120675086975
15623,-1.359331488609314
15624,-1.3665004968643188
15625,-1.3657941818237305
15626,-1.3429348468780518
15627,-1.3629791736602783
15628,-1.3630222082138062
15629,-1.366127371788025
15630,-1.363930344581604
15631,-1.369647741317749
15632,-1.352902889251709
15633,-1.3648054599761963
15634,-1.361851453781128
15635,-1.3704861402511597
15636,-1.3681244850158691
15637,-1.3593971729278564
15638,-1.363615870475769
15639,-1.3573930263519287
15640,-1.3612406253814697
15641,-1.3618364334106445
15642,-1.3632792234420776
15643,-1.3619288206100464
15644,-1.3576650619506836
15645,-1.3575633764266968
15646,-1.3525787591934204
15647,-1.3687902688980103
15648,-1.3614076375961304
15649,-1.3624078035354614
15650,-1.361992597579956
15651,-1.3624778985977173
15652,-1.3673261404037476
15653,-1.3659899234771729
15654,-1.3597890138626099
15655,-1.3591296672821045
15656,-1.367274522781372
15657,-1.3639694452285767
15658,-1.343386173248291
15659,-1.3678064346313477
15660,-1.3646684885025024
15661,-1.3650087118148804
15662,-1.354939341545105
15663,-1.363219976425171
15664,-1.3557711839675903
15665,-1.3649290800094604
15666,-1.3683712482452393
15667,-1.3638012409210205
15668,-1.3702807426452637
15669,-1.3607689142227173
15670,-1.3599413633346558
15671,-1.3641678094863892
15672,-1.3651875257492065
15673,-1.3662340641021729
15674,-1.3518481254577637
15675,-1.3564866781234741
15676,-1.361181616783142
15677,-1.3688983917236328
15678,-1.3593943119049072
15679,-1.3659847974777222
15680,-1.3415882587432861
15681,-1.3491156101226807
15682,-1.3574187755584717
15683,-1.3683189153671265
15684,-1.3670902252197266
15685,-1.3628325462341309
15686,-1.3597482442855835
15687,-1.3653231859207153
15688,-1.3516528606414795
15689,-1.364748477935791
15690,-1.3652451038360596
15691,-1.3636499643325806
15692,-1.3599532842636108
15693,-1.3573551177978516
15694,-1.3601106405258179
15695,-1.3666844367980957
15696,-1.3624800443649292
15697,-1.3570159673690796
15698,-1.3612957000732422
15699,-1.3653892278671265
15700,-1.361315369606018
15701,-1.3699467182159424
15702,-1.3678967952728271
15703,-1.3605122566223145
15704,-1.3525768518447876
15705,-1.364073634147644
15706,-1.356812596321106
15707,-1.366236686706543
15708,-1.3597123622894287
15709,-1.360783338546753
15710,-1.3628718852996826
15711,-1.3680305480957031
15712,-1.3655531406402588
15713,-1.361265778541565
15714,-1.3667978048324585
15715,-1.36165189743042
15716,-1.3664182424545288
15717,-1.3634538650512695
15718,-1.3677055835723877
15719,-1.3643637895584106
15720,-1.3666419982910156
15721,-1.361656904220581
15722,-1.3667118549346924
15723,-1.364149570465088
15724,-1.3670985698699951
15725,-1.3667850494384766
15726,-1.3667702674865723
15727,-1.3691667318344116
15728,-1.357217788696289
15729,-1.3651714324951172
15730,-1.369571566581726
15731,-1.3644609451293945
15732,-1.361706256866455
15733,-1.3636577129364014
15734,-1.3599097728729248
15735,-1.3631417751312256
15736,-1.3677377700805664
15737,-1.361617088317871
15738,-1.3633335828781128
15739,-1.366000771522522
15740,-1.366324782371521
15741,-1.3643393516540527
15742,-1.368909239768982
15743,-1.3587239980697632
15744,-1.3692368268966675
15745,-1.3724884986877441
15746,-1.3665006160736084
15747,-1.3615220785140991
15748,-1.3621771335601807
15749,-1.3671610355377197
15750,-1.3692548274993896
15751,-1.3542654514312744
15752,-1.3525302410125732
15753,-1.3668286800384521
15754,-1.3654931783676147
15755,-1.3630205392837524
15756,-1.3645012378692627
15757,-1.3607196807861328
15758,-1.3684598207473755
15759,-1.352292776107788
15760,-1.3582141399383545
15761,-1.3564848899841309
15762,-1.3609135150909424
15763,-1.3713667392730713
15764,-1.3617950677871704
15765,-1.3665897846221924
15766,-1.3647699356079102
15767,-1.3615903854370117
15768,-1.3682668209075928
15769,-1.3687185049057007
15770,-1.369987964630127
15771,-1.3666503429412842
15772,-1.3590922355651855
15773,-1.367250919342041
15774,-1.3586044311523438
15775,-1.3628427982330322
15776,-1.3618113994598389
15777,-1.3609893321990967
15778,-1.3602200746536255
15779,-1.3759796619415283
15780,-1.3653538227081299
15781,-1.3668875694274902
15782,-1.367958903312683
15783,-1.3664474487304688
15784,-1.3399889469146729
15785,-1.3632744550704956
15786,-1.3589346408843994
15787,-1.3641103506088257
15788,-1.3559355735778809
15789,-1.3625235557556152
15790,-1.3690005540847778
15791,-1.362951397895813
15792,-1.357893466949463
15793,-1.3619585037231445
15794,-1.3686617612838745
15795,-1.36268949508667
15796,-1.3687398433685303
15797,-1.3682870864868164
15798,-1.3582322597503662
15799,-1.3605700731277466
15800,-1.3556559085845947
15801,-1.3621714115142822
15802,-1.3693941831588745
15803,-1.3597395420074463
15804,-1.3686305284500122
15805,-1.3636345863342285
15806,-1.3640873432159424
15807,-1.3568772077560425
15808,-1.360649824142456
15809,-1.363477110862732
15810,-1.363707184791565
15811,-1.3596117496490479
15812,-1.3648722171783447
15813,-1.3665989637374878
15814,-1.3470035791397095
15815,-1.3637043237686157
15816,-1.365436315536499
15817,-1.353437900543213
15818,-1.36207115650177
15819,-1.3680936098098755
15820,-1.3669813871383667
15821,-1.3601267337799072
15822,-1.366016149520874
15823,-1.3680775165557861
15824,-1.3657621145248413
15825,-1.3700857162475586
15826,-1.368419885635376
15827,-1.3565744161605835
15828,-1.3552258014678955
15829,-1.3672481775283813
15830,-1.3670727014541626
15831,-1.364819049835205
15832,-1.366362452507019
15833,-1.3574429750442505
15834,-1.3642034530639648
15835,-1.3591054677963257
15836,-1.3691779375076294
15837,-1.3534369468688965
15838,-1.3592623472213745
15839,-1.3639665842056274
15840,-1.3637139797210693
15841,-1.3619580268859863
15842,-1.3675543069839478
15843,-1.3621491193771362
15844,-1.3651374578475952
15845,-1.3647898435592651
15846,-1.3504469394683838
15847,-1.3665395975112915
15848,-1.3620648384094238
15849,-1.362015962600708
15850,-1.368004560470581
15851,-1.3501485586166382
15852,-1.3649429082870483
15853,-1.3705317974090576
15854,-1.3651727437973022
15855,-1.3680957555770874
15856,-1.3674739599227905
15857,-1.3581488132476807
15858,-1.3698335886001587
15859,-1.3665390014648438
15860,-1.354590892791748
15861,-1.369318962097168
15862,-1.3645461797714233
15863,-1.3642935752868652
15864,-1.3571763038635254
15865,-1.3594311475753784
15866,-1.3472871780395508
15867,-1.3651988506317139
15868,-1.3573178052902222
15869,-1.3587621450424194
15870,-1.3630561828613281
15871,-1.3571263551712036
15872,-1.358742117881775
15873,-1.3669668436050415
15874,-1.3683099746704102
15875,-1.3667981624603271
15876,-1.3667123317718506
15877,-1.3639941215515137
15878,-1.3674452304840088
15879,-1.3575993776321411
15880,-1.3662865161895752
15881,-1.368161678314209
15882,-1.3479198217391968
15883,-1.3656762838363647
15884,-1.3672200441360474
15885,-1.3604710102081299
15886,-1.3724045753479004
15887,-1.3629932403564453
15888,-1.370049238204956
15889,-1.3676563501358032
15890,-1.3683886528015137
15891,-1.3665368556976318
15892,-1.3662681579589844
15893,-1.3530585765838623
15894,-1.3682727813720703
15895,-1.3596820831298828
15896,-1.3228726387023926
15897,-1.3512663841247559
15898,-1.3559001684188843
15899,-1.3599927425384521
15900,-1.365767478942871
15901,-1.3670364618301392
15902,-1.3562500476837158
15903,-1.3660757541656494
15904,-1.350372552871704
15905,-1.3608373403549194
15906,-1.3682808876037598
15907,-1.3563263416290283
15908,-1.3577282428741455
15909,-1.3614414930343628
15910,-1.3643982410430908
15911,-1.349924921989441
15912,-1.359643816947937
15913,-1.3653712272644043
15914,-1.3638861179351807
15915,-1.3654086589813232
15916,-1.361098051071167
15917,-1.3653497695922852
15918,-1.3659940958023071
15919,-1.3661212921142578
15920,-1.3615684509277344
15921,-1.3616209030151367
15922,-1.356130599975586
15923,-1.3654006719589233
15924,-1.3618674278259277
15925,-1.3666733503341675
15926,-1.3613173961639404
15927,-1.3647410869598389
15928,-1.3647706508636475
15929,-1.351265788078308
15930,-1.3484889268875122
15931,-1.3512669801712036
15932,-1.3684204816818237
15933,-1.3686405420303345
15934,-1.353487253189087
15935,-1.3607115745544434
15936,-1.362404704093933
15937,-1.3658241033554077
15938,-1.3632419109344482
15939,-1.36649489402771
15940,-1.3584468364715576
15941,-1.3693574666976929
15942,-1.3661092519760132
15943,-1.3567482233047485
15944,-1.3638100624084473
15945,-1.3665440082550049
15946,-1.333113670349121
15947,-1.361174464225769
15948,-1.356584906578064
15949,-1.3614223003387451
15950,-1.3595079183578491
15951,-1.3560072183609009
15952,-1.353813648223877
15953,-1.3630094528198242
15954,-1.3627524375915527
15955,-1.3640532493591309
15956,-1.3645895719528198
15957,-1.3621060848236084
15958,-1.366601586341858
15959,-1.368302822113037
15960,-1.363368034362793
15961,-1.3652225732803345
15962,-1.3635337352752686
15963,-1.367571234703064
15964,-1.3678104877471924
15965,-1.3647890090942383
15966,-1.3628944158554077
15967,-1.3668272495269775
15968,-1.3677300214767456
15969,-1.3681758642196655
15970,-1.3689758777618408
15971,-1.3687922954559326
15972,-1.364356517791748
15973,-1.3655593395233154
15974,-1.3631222248077393
15975,-1.359112024307251
15976,-1.3666057586669922
15977,-1.3578180074691772
15978,-1.3592934608459473
15979,-1.3701683282852173
15980,-1.3655469417572021
15981,-1.3648502826690674
15982,-1.3658552169799805
15983,-1.3681364059448242
15984,-1.3653920888900757
15985,-1.3593381643295288
15986,-1.3637499809265137
15987,-1.3651456832885742
15988,-1.3675782680511475
15989,-1.3565126657485962
15990,-1.362107276916504
15991,-1.3679990768432617
15992,-1.3664461374282837
15993,-1.3683644533157349
15994,-1.349791407585144
15995,-1.3649241924285889
15996,-1.3574163913726807
15997,-1.3563445806503296
15998,-1.3622392416000366
15999,-1.3641988039016724
16000,-1.3624377250671387
16001,-1.3612768650054932
16002,-1.3556917905807495
16003,-1.3653124570846558
16004,-1.3642053604125977
16005,-1.3672417402267456
16006,-1.364005446434021
16007,-1.361417293548584
16008,-1.353285789489746
16009,-1.3627254962921143
16010,-1.3670204877853394
16011,-1.3707714080810547
16012,-1.3680875301361084
16013,-1.3404510021209717
16014,-1.3590552806854248
16015,-1.3601322174072266
16016,-1.361304521560669
16017,-1.3675822019577026
16018,-1.363966941833496
16019,-1.3687937259674072
16020,-1.3626378774642944
16021,-1.3570454120635986
16022,-1.361743450164795
16023,-1.3721506595611572
16024,-1.3637800216674805
16025,-1.3587138652801514
16026,-1.3598942756652832
16027,-1.3687398433685303
16028,-1.3644616603851318
16029,-1.3678866624832153
16030,-1.3690358400344849
16031,-1.355934500694275
16032,-1.3672608137130737
16033,-1.3641595840454102
16034,-1.3660826683044434
16035,-1.3716163635253906
16036,-1.360500693321228
16037,-1.3615609407424927
16038,-1.3644946813583374
16039,-1.364549160003662
16040,-1.3541406393051147
16041,-1.3657411336898804
16042,-1.3548429012298584
16043,-1.3606840372085571
16044,-1.3650531768798828
16045,-1.3673633337020874
16046,-1.3645213842391968
16047,-1.361894965171814
16048,-1.356906771659851
16049,-1.3636982440948486
16050,-1.3612258434295654
16051,-1.3563258647918701
16052,-1.3384579420089722
16053,-1.3537604808807373
16054,-1.3655084371566772
16055,-1.3552453517913818
16056,-1.3574185371398926
16057,-1.3617733716964722
16058,-1.3588439226150513
16059,-1.3600422143936157
16060,-1.356201171875
16061,-1.3645066022872925
16062,-1.367751955986023
16063,-1.3634557723999023
16064,-1.3703727722167969
16065,-1.3577935695648193
16066,-1.3563759326934814
16067,-1.3392224311828613
16068,-1.3639516830444336
16069,-1.3542897701263428
16070,-1.3600739240646362
16071,-1.3666279315948486
16072,-1.3609042167663574
16073,-1.3561954498291016
16074,-1.3627808094024658
16075,-1.36038339138031
16076,-1.368513822555542
16077,-1.3623039722442627
16078,-1.3261644840240479
16079,-1.3614141941070557
16080,-1.3675575256347656
16081,-1.3626261949539185
16082,-1.3612635135650635
16083,-1.368574619293213
16084,-1.357118844985962
16085,-1.3655860424041748
16086,-1.364405632019043
16087,-1.3678176403045654
16088,-1.3607279062271118
16089,-1.3634456396102905
16090,-1.3696210384368896
16091,-1.3687539100646973
16092,-1.359222650527954
16093,-1.3639519214630127
16094,-1.3638288974761963
16095,-1.3623220920562744
16096,-1.367283821105957
16097,-1.3649286031723022
16098,-1.361191749572754
16099,-1.3610659837722778
16100,-1.3665173053741455
16101,-1.3710702657699585
16102,-1.3659085035324097
16103,-1.3646312952041626
16104,-1.3562411069869995
16105,-1.3648560047149658
16106,-1.3628449440002441
16107,-1.353848934173584
16108,-1.35752272605896
16109,-1.3614023923873901
16110,-1.3618453741073608
16111,-1.3566794395446777
16112,-1.3654683828353882
16113,-1.3633726835250854
16114,-1.3610408306121826
16115,-1.355024814605713
16116,-1.3619312047958374
16117,-1.3646912574768066
16118,-1.3512932062149048
16119,-1.3649263381958008
16120,-1.3671585321426392
16121,-1.3674964904785156
16122,-1.3668701648712158
16123,-1.3599332571029663
16124,-1.3614296913146973
16125,-1.3623356819152832
16126,-1.368990182876587
16127,-1.3605540990829468
16128,-1.3625481128692627
16129,-1.3724994659423828
16130,-1.3604011535644531
16131,-1.3538196086883545
16132,-1.369659185409546
16133,-1.3612748384475708
16134,-1.3580353260040283
16135,-1.3619332313537598
16136,-1.356239914894104
16137,-1.366498351097107
16138,-1.3567447662353516
16139,-1.3580876588821411
16140,-1.3641656637191772
16141,-1.3582732677459717
16142,-1.352538824081421
16143,-1.3649810552597046
16144,-1.3612704277038574
16145,-1.3607251644134521
16146,-1.3612608909606934
16147,-1.3552820682525635
16148,-1.3633794784545898
16149,-1.365381121635437
16150,-1.3616456985473633
16151,-1.3309848308563232
16152,-1.3675551414489746
16153,-1.351299524307251
16154,-1.3617291450500488
16155,-1.3626035451889038
16156,-1.3665215969085693
16157,-1.3530193567276
16158,-1.361401915550232
16159,-1.3484127521514893
16160,-1.3687067031860352
16161,-1.3626869916915894
16162,-1.3564788103103638
16163,-1.369753122329712
16164,-1.368303894996643
16165,-1.361590027809143
16166,-1.3595077991485596
16167,-1.3641713857650757
16168,-1.3683369159698486
16169,-1.3650546073913574
16170,-1.3618533611297607
16171,-1.3665692806243896
16172,-1.3697490692138672
16173,-1.3679940700531006
16174,-1.3642033338546753
16175,-1.362667441368103
16176,-1.373192310333252
16177,-1.3522895574569702
16178,-1.3636982440948486
16179,-1.3597509860992432
16180,-1.3679578304290771
16181,-1.3649280071258545
16182,-1.3673166036605835
16183,-1.3702757358551025
16184,-1.3610976934432983
16185,-1.3398714065551758
16186,-1.3678091764450073
16187,-1.3625489473342896
16188,-1.364261269569397
16189,-1.3653463125228882
16190,-1.3657506704330444
16191,-1.3539917469024658
16192,-1.363163709640503
16193,-1.362404227256775
16194,-1.3611090183258057
16195,-1.3668973445892334
16196,-1.3648560047149658
16197,-1.3640803098678589
16198,-1.3608349561691284
16199,-1.3664318323135376
16200,-1.3697500228881836
16201,-1.3696470260620117
16202,-1.361948013305664
16203,-1.3621608018875122
16204,-1.370115876197815
16205,-1.3629426956176758
16206,-1.3666436672210693
16207,-1.3610954284667969
16208,-1.3551915884017944
16209,-1.3612239360809326
16210,-1.3702600002288818
16211,-1.3590645790100098
16212,-1.3614271879196167
16213,-1.3606082201004028
16214,-1.363537311553955
16215,-1.3636627197265625
16216,-1.3614219427108765
16217,-1.358720302581787
16218,-1.3609075546264648
16219,-1.3667422533035278
16220,-1.3658322095870972
16221,-1.3618237972259521
16222,-1.3663302659988403
16223,-1.368772268295288
16224,-1.3551137447357178
16225,-1.3456213474273682
16226,-1.3606758117675781
16227,-1.340963363647461
16228,-1.3620069026947021
16229,-1.3667094707489014
16230,-1.3658642768859863
16231,-1.3533579111099243
16232,-1.362220048904419
16233,-1.3523799180984497
16234,-1.3674904108047485
16235,-1.346510410308838
16236,-1.366433024406433
16237,-1.3644965887069702
16238,-1.3553335666656494
16239,-1.3488918542861938
16240,-1.366851806640625
16241,-1.3560564517974854
16242,-1.3635426759719849
16243,-1.3630595207214355
16244,-1.362332820892334
16245,-1.3443162441253662
16246,-1.3601984977722168
16247,-1.354678750038147
16248,-1.3578990697860718
16249,-1.3616442680358887
16250,-1.3631548881530762
16251,-1.3561331033706665
16252,-1.3625229597091675
16253,-1.3555755615234375
16254,-1.3572933673858643
16255,-1.3688664436340332
16256,-1.3607265949249268
16257,-1.367279291152954
16258,-1.365702748298645
16259,-1.3602451086044312
16260,-1.3680825233459473
16261,-1.3602244853973389
16262,-1.3601338863372803
16263,-1.3662145137786865
16264,-1.3661751747131348
16265,-1.3524587154388428
16266,-1.3541946411132812
16267,-1.3623090982437134
16268,-1.3655033111572266
16269,-1.3622304201126099
16270,-1.3651779890060425
16271,-1.3656721115112305
16272,-1.3659896850585938
16273,-1.3629283905029297
16274,-1.361751914024353
16275,-1.3604577779769897
16276,-1.3646634817123413
16277,-1.3593348264694214
16278,-1.3656389713287354
16279,-1.3582156896591187
16280,-1.363224983215332
16281,-1.370398759841919
16282,-1.3697092533111572
16283,-1.3658674955368042
16284,-1.365399956703186
16285,-1.3608554601669312
16286,-1.3702723979949951
16287,-1.3622243404388428
16288,-1.3693761825561523
16289,-1.3709195852279663
16290,-1.360649585723877
16291,-1.3618348836898804
16292,-1.37019681930542
16293,-1.359992265701294
16294,-1.3593392372131348
16295,-1.358545184135437
16296,-1.3623098134994507
16297,-1.3580230474472046
16298,-1.358443021774292
16299,-1.363747477531433
16300,-1.3590314388275146
16301,-1.3598599433898926
16302,-1.3658682107925415
16303,-1.3678656816482544
16304,-1.3615671396255493
16305,-1.362828254699707
16306,-1.3628382682800293
16307,-1.363062858581543
16308,-1.3669211864471436
16309,-1.3320716619491577
16310,-1.3667973279953003
16311,-1.3649342060089111
16312,-1.3628889322280884
16313,-1.3619115352630615
16314,-1.3639507293701172
16315,-1.3519518375396729
16316,-1.3534345626831055
16317,-1.3575270175933838
16318,-1.3701369762420654
16319,-1.3613005876541138
16320,-1.367387056350708
16321,-1.3629549741744995
16322,-1.3691986799240112
16323,-1.3552912473678589
16324,-1.3522032499313354
16325,-1.371407389640808
16326,-1.3691916465759277
16327,-1.3681931495666504
16328,-1.363173484802246
16329,-1.3622829914093018
16330,-1.3662521839141846
16331,-1.36399507522583
16332,-1.3629164695739746
16333,-1.3651070594787598
16334,-1.3606882095336914
16335,-1.363198161125183
16336,-1.363023042678833
16337,-1.3643707036972046
16338,-1.3729344606399536
16339,-1.3634923696517944
16340,-1.3672378063201904
16341,-1.3636325597763062
16342,-1.364693522453308
16343,-1.3704217672348022
16344,-1.363978385925293
16345,-1.366564393043518
16346,-1.3732876777648926
16347,-1.3623361587524414
16348,-1.3611032962799072
16349,-1.3655428886413574
16350,-1.3501906394958496
16351,-1.338296890258789
16352,-1.3584033250808716
16353,-1.3579092025756836
16354,-1.3640851974487305
16355,-1.35751211643219
16356,-1.3628792762756348
16357,-1.3588154315948486
16358,-1.3647894859313965
16359,-1.3649572134017944
16360,-1.364357352256775
16361,-1.3587896823883057
16362,-1.3681812286376953
16363,-1.3679447174072266
16364,-1.3625422716140747
16365,-1.3616920709609985
16366,-1.3703160285949707
16367,-1.363355278968811
16368,-1.3561261892318726
16369,-1.3670501708984375
16370,-1.3726383447647095
16371,-1.353213906288147
16372,-1.3662793636322021
16373,-1.3701599836349487
16374,-1.3702409267425537
16375,-1.3718093633651733
16376,-1.3667540550231934
16377,-1.3480151891708374
16378,-1.3613461256027222
16379,-1.3586562871932983
16380,-1.360052227973938
16381,-1.3658192157745361
16382,-1.347154140472412
16383,-1.3613841533660889
16384,-1.3157843351364136
16385,-1.3485132455825806
16386,-1.3629591464996338
16387,-1.3648180961608887
16388,-1.3641048669815063
16389,-1.3666359186172485
16390,-1.3596093654632568
16391,-1.3660964965820312
16392,-1.3646214008331299
16393,-1.3651736974716187
16394,-1.3621833324432373
16395,-1.3648368120193481
16396,-1.355940818786621
16397,-1.3706969022750854
16398,-1.3656209707260132
16399,-1.3589648008346558
16400,-1.3645026683807373
16401,-1.3587437868118286
16402,-1.3632375001907349
16403,-1.3631069660186768
16404,-1.3519878387451172
16405,-1.3678760528564453
16406,-1.3662388324737549
16407,-1.3602800369262695
16408,-1.362440824508667
16409,-1.3678573369979858
16410,-1.3720868825912476
16411,-1.3637402057647705
16412,-1.366489291191101
16413,-1.3584110736846924
16414,-1.3639812469482422
16415,-1.364565134048462
16416,-1.3623132705688477
16417,-1.3676950931549072
16418,-1.3644981384277344
16419,-1.353041410446167
16420,-1.3669313192367554
16421,-1.354444980621338
16422,-1.3306076526641846
16423,-1.3641972541809082
16424,-1.3616148233413696
16425,-1.3650226593017578
16426,-1.3647644519805908
16427,-1.3688442707061768
16428,-1.3698149919509888
16429,-1.3686864376068115
16430,-1.357588529586792
16431,-1.3572325706481934
16432,-1.3579797744750977
16433,-1.3670547008514404
16434,-1.358059048652649
16435,-1.362024188041687
16436,-1.3689178228378296
16437,-1.3656307458877563
16438,-1.3645672798156738
16439,-1.363366961479187
16440,-1.3555155992507935
16441,-1.3652297258377075
16442,-1.3473024368286133
16443,-1.3632981777191162
16444,-1.3605362176895142
16445,-1.3531337976455688
16446,-1.3591035604476929
16447,-1.355974555015564
16448,-1.3658342361450195
16449,-1.3645305633544922
16450,-1.3417109251022339
16451,-1.3647971153259277
16452,-1.3624448776245117
16453,-1.364493489265442
16454,-1.3633314371109009
16455,-1.3642295598983765
16456,-1.3670085668563843
16457,-1.3681318759918213
16458,-1.3685451745986938
16459,-1.367753505706787
16460,-1.3680795431137085
16461,-1.3686659336090088
16462,-1.3646856546401978
16463,-1.364555835723877
16464,-1.3608354330062866
16465,-1.3660550117492676
16466,-1.3629076480865479
16467,-1.3688936233520508
16468,-1.3514803647994995
16469,-1.3560141324996948
16470,-1.3685842752456665
16471,-1.3640468120574951
16472,-1.3688561916351318
16473,-1.3627996444702148
16474,-1.3653303384780884
16475,-1.3627175092697144
16476,-1.3682799339294434
16477,-1.3633686304092407
16478,-1.362507939338684
16479,-1.370009183883667
16480,-1.359363079071045
16481,-1.3604096174240112
16482,-1.3553446531295776
16483,-1.3552415370941162
16484,-1.3619136810302734
16485,-1.3639402389526367
16486,-1.3632692098617554
16487,-1.369091510772705
16488,-1.324337124824524
16489,-1.360966682434082
16490,-1.36663818359375
16491,-1.3566640615463257
16492,-1.3673903942108154
16493,-1.3662315607070923
16494,-1.3658156394958496
16495,-1.366657018661499
16496,-1.357936143875122
16497,-1.364001750946045
16498,-1.3593723773956299
16499,-1.3644399642944336
16500,-1.364310383796692
16501,-1.3615001440048218
16502,-1.3602641820907593
16503,-1.3637290000915527
16504,-1.3650773763656616
16505,-1.36900794506073
16506,-1.3648653030395508
16507,-1.3715503215789795
16508,-1.371612787246704
16509,-1.363980770111084
16510,-1.3631727695465088
16511,-1.355699896812439
16512,-1.3703484535217285
16513,-1.366076946258545
16514,-1.3650822639465332
16515,-1.3547430038452148
16516,-1.3632243871688843
16517,-1.361033320426941
16518,-1.3626748323440552
16519,-1.3632467985153198
16520,-1.3617140054702759
16521,-1.3658242225646973
16522,-1.365736961364746
16523,-1.3700649738311768
16524,-1.3646528720855713
16525,-1.3658584356307983
16526,-1.3510271310806274
16527,-1.3625441789627075
16528,-1.3616304397583008
16529,-1.3618944883346558
16530,-1.3634796142578125
16531,-1.3504410982131958
16532,-1.3677220344543457
16533,-1.3634355068206787
16534,-1.3637828826904297
16535,-1.3676881790161133
16536,-1.3665894269943237
16537,-1.3638168573379517
16538,-1.3644710779190063
16539,-1.3668471574783325
16540,-1.36057448387146
16541,-1.3650163412094116
16542,-1.3695167303085327
16543,-1.3631665706634521
16544,-1.3639097213745117
16545,-1.3671283721923828
16546,-1.3590469360351562
16547,-1.3654396533966064
16548,-1.364406943321228
16549,-1.3682540655136108
16550,-1.3684695959091187
16551,-1.357948660850525
16552,-1.3675978183746338
16553,-1.3658322095870972
16554,-1.3710076808929443
16555,-1.3626432418823242
16556,-1.3657065629959106
16557,-1.3655462265014648
16558,-1.362131953239441
16559,-1.3623117208480835
16560,-1.3648240566253662
16561,-1.3637784719467163
16562,-1.3642772436141968
16563,-1.361488938331604
16564,-1.3592872619628906
16565,-1.346472978591919
16566,-1.3651108741760254
16567,-1.3639369010925293
16568,-1.3528196811676025
16569,-1.3636200428009033
16570,-1.3531694412231445
16571,-1.3633568286895752
16572,-1.362778902053833
16573,-1.3650554418563843
16574,-1.3625684976577759
16575,-1.351263403892517
16576,-1.3501063585281372
16577,-1.3653924465179443
16578,-1.3677171468734741
16579,-1.3639709949493408
16580,-1.3636927604675293
16581,-1.3633761405944824
16582,-1.3650290966033936
16583,-1.365439772605896
16584,-1.368877649307251
16585,-1.3588051795959473
16586,-1.3639867305755615
16587,-1.3689181804656982
16588,-1.3617563247680664
16589,-1.3564304113388062
16590,-1.363055944442749
16591,-1.3608076572418213
16592,-1.3602312803268433
16593,-1.3546072244644165
16594,-1.3602608442306519
16595,-1.3677719831466675
16596,-1.3655555248260498
16597,-1.3675612211227417
16598,-1.363175630569458
16599,-1.3647210597991943
16600,-1.3665916919708252
16601,-1.3699647188186646
16602,-1.3633615970611572
16603,-1.362438440322876
16604,-1.371338129043579
16605,-1.3617912530899048
16606,-1.36533522605896
16607,-1.3655805587768555
16608,-1.3630257844924927
16609,-1.3596545457839966
16610,-1.3660142421722412
16611,-1.3630216121673584
16612,-1.3618069887161255
16613,-1.3599178791046143
16614,-1.3622270822525024
16615,-1.354885458946228
16616,-1.3636255264282227
16617,-1.3561381101608276
16618,-1.363582968711853
16619,-1.348921298980713
16620,-1.3641458749771118
16621,-1.362937331199646
16622,-1.370436191558838
16623,-1.3724911212921143
16624,-1.3691000938415527
16625,-1.368890643119812
16626,-1.371978998184204
16627,-1.365904688835144
16628,-1.364317536354065
16629,-1.3515284061431885
16630,-1.368778944015503
16631,-1.368300199508667
16632,-1.3617980480194092
16633,-1.3615634441375732
16634,-1.3616491556167603
16635,-1.3483914136886597
16636,-1.3630104064941406
16637,-1.365775465965271
16638,-1.3689168691635132
16639,-1.3635742664337158
16640,-1.3600664138793945
16641,-1.3603209257125854
16642,-1.3602814674377441
16643,-1.3658318519592285
16644,-1.365717887878418
16645,-1.3660435676574707
16646,-1.36393404006958
16647,-1.3679313659667969
16648,-1.3635165691375732
16649,-1.3360600471496582
16650,-1.3627793788909912
16651,-1.3625638484954834
16652,-1.3631601333618164
16653,-1.361116647720337
16654,-1.3583570718765259
16655,-1.3607966899871826
16656,-1.3647127151489258
16657,-1.3568962812423706
16658,-1.3704873323440552
16659,-1.3665053844451904
16660,-1.3662188053131104
16661,-1.3629995584487915
16662,-1.36962890625
16663,-1.3528810739517212
16664,-1.3695907592773438
16665,-1.347815752029419
16666,-1.3584811687469482
16667,-1.3564330339431763
16668,-1.3602283000946045
16669,-1.3652000427246094
16670,-1.3435325622558594
16671,-1.3661702871322632
16672,-1.3603967428207397
16673,-1.3589227199554443
16674,-1.3549753427505493
16675,-1.3671835660934448
16676,-1.3640992641448975
16677,-1.3559397459030151
16678,-1.361006498336792
16679,-1.3630256652832031
16680,-1.3662577867507935
16681,-1.3570739030838013
16682,-1.3538358211517334
16683,-1.3669041395187378
16684,-1.3643596172332764
16685,-1.346197485923767
16686,-1.3659343719482422
16687,-1.3651278018951416
16688,-1.3606998920440674
16689,-1.364619493484497
16690,-1.370128870010376
16691,-1.3748453855514526
16692,-1.368161678314209
16693,-1.3714005947113037
16694,-1.3636878728866577
16695,-1.3477897644042969
16696,-1.3706724643707275
16697,-1.348550796508789
16698,-1.3645597696304321
16699,-1.3661946058273315
16700,-1.3590644598007202
16701,-1.367037057876587
16702,-1.358121633529663
16703,-1.3703867197036743
16704,-1.3696796894073486
16705,-1.368393063545227
16706,-1.3538817167282104
16707,-1.3623905181884766
16708,-1.3479708433151245
16709,-1.3664140701293945
16710,-1.3691015243530273
16711,-1.3548495769500732
16712,-1.3602149486541748
16713,-1.357965350151062
16714,-1.3666043281555176
16715,-1.3658511638641357
16716,-1.338277816772461
16717,-1.3632278442382812
16718,-1.3651714324951172
16719,-1.3566462993621826
16720,-1.352238416671753
16721,-1.3700752258300781
16722,-1.3552603721618652
16723,-1.3659313917160034
16724,-1.3627948760986328
16725,-1.3651455640792847
16726,-1.3573310375213623
16727,-1.3638466596603394
16728,-1.3688476085662842
16729,-1.3605730533599854
16730,-1.3620728254318237
16731,-1.3621973991394043
16732,-1.3651763200759888
16733,-1.3704833984375
16734,-1.3498332500457764
16735,-1.3594173192977905
16736,-1.3681817054748535
16737,-1.3689590692520142
16738,-1.3572883605957031
16739,-1.3562946319580078
16740,-1.3680788278579712
16741,-1.3646240234375
16742,-1.3635368347167969
16743,-1.3539201021194458
16744,-1.3593212366104126
16745,-1.3638851642608643
16746,-1.3585695028305054
16747,-1.3591177463531494
16748,-1.3616384267807007
16749,-1.3542450666427612
16750,-1.3664398193359375
16751,-1.362805962562561
16752,-1.365154504776001
16753,-1.3660435676574707
16754,-1.3646198511123657
16755,-1.3677921295166016
16756,-1.363508939743042
16757,-1.357622504234314
16758,-1.3625515699386597
16759,-1.358328938484192
16760,-1.3620905876159668
16761,-1.365663766860962
16762,-1.367118239402771
16763,-1.3644732236862183
16764,-1.35943603515625
16765,-1.3581886291503906
16766,-1.3649210929870605
16767,-1.3700199127197266
16768,-1.3566879034042358
16769,-1.3641356229782104
16770,-1.368538498878479
16771,-1.3598543405532837
16772,-1.3600572347640991
16773,-1.3684779405593872
16774,-1.3669981956481934
16775,-1.3652267456054688
16776,-1.3578742742538452
16777,-1.3648269176483154
16778,-1.3638676404953003
16779,-1.3690286874771118
16780,-1.3533132076263428
16781,-1.362250804901123
16782,-1.341422438621521
16783,-1.3675870895385742
16784,-1.3673298358917236
16785,-1.3674876689910889
16786,-1.3633761405944824
16787,-1.3617366552352905
16788,-1.3517954349517822
16789,-1.361009120941162
16790,-1.3670557737350464
16791,-1.3620083332061768
16792,-1.36296808719635
16793,-1.3644495010375977
16794,-1.3656401634216309
16795,-1.3679343461990356
16796,-1.3624293804168701
16797,-1.3469470739364624
16798,-1.3670074939727783
16799,-1.36253023147583
16800,-1.3674423694610596
16801,-1.3623425960540771
16802,-1.3508838415145874
16803,-1.366510033607483
16804,-1.3612306118011475
16805,-1.361324667930603
16806,-1.358123540878296
16807,-1.3678293228149414
16808,-1.3590892553329468
16809,-1.3675154447555542
16810,-1.361232876777649
16811,-1.3634189367294312
16812,-1.3620858192443848
16813,-1.362549066543579
16814,-1.3447027206420898
16815,-1.36409592628479
16816,-1.3634651899337769
16817,-1.3584609031677246
16818,-1.362363338470459
16819,-1.3636274337768555
16820,-1.366417646408081
16821,-1.3555985689163208
16822,-1.3461335897445679
16823,-1.3642560243606567
16824,-1.3657244443893433
16825,-1.3628253936767578
16826,-1.3601807355880737
16827,-1.3611239194869995
16828,-1.353543996810913
16829,-1.3613433837890625
16830,-1.3631733655929565
16831,-1.3671202659606934
16832,-1.3470343351364136
16833,-1.3630273342132568
16834,-1.369140386581421
16835,-1.3592901229858398
16836,-1.3522883653640747
16837,-1.3553202152252197
16838,-1.362781286239624
16839,-1.358835220336914
16840,-1.3631081581115723
16841,-1.362515926361084
16842,-1.3658164739608765
16843,-1.3558238744735718
16844,-1.3665213584899902
16845,-1.3612401485443115
16846,-1.3618003129959106
16847,-1.3606348037719727
16848,-1.363110065460205
16849,-1.3582253456115723
16850,-1.3578757047653198
16851,-1.361794352531433
16852,-1.3654948472976685
16853,-1.3657058477401733
16854,-1.3696054220199585
16855,-1.3704899549484253
16856,-1.3656423091888428
16857,-1.3619658946990967
16858,-1.3588513135910034
16859,-1.35435950756073
16860,-1.3663381338119507
16861,-1.360939860343933
16862,-1.3625438213348389
16863,-1.3544306755065918
16864,-1.3630517721176147
16865,-1.3641705513000488
16866,-1.3542531728744507
16867,-1.3682948350906372
16868,-1.3597934246063232
16869,-1.3687293529510498
16870,-1.36319100856781
16871,-1.356506109237671
16872,-1.370489478111267
16873,-1.3570454120635986
16874,-1.3612353801727295
16875,-1.3667265176773071
16876,-1.364684820175171
16877,-1.3661388158798218
16878,-1.361554503440857
16879,-1.3706754446029663
16880,-1.3681561946868896
16881,-1.3560817241668701
16882,-1.3657376766204834
16883,-1.368302345275879
16884,-1.3646398782730103
16885,-1.3571116924285889
16886,-1.3676992654800415
16887,-1.3702924251556396
16888,-1.362612247467041
16889,-1.3665177822113037
16890,-1.3624790906906128
16891,-1.3635225296020508
16892,-1.3593671321868896
16893,-1.3648107051849365
16894,-1.3653644323349
16895,-1.3699686527252197
16896,-1.3624552488327026
16897,-1.360978126525879
16898,-1.3590049743652344
16899,-1.3654652833938599
16900,-1.367066502571106
16901,-1.3660383224487305
16902,-1.3394386768341064
16903,-1.3591728210449219
16904,-1.3651788234710693
16905,-1.367069959640503
16906,-1.3592580556869507
16907,-1.3555049896240234
16908,-1.3641645908355713
16909,-1.3600685596466064
16910,-1.3695971965789795
16911,-1.3581063747406006
16912,-1.3643667697906494
16913,-1.3608360290527344
16914,-1.3668241500854492
16915,-1.3644413948059082
16916,-1.3631925582885742
16917,-1.3623777627944946
16918,-1.354879379272461
16919,-1.3643887042999268
16920,-1.3659440279006958
16921,-1.363540530204773
16922,-1.362118124961853
16923,-1.36428964138031
16924,-1.3478368520736694
16925,-1.3661636114120483
16926,-1.3640282154083252
16927,-1.3638222217559814
16928,-1.3619365692138672
16929,-1.3661001920700073
16930,-1.3511724472045898
16931,-1.3665069341659546
16932,-1.3656401634216309
16933,-1.366724967956543
16934,-1.3618826866149902
16935,-1.364194393157959
16936,-1.36447274684906
16937,-1.3636022806167603
16938,-1.3548252582550049
16939,-1.3642017841339111
16940,-1.362921953201294
16941,-1.3737882375717163
16942,-1.3625520467758179
16943,-1.3578835725784302
16944,-1.3570010662078857
16945,-1.3635191917419434
16946,-1.3685078620910645
16947,-1.3451611995697021
16948,-1.3620115518569946
16949,-1.3539822101593018
16950,-1.3676409721374512
16951,-1.3663647174835205
16952,-1.36430823802948
16953,-1.3502695560455322
16954,-1.3556113243103027
16955,-1.358733892440796
16956,-1.3504269123077393
16957,-1.3686162233352661
16958,-1.3598365783691406
16959,-1.358273983001709
16960,-1.3541367053985596
16961,-1.3647029399871826
16962,-1.3653783798217773
16963,-1.3658998012542725
16964,-1.3567315340042114
16965,-1.3645412921905518
16966,-1.363527536392212
16967,-1.3449113368988037
16968,-1.3598558902740479
16969,-1.3532578945159912
16970,-1.367204189300537
16971,-1.358970284461975
16972,-1.3556078672409058
16973,-1.3578736782073975
16974,-1.3602849245071411
16975,-1.3653182983398438
16976,-1.3643109798431396
16977,-1.363873839378357
16978,-1.35025155544281
16979,-1.3602049350738525
16980,-1.3631794452667236
16981,-1.3594597578048706
16982,-1.3725426197052002
16983,-1.3562729358673096
16984,-1.3691208362579346
16985,-1.3707507848739624
16986,-1.3563544750213623
16987,-1.3595021963119507
16988,-1.3580025434494019
16989,-1.3631048202514648
16990,-1.364956259727478
16991,-1.366847038269043
16992,-1.3580989837646484
16993,-1.3688383102416992
16994,-1.3619495630264282
16995,-1.3662649393081665
16996,-1.3112425804138184
16997,-1.3632910251617432
16998,-1.3630563020706177
16999,-1.359755039215088
17000,-1.3593395948410034
17001,-1.3653721809387207
17002,-1.3672844171524048
17003,-1.3591599464416504
17004,-1.3550981283187866
17005,-1.3693811893463135
17006,-1.3618922233581543
17007,-1.3618687391281128
17008,-1.3581091165542603
17009,-1.3678605556488037
17010,-1.3653336763381958
17011,-1.3609287738800049
17012,-1.3562963008880615
17013,-1.3567513227462769
17014,-1.3642587661743164
17015,-1.3652830123901367
17016,-1.3627135753631592
17017,-1.342114806175232
17018,-1.3651244640350342
17019,-1.3588085174560547
17020,-1.366425633430481
17021,-1.3548287153244019
17022,-1.3641016483306885
17023,-1.3548078536987305
17024,-1.366567850112915
17025,-1.3538386821746826
17026,-1.3572611808776855
17027,-1.3587722778320312
17028,-1.3716082572937012
17029,-1.36250901222229
17030,-1.361212968826294
17031,-1.3623496294021606
17032,-1.3604565858840942
17033,-1.3592829704284668
17034,-1.364916205406189
17035,-1.3629549741744995
17036,-1.3467143774032593
17037,-1.3520296812057495
17038,-1.3599259853363037
17039,-1.3605495691299438
17040,-1.362941861152649
17041,-1.3665173053741455
17042,-1.3589972257614136
17043,-1.3546080589294434
17044,-1.3639862537384033
17045,-1.3576269149780273
17046,-1.3573306798934937
17047,-1.3601738214492798
17048,-1.363938331604004
17049,-1.3564895391464233
17050,-1.3670657873153687
17051,-1.3629283905029297
17052,-1.3676446676254272
17053,-1.3648300170898438
17054,-1.361008644104004
17055,-1.3565398454666138
17056,-1.3667240142822266
17057,-1.3669188022613525
17058,-1.365330696105957
17059,-1.3656644821166992
17060,-1.3586114645004272
17061,-1.3520617485046387
17062,-1.3662724494934082
17063,-1.354513168334961
17064,-1.366093635559082
17065,-1.3586843013763428
17066,-1.3649671077728271
17067,-1.35709810256958
17068,-1.362391471862793
17069,-1.3628731966018677
17070,-1.3601219654083252
17071,-1.3661829233169556
17072,-1.3562322854995728
17073,-1.3666218519210815
17074,-1.3606876134872437
17075,-1.366477370262146
17076,-1.35899019241333
17077,-1.3637627363204956
17078,-1.3602482080459595
17079,-1.3626532554626465
17080,-1.3672395944595337
17081,-1.3601903915405273
17082,-1.3653963804244995
17083,-1.3699605464935303
17084,-1.3665975332260132
17085,-1.3676259517669678
17086,-1.3718476295471191
17087,-1.3536310195922852
17088,-1.3607803583145142
17089,-1.3640540838241577
17090,-1.367026448249817
17091,-1.3649578094482422
17092,-1.3434147834777832
17093,-1.365161418914795
17094,-1.3588274717330933
17095,-1.3688220977783203
17096,-1.3676841259002686
17097,-1.3674534559249878
17098,-1.367020845413208
17099,-1.3622543811798096
17100,-1.3679041862487793
17101,-1.370044469833374
17102,-1.3639013767242432
17103,-1.348379135131836
17104,-1.3671239614486694
17105,-1.3682355880737305
17106,-1.3687700033187866
17107,-1.3568291664123535
17108,-1.357824683189392
17109,-1.3664827346801758
17110,-1.3626275062561035
17111,-1.369614839553833
17112,-1.353224515914917
17113,-1.3612141609191895
17114,-1.3674020767211914
17115,-1.366379737854004
17116,-1.36931574344635
17117,-1.3680419921875
17118,-1.3625668287277222
17119,-1.360506296157837
17120,-1.3670705556869507
17121,-1.372583270072937
17122,-1.36611807346344
17123,-1.361545205116272
17124,-1.3677475452423096
17125,-1.3569562435150146
17126,-1.3680766820907593
17127,-1.3668822050094604
17128,-1.3674284219741821
17129,-1.3560688495635986
17130,-1.359849452972412
17131,-1.3648544549942017
17132,-1.3660173416137695
17133,-1.3679074048995972
17134,-1.364729881286621
17135,-1.3493571281433105
17136,-1.3640449047088623
17137,-1.3489636182785034
17138,-1.364678144454956
17139,-1.3495372533798218
17140,-1.3487913608551025
17141,-1.3647676706314087
17142,-1.36935555934906
17143,-1.349604606628418
17144,-1.3623703718185425
17145,-1.3647193908691406
17146,-1.368074655532837
17147,-1.3662590980529785
17148,-1.3672256469726562
17149,-1.368512511253357
17150,-1.3690099716186523
17151,-1.370197057723999
17152,-1.3567157983779907
17153,-1.3554704189300537
17154,-1.3665398359298706
17155,-1.3675708770751953
17156,-1.3576210737228394
17157,-1.359595537185669
17158,-1.366267204284668
17159,-1.363422155380249
17160,-1.3658217191696167
17161,-1.3618526458740234
17162,-1.3647555112838745
17163,-1.3542606830596924
17164,-1.3622767925262451
17165,-1.3704164028167725
17166,-1.3603442907333374
17167,-1.3668043613433838
17168,-1.3609025478363037
17169,-1.3577061891555786
17170,-1.3681081533432007
17171,-1.3634531497955322
17172,-1.3632926940917969
17173,-1.3662033081054688
17174,-1.3711934089660645
17175,-1.3620871305465698
17176,-1.3659476041793823
17177,-1.3671115636825562
17178,-1.3637499809265137
17179,-1.3628772497177124
17180,-1.3713895082473755
17181,-1.3616465330123901
17182,-1.3630551099777222
17183,-1.3654983043670654
17184,-1.3654929399490356
17185,-1.334061861038208
17186,-1.3630969524383545
17187,-1.3666702508926392
17188,-1.362030267715454
17189,-1.3601160049438477
17190,-1.3708041906356812
17191,-1.3578892946243286
17192,-1.3643395900726318
17193,-1.3615541458129883
17194,-1.3712568283081055
17195,-1.3668090105056763
17196,-1.366056203842163
17197,-1.3671841621398926
17198,-1.3651952743530273
17199,-1.3690569400787354
17200,-1.3538583517074585
17201,-1.3662387132644653
17202,-1.36464524269104
17203,-1.3642772436141968
17204,-1.363269329071045
17205,-1.3396871089935303
17206,-1.365398645401001
17207,-1.3619437217712402
17208,-1.360623836517334
17209,-1.3668978214263916
17210,-1.3474922180175781
17211,-1.363426685333252
17212,-1.3667223453521729
17213,-1.3664745092391968
17214,-1.3608156442642212
17215,-1.3638131618499756
17216,-1.3625200986862183
17217,-1.3424144983291626
17218,-1.3656166791915894
17219,-1.3620374202728271
17220,-1.358404517173767
17221,-1.3601360321044922
17222,-1.362075686454773
17223,-1.3534865379333496
17224,-1.3591768741607666
17225,-1.362645149230957
17226,-1.366438865661621
17227,-1.3628677129745483
17228,-1.3582630157470703
17229,-1.3723176717758179
17230,-1.368138313293457
17231,-1.367732048034668
17232,-1.367692470550537
17233,-1.3670175075531006
17234,-1.3620009422302246
17235,-1.3640514612197876
17236,-1.3751623630523682
17237,-1.3659697771072388
17238,-1.370513916015625
17239,-1.367950201034546
17240,-1.3660087585449219
17241,-1.3682628870010376
17242,-1.3604682683944702
17243,-1.3662492036819458
17244,-1.3627357482910156
17245,-1.3521921634674072
17246,-1.3638633489608765
17247,-1.3651447296142578
17248,-1.363202691078186
17249,-1.3678903579711914
17250,-1.3627837896347046
17251,-1.3546464443206787
17252,-1.3609130382537842
17253,-1.3664119243621826
17254,-1.368896245956421
17255,-1.3634729385375977
17256,-1.359302282333374
17257,-1.364750862121582
17258,-1.3522485494613647
17259,-1.369560956954956
17260,-1.3585177659988403
17261,-1.3490080833435059
17262,-1.3670843839645386
17263,-1.3713061809539795
17264,-1.3685290813446045
17265,-1.3629101514816284
17266,-1.3670493364334106
17267,-1.3623831272125244
17268,-1.3540804386138916
17269,-1.3672794103622437
17270,-1.3727720975875854
17271,-1.3639558553695679
17272,-1.359636664390564
17273,-1.366707682609558
17274,-1.3670423030853271
17275,-1.3661582469940186
17276,-1.3662017583847046
17277,-1.361574649810791
17278,-1.3643440008163452
17279,-1.3522725105285645
17280,-1.3683037757873535
17281,-1.3699321746826172
17282,-1.365347146987915
17283,-1.3166391849517822
17284,-1.3603646755218506
17285,-1.3651065826416016
17286,-1.3592219352722168
17287,-1.346724271774292
17288,-1.3666609525680542
17289,-1.3637248277664185
17290,-1.3653311729431152
17291,-1.362820029258728
17292,-1.3655469417572021
17293,-1.342824935913086
17294,-1.3706183433532715
17295,-1.3679183721542358
17296,-1.3707730770111084
17297,-1.3610236644744873
17298,-1.3652377128601074
17299,-1.3689230680465698
17300,-1.3660342693328857
17301,-1.3660025596618652
17302,-1.3659089803695679
17303,-1.3681793212890625
17304,-1.3495497703552246
17305,-1.3616241216659546
17306,-1.3655756711959839
17307,-1.3582429885864258
17308,-1.3542582988739014
17309,-1.3616899251937866
17310,-1.3626644611358643
17311,-1.3681445121765137
17312,-1.37200927734375
17313,-1.3609317541122437
17314,-1.3685964345932007
17315,-1.3660980463027954
17316,-1.3668272495269775
17317,-1.3639163970947266
17318,-1.3668349981307983
17319,-1.3428757190704346
17320,-1.3700395822525024
17321,-1.3646659851074219
17322,-1.352392315864563
17323,-1.3663129806518555
17324,-1.3623205423355103
17325,-1.363986611366272
17326,-1.3600060939788818
17327,-1.363560676574707
17328,-1.370405673980713
17329,-1.3642116785049438
17330,-1.3656612634658813
17331,-1.358765959739685
17332,-1.365253210067749
17333,-1.3635481595993042
17334,-1.3643710613250732
17335,-1.3684951066970825
17336,-1.3578498363494873
17337,-1.368060827255249
17338,-1.3703880310058594
17339,-1.3630027770996094
17340,-1.3561689853668213
17341,-1.362152338027954
17342,-1.3531368970870972
17343,-1.3667690753936768
17344,-1.3499349355697632
17345,-1.3668149709701538
17346,-1.35408353805542
17347,-1.3663071393966675
17348,-1.3703244924545288
17349,-1.3610484600067139
17350,-1.368293285369873
17351,-1.3610830307006836
17352,-1.3626168966293335
17353,-1.3599499464035034
17354,-1.361905813217163
17355,-1.3628826141357422
17356,-1.3646653890609741
17357,-1.3601796627044678
17358,-1.360129714012146
17359,-1.334291696548462
17360,-1.361855149269104
17361,-1.362790584564209
17362,-1.3511139154434204
17363,-1.3647195100784302
17364,-1.3693687915802002
17365,-1.3565925359725952
17366,-1.3601572513580322
17367,-1.3563792705535889
17368,-1.3545435667037964
17369,-1.359886884689331
17370,-1.3546175956726074
17371,-1.3535648584365845
17372,-1.3566304445266724
17373,-1.3608814477920532
17374,-1.353988528251648
17375,-1.3669942617416382
17376,-1.3651008605957031
17377,-1.3601150512695312
17378,-1.3573583364486694
17379,-1.3612741231918335
17380,-1.3602750301361084
17381,-1.3649344444274902
17382,-1.3626563549041748
17383,-1.3666797876358032
17384,-1.3677237033843994
17385,-1.3505181074142456
17386,-1.3679063320159912
17387,-1.366769790649414
17388,-1.3646050691604614
17389,-1.3686399459838867
17390,-1.3637886047363281
17391,-1.3619996309280396
17392,-1.36314857006073
17393,-1.3656153678894043
17394,-1.3584294319152832
17395,-1.3583970069885254
17396,-1.3647878170013428
17397,-1.3674910068511963
17398,-1.3672676086425781
17399,-1.3672339916229248
17400,-1.364901065826416
17401,-1.362229347229004
17402,-1.365894079208374
17403,-1.365827202796936
17404,-1.3689998388290405
17405,-1.3676656484603882
17406,-1.3694937229156494
17407,-1.3676546812057495
17408,-1.370086431503296
17409,-1.364605188369751
17410,-1.3596585988998413
17411,-1.3662357330322266
17412,-1.360592007637024
17413,-1.3666735887527466
17414,-1.3651901483535767
17415,-1.3645793199539185
17416,-1.345624566078186
17417,-1.3671504259109497
17418,-1.364370346069336
17419,-1.3621946573257446
17420,-1.3630313873291016
17421,-1.364159345626831
17422,-1.3630483150482178
17423,-1.3638319969177246
17424,-1.3642462491989136
17425,-1.3607076406478882
17426,-1.354287028312683
17427,-1.3568459749221802
17428,-1.355202317237854
17429,-1.3655465841293335
17430,-1.3661690950393677
17431,-1.3616498708724976
17432,-1.3680000305175781
17433,-1.3632557392120361
17434,-1.362766146659851
17435,-1.3638520240783691
17436,-1.3598405122756958
17437,-1.353456735610962
17438,-1.3634047508239746
17439,-1.3630428314208984
17440,-1.3574795722961426
17441,-1.3660328388214111
17442,-1.3618083000183105
17443,-1.356056809425354
17444,-1.3596950769424438
17445,-1.363739013671875
17446,-1.364980697631836
17447,-1.3643029928207397
17448,-1.3640235662460327
17449,-1.3591158390045166
17450,-1.361965537071228
17451,-1.3622653484344482
17452,-1.3565969467163086
17453,-1.357338786125183
17454,-1.3688695430755615
17455,-1.3584380149841309
17456,-1.3680917024612427
17457,-1.3611706495285034
17458,-1.369765043258667
17459,-1.3606477975845337
17460,-1.354967474937439
17461,-1.363517165184021
17462,-1.3345645666122437
17463,-1.3600437641143799
17464,-1.3614351749420166
17465,-1.3641247749328613
17466,-1.3546220064163208
17467,-1.3598283529281616
17468,-1.3626477718353271
17469,-1.359811544418335
17470,-1.3687496185302734
17471,-1.3597996234893799
17472,-1.35892653465271
17473,-1.367868423461914
17474,-1.3669452667236328
17475,-1.3631529808044434
17476,-1.366358757019043
17477,-1.3635575771331787
17478,-1.363083839416504
17479,-1.366115927696228
17480,-1.3637431859970093
17481,-1.3675469160079956
17482,-1.3674681186676025
17483,-1.3606853485107422
17484,-1.3575655221939087
17485,-1.3576520681381226
17486,-1.370052456855774
17487,-1.368255376815796
17488,-1.3630552291870117
17489,-1.3603156805038452
17490,-1.3646509647369385
17491,-1.3601750135421753
17492,-1.3676378726959229
17493,-1.3644649982452393
17494,-1.3623335361480713
17495,-1.3687629699707031
17496,-1.3588541746139526
17497,-1.3687384128570557
17498,-1.356778621673584
17499,-1.3687076568603516
17500,-1.3660911321640015
17501,-1.3594721555709839
17502,-1.3643510341644287
17503,-1.3627853393554688
17504,-1.3692580461502075
17505,-1.357349157333374
17506,-1.358914852142334
17507,-1.3635532855987549
17508,-1.3644084930419922
17509,-1.354201316833496
17510,-1.3618478775024414
17511,-1.3627235889434814
17512,-1.366771936416626
17513,-1.3596549034118652
17514,-1.3696626424789429
17515,-1.3658828735351562
17516,-1.3567858934402466
17517,-1.3673027753829956
17518,-1.3607861995697021
17519,-1.3656765222549438
17520,-1.363576889038086
17521,-1.3681082725524902
17522,-1.360889196395874
17523,-1.3680646419525146
17524,-1.3663980960845947
17525,-1.3658840656280518
17526,-1.3596256971359253
17527,-1.3681224584579468
17528,-1.3684263229370117
17529,-1.366172432899475
17530,-1.3591020107269287
17531,-1.3658921718597412
17532,-1.3582837581634521
17533,-1.3635597229003906
17534,-1.3610845804214478
17535,-1.3667807579040527
17536,-1.3687379360198975
17537,-1.3644312620162964
17538,-1.3721846342086792
17539,-1.3546161651611328
17540,-1.362098217010498
17541,-1.3611927032470703
17542,-1.3645215034484863
17543,-1.3464223146438599
17544,-1.3540334701538086
17545,-1.3413758277893066
17546,-1.3587487936019897
17547,-1.3643147945404053
17548,-1.3674991130828857
17549,-1.3603559732437134
17550,-1.365433931350708
17551,-1.3670039176940918
17552,-1.3612840175628662
17553,-1.3632011413574219
17554,-1.3662973642349243
17555,-1.3581182956695557
17556,-1.3655608892440796
17557,-1.3676046133041382
17558,-1.3662949800491333
17559,-1.3695329427719116
17560,-1.3600674867630005
17561,-1.3665703535079956
17562,-1.3602184057235718
17563,-1.357995867729187
17564,-1.3663002252578735
17565,-1.3601956367492676
17566,-1.3560203313827515
17567,-1.3638466596603394
17568,-1.364031195640564
17569,-1.3682043552398682
17570,-1.3595592975616455
17571,-1.3496648073196411
17572,-1.358794927597046
17573,-1.3610153198242188
17574,-1.3644306659698486
17575,-1.3683910369873047
17576,-1.3557994365692139
17577,-1.3602149486541748
17578,-1.3677570819854736
17579,-1.365637183189392
17580,-1.3632371425628662
17581,-1.3610358238220215
17582,-1.366734266281128
17583,-1.3638252019882202
17584,-1.3618876934051514
17585,-1.3668830394744873
17586,-1.3579286336898804
17587,-1.3472026586532593
17588,-1.3651008605957031
17589,-1.364676833152771
17590,-1.3667153120040894
17591,-1.369032621383667
17592,-1.3595935106277466
17593,-1.3651946783065796
17594,-1.3558461666107178
17595,-1.3669679164886475
17596,-1.3658345937728882
17597,-1.3689268827438354
17598,-1.3665863275527954
17599,-1.366662621498108
17600,-1.3641960620880127
17601,-1.371514081954956
17602,-1.3649183511734009
17603,-1.369336724281311
17604,-1.3597674369812012
17605,-1.3664634227752686
17606,-1.3532007932662964
17607,-1.3690065145492554
17608,-1.3721065521240234
17609,-1.363381266593933
17610,-1.3625173568725586
17611,-1.3683836460113525
17612,-1.3642184734344482
17613,-1.3593065738677979
17614,-1.3613563776016235
17615,-1.3574460744857788
17616,-1.358246922492981
17617,-1.3636891841888428
17618,-1.3669506311416626
17619,-1.3673934936523438
17620,-1.3690391778945923
17621,-1.3647265434265137
17622,-1.3638362884521484
17623,-1.363654375076294
17624,-1.3603031635284424
17625,-1.3650989532470703
17626,-1.3626753091812134
17627,-1.3626395463943481
17628,-1.363544225692749
17629,-1.3629891872406006
17630,-1.364331841468811
17631,-1.3626773357391357
17632,-1.3639769554138184
17633,-1.3678390979766846
17634,-1.3621989488601685
17635,-1.3614015579223633
17636,-1.3635737895965576
17637,-1.3455456495285034
17638,-1.3598359823226929
17639,-1.3673533201217651
17640,-1.3645092248916626
17641,-1.364625334739685
17642,-1.3641011714935303
17643,-1.3599578142166138
17644,-1.3662728071212769
17645,-1.3475452661514282
17646,-1.3671422004699707
17647,-1.367856502532959
17648,-1.3591554164886475
17649,-1.3609639406204224
17650,-1.3673019409179688
17651,-1.360307216644287
17652,-1.363971471786499
17653,-1.357635736465454
17654,-1.3632428646087646
17655,-1.365729570388794
17656,-1.3628207445144653
17657,-1.360114336013794
17658,-1.3512921333312988
17659,-1.3661911487579346
17660,-1.3694512844085693
17661,-1.350222110748291
17662,-1.3621854782104492
17663,-1.362389326095581
17664,-1.3696057796478271
17665,-1.3537657260894775
17666,-1.358253836631775
17667,-1.3590178489685059
17668,-1.351635217666626
17669,-1.3527495861053467
17670,-1.3672070503234863
17671,-1.3645317554473877
17672,-1.3651492595672607
17673,-1.3605244159698486
17674,-1.3635988235473633
17675,-1.3562355041503906
17676,-1.3588086366653442
17677,-1.360690712928772
17678,-1.350925326347351
17679,-1.3662301301956177
17680,-1.3670768737792969
17681,-1.3683465719223022
17682,-1.3657158613204956
17683,-1.3672155141830444
17684,-1.3670225143432617
17685,-1.3644256591796875
17686,-1.3642187118530273
17687,-1.360274314880371
17688,-1.3624356985092163
17689,-1.3552645444869995
17690,-1.3680205345153809
17691,-1.3719632625579834
17692,-1.365614414215088
17693,-1.3651429414749146
17694,-1.3622697591781616
17695,-1.3640313148498535
17696,-1.3650600910186768
17697,-1.3576669692993164
17698,-1.366349220275879
17699,-1.3630905151367188
17700,-1.3684759140014648
17701,-1.365731954574585
17702,-1.3669236898422241
17703,-1.3705158233642578
17704,-1.3653309345245361
17705,-1.360769510269165
17706,-1.3697519302368164
17707,-1.3662776947021484
17708,-1.367356300354004
17709,-1.338984727859497
17710,-1.3545098304748535
17711,-1.364660620689392
17712,-1.3550446033477783
17713,-1.3690663576126099
17714,-1.3678932189941406
17715,-1.365352988243103
17716,-1.3669750690460205
17717,-1.3530278205871582
17718,-1.3663002252578735
17719,-1.3609766960144043
17720,-1.362342119216919
17721,-1.3615877628326416
17722,-1.370129942893982
17723,-1.3658790588378906
17724,-1.3531500101089478
17725,-1.3678102493286133
17726,-1.3609132766723633
17727,-1.3634270429611206
17728,-1.3456588983535767
17729,-1.361716389656067
17730,-1.3634974956512451
17731,-1.3559207916259766
17732,-1.3647642135620117
17733,-1.3575598001480103
17734,-1.3668804168701172
17735,-1.367077112197876
17736,-1.3508598804473877
17737,-1.3682230710983276
17738,-1.3609271049499512
17739,-1.3548473119735718
17740,-1.3575876951217651
17741,-1.3665359020233154
17742,-1.3656985759735107
17743,-1.361149549484253
17744,-1.3646332025527954
17745,-1.3638590574264526
17746,-1.370797872543335
17747,-1.3408164978027344
17748,-1.3635543584823608
17749,-1.3670973777770996
17750,-1.3502668142318726
17751,-1.355689525604248
17752,-1.3677254915237427
17753,-1.3706609010696411
17754,-1.3641681671142578
17755,-1.3647589683532715
17756,-1.356930136680603
17757,-1.3589513301849365
17758,-1.3654685020446777
17759,-1.3620944023132324
17760,-1.36673903465271
17761,-1.3711514472961426
17762,-1.354417085647583
17763,-1.3606704473495483
17764,-1.3633184432983398
17765,-1.3514165878295898
17766,-1.3641871213912964
17767,-1.3686907291412354
17768,-1.367257833480835
17769,-1.3598045110702515
17770,-1.361129641532898
17771,-1.3443372249603271
17772,-1.3660520315170288
17773,-1.3662420511245728
17774,-1.3628172874450684
17775,-1.3616859912872314
17776,-1.368262529373169
17777,-1.3529027700424194
17778,-1.3587872982025146
17779,-1.3693218231201172
17780,-1.3601130247116089
17781,-1.367616057395935
17782,-1.3563940525054932
17783,-1.366114854812622
17784,-1.3380907773971558
17785,-1.3683068752288818
17786,-1.348143458366394
17787,-1.3594355583190918
17788,-1.3661792278289795
17789,-1.36775541305542
17790,-1.3657090663909912
17791,-1.3646011352539062
17792,-1.3653228282928467
17793,-1.3625233173370361
17794,-1.3650844097137451
17795,-1.3669352531433105
17796,-1.3625595569610596
17797,-1.3467350006103516
17798,-1.3666353225708008
17799,-1.3665765523910522
17800,-1.3297069072723389
17801,-1.3596817255020142
17802,-1.3599519729614258
17803,-1.3605351448059082
17804,-1.3547418117523193
17805,-1.3671119213104248
17806,-1.37056565284729
17807,-1.3682456016540527
17808,-1.368662714958191
17809,-1.3621631860733032
17810,-1.3648252487182617
17811,-1.361151099205017
17812,-1.3664274215698242
17813,-1.3579400777816772
17814,-1.36586594581604
17815,-1.3653508424758911
17816,-1.3578470945358276
17817,-1.3544751405715942
17818,-1.3602968454360962
17819,-1.368699073791504
17820,-1.36037015914917
17821,-1.359609842300415
17822,-1.3582143783569336
17823,-1.3654253482818604
17824,-1.350650668144226
17825,-1.3522390127182007
17826,-1.3535938262939453
17827,-1.3570772409439087
17828,-1.3593658208847046
17829,-1.3654321432113647
17830,-1.3670660257339478
17831,-1.3583929538726807
17832,-1.3622478246688843
17833,-1.3653135299682617
17834,-1.362128496170044
17835,-1.3568155765533447
17836,-1.3595478534698486
17837,-1.3661725521087646
17838,-1.3611857891082764
17839,-1.3671438694000244
17840,-1.3661659955978394
17841,-1.3621869087219238
17842,-1.355996012687683
17843,-1.3664299249649048
17844,-1.365631103515625
17845,-1.3666419982910156
17846,-1.3575083017349243
17847,-1.359420657157898
17848,-1.363480806350708
17849,-1.3492748737335205
17850,-1.3638710975646973
17851,-1.3639311790466309
17852,-1.365849494934082
17853,-1.3569753170013428
17854,-1.3648500442504883
17855,-1.3660814762115479
17856,-1.362643837928772
17857,-1.364251732826233
17858,-1.3619898557662964
17859,-1.3668556213378906
17860,-1.365545630455017
17861,-1.3693733215332031
17862,-1.366201400756836
17863,-1.3672254085540771
17864,-1.3655871152877808
17865,-1.3586074113845825
17866,-1.3599939346313477
17867,-1.3641963005065918
17868,-1.3622674942016602
17869,-1.3637878894805908
17870,-1.364687442779541
17871,-1.3609334230422974
17872,-1.331938624382019
17873,-1.3660560846328735
17874,-1.3542983531951904
17875,-1.3676387071609497
17876,-1.366443395614624
17877,-1.3641623258590698
17878,-1.366528034210205
17879,-1.3656175136566162
17880,-1.358776569366455
17881,-1.3604934215545654
17882,-1.3648689985275269
17883,-1.3549948930740356
17884,-1.3631260395050049
17885,-1.3695138692855835
17886,-1.3682377338409424
17887,-1.3608967065811157
17888,-1.3327840566635132
17889,-1.354241132736206
17890,-1.3632750511169434
17891,-1.3577251434326172
17892,-1.3626567125320435
17893,-1.366413950920105
17894,-1.354050874710083
17895,-1.3580503463745117
17896,-1.3620426654815674
17897,-1.3577022552490234
17898,-1.3638392686843872
17899,-1.3598626852035522
17900,-1.3662662506103516
17901,-1.3661352396011353
17902,-1.3611879348754883
17903,-1.3592143058776855
17904,-1.3627363443374634
17905,-1.3630861043930054
17906,-1.3640481233596802
17907,-1.3634259700775146
17908,-1.3635611534118652
17909,-1.3639291524887085
17910,-1.3673593997955322
17911,-1.3661214113235474
17912,-1.3573472499847412
17913,-1.3596328496932983
17914,-1.3612006902694702
17915,-1.3655850887298584
17916,-1.3626022338867188
17917,-1.358849287033081
17918,-1.3653807640075684
17919,-1.3506308794021606
17920,-1.3688771724700928
17921,-1.3511018753051758
17922,-1.3705304861068726
17923,-1.3617578744888306
17924,-1.3608258962631226
17925,-1.3640592098236084
17926,-1.3638381958007812
17927,-1.3677663803100586
17928,-1.363956332206726
17929,-1.3657872676849365
17930,-1.3674262762069702
17931,-1.364035725593567
17932,-1.361663818359375
17933,-1.365584373474121
17934,-1.3645439147949219
17935,-1.357836127281189
17936,-1.3691585063934326
17937,-1.3486344814300537
17938,-1.3716630935668945
17939,-1.3648945093154907
17940,-1.3601319789886475
17941,-1.368586540222168
17942,-1.363500952720642
17943,-1.3530919551849365
17944,-1.359699010848999
17945,-1.3595036268234253
17946,-1.3660566806793213
17947,-1.3685115575790405
17948,-1.3567278385162354
17949,-1.3620280027389526
17950,-1.3632830381393433
17951,-1.3652305603027344
17952,-1.3665691614151
17953,-1.320293664932251
17954,-1.3674697875976562
17955,-1.3564306497573853
17956,-1.356215000152588
17957,-1.3619626760482788
17958,-1.3582398891448975
17959,-1.3729794025421143
17960,-1.3649382591247559
17961,-1.365635633468628
17962,-1.3653229475021362
17963,-1.3633711338043213
17964,-1.3635282516479492
17965,-1.3392667770385742
17966,-1.3663136959075928
17967,-1.3695186376571655
17968,-1.3668904304504395
17969,-1.3688422441482544
17970,-1.36872136592865
17971,-1.3682405948638916
17972,-1.3707146644592285
17973,-1.3643872737884521
17974,-1.3568499088287354
17975,-1.3718104362487793
17976,-1.3557896614074707
17977,-1.3697798252105713
17978,-1.3639631271362305
17979,-1.3299953937530518
17980,-1.3687268495559692
17981,-1.3625167608261108
17982,-1.3662549257278442
17983,-1.3673185110092163
17984,-1.36775541305542
17985,-1.3635841608047485
17986,-1.3583720922470093
17987,-1.3659913539886475
17988,-1.3519132137298584
17989,-1.363914966583252
17990,-1.3622082471847534
17991,-1.3725835084915161
17992,-1.368849277496338
17993,-1.3551472425460815
17994,-1.3694519996643066
17995,-1.3513317108154297
17996,-1.3658827543258667
17997,-1.3622485399246216
17998,-1.370622992515564
17999,-1.3607853651046753
18000,-1.3651275634765625
18001,-1.3604481220245361
18002,-1.3607724905014038
18003,-1.3607556819915771
18004,-1.3662855625152588
18005,-1.3662631511688232
18006,-1.3681522607803345
18007,-1.3665637969970703
18008,-1.3695590496063232
18009,-1.369459629058838
18010,-1.3673906326293945
18011,-1.364943504333496
18012,-1.3639895915985107
18013,-1.3663644790649414
18014,-1.3650096654891968
18015,-1.3623311519622803
18016,-1.3568882942199707
18017,-1.3645269870758057
18018,-1.3644345998764038
18019,-1.3645392656326294
18020,-1.3653095960617065
18021,-1.368890404701233
18022,-1.3641259670257568
18023,-1.367879867553711
18024,-1.366562008857727
18025,-1.354027271270752
18026,-1.3656936883926392
18027,-1.3661468029022217
18028,-1.3694932460784912
18029,-1.3635860681533813
18030,-1.3665733337402344
18031,-1.3672375679016113
18032,-1.3347774744033813
18033,-1.3651562929153442
18034,-1.363603949546814
18035,-1.3566210269927979
18036,-1.3703899383544922
18037,-1.3667489290237427
18038,-1.363250732421875
18039,-1.3589576482772827
18040,-1.366567850112915
18041,-1.361622929573059
18042,-1.3678569793701172
18043,-1.3661073446273804
18044,-1.367521047592163
18045,-1.3668529987335205
18046,-1.3603812456130981
18047,-1.3444921970367432
18048,-1.3706401586532593
18049,-1.368299961090088
18050,-1.3664112091064453
18051,-1.3545821905136108
18052,-1.3624467849731445
18053,-1.3650870323181152
18054,-1.358337640762329
18055,-1.36232590675354
18056,-1.3604588508605957
18057,-1.3603274822235107
18058,-1.3617796897888184
18059,-1.3677529096603394
18060,-1.3684120178222656
18061,-1.3675527572631836
18062,-1.3639254570007324
18063,-1.3709056377410889
18064,-1.346260905265808
18065,-1.3352032899856567
18066,-1.3656368255615234
18067,-1.3624142408370972
18068,-1.3621479272842407
18069,-1.3572988510131836
18070,-1.3625134229660034
18071,-1.3546664714813232
18072,-1.365167260169983
18073,-1.3720550537109375
18074,-1.3656362295150757
18075,-1.35981023311615
18076,-1.3637269735336304
18077,-1.3660387992858887
18078,-1.370100975036621
18079,-1.3652137517929077
18080,-1.365372657775879
18081,-1.3668619394302368
18082,-1.363913893699646
18083,-1.3652983903884888
18084,-1.3689641952514648
18085,-1.3579952716827393
18086,-1.3676912784576416
18087,-1.3659260272979736
18088,-1.3672668933868408
18089,-1.3683114051818848
18090,-1.3665797710418701
18091,-1.3679391145706177
18092,-1.3693268299102783
18093,-1.3549299240112305
18094,-1.3645389080047607
18095,-1.3633517026901245
18096,-1.3498353958129883
18097,-1.3468254804611206
18098,-1.3609416484832764
18099,-1.3657517433166504
18100,-1.3648004531860352
18101,-1.3615586757659912
18102,-1.3718883991241455
18103,-1.3520528078079224
18104,-1.363950252532959
18105,-1.3624792098999023
18106,-1.3432016372680664
18107,-1.3541691303253174
18108,-1.3604655265808105
18109,-1.3630561828613281
18110,-1.3595788478851318
18111,-1.360600233078003
18112,-1.3661317825317383
18113,-1.364332675933838
18114,-1.3664623498916626
18115,-1.3517837524414062
18116,-1.3655226230621338
18117,-1.3592345714569092
18118,-1.3653366565704346
18119,-1.3556854724884033
18120,-1.3655881881713867
18121,-1.3617810010910034
18122,-1.3646875619888306
18123,-1.368177056312561
18124,-1.3586037158966064
18125,-1.3640921115875244
18126,-1.3627220392227173
18127,-1.3624675273895264
18128,-1.3602635860443115
18129,-1.3609694242477417
18130,-1.3635309934616089
18131,-1.363513708114624
18132,-1.3610310554504395
18133,-1.3663777112960815
18134,-1.3608007431030273
18135,-1.3629202842712402
18136,-1.3521790504455566
18137,-1.367485523223877
18138,-1.3703886270523071
18139,-1.3564211130142212
18140,-1.3678393363952637
18141,-1.3516240119934082
18142,-1.361650824546814
18143,-1.3680884838104248
18144,-1.3599369525909424
18145,-1.3683264255523682
18146,-1.3679919242858887
18147,-1.3592242002487183
18148,-1.3633897304534912
18149,-1.3671053647994995
18150,-1.3700460195541382
18151,-1.366777777671814
18152,-1.3645576238632202
18153,-1.36751389503479
18154,-1.3697328567504883
18155,-1.363200068473816
18156,-1.36702299118042
18157,-1.3605074882507324
18158,-1.3506728410720825
18159,-1.3696357011795044
18160,-1.3654288053512573
18161,-1.3634085655212402
18162,-1.3631230592727661
18163,-1.3685383796691895
18164,-1.3664298057556152
18165,-1.3594213724136353
18166,-1.3718626499176025
18167,-1.3661640882492065
18168,-1.366485595703125
18169,-1.3665800094604492
18170,-1.3648391962051392
18171,-1.364127516746521
18172,-1.3652669191360474
18173,-1.367620825767517
18174,-1.3622629642486572
18175,-1.3686565160751343
18176,-1.3692866563796997
18177,-1.365412950515747
18178,-1.3704373836517334
18179,-1.3616080284118652
18180,-1.3694591522216797
18181,-1.3646587133407593
18182,-1.3684717416763306
18183,-1.3626773357391357
18184,-1.3629646301269531
18185,-1.3644202947616577
18186,-1.3691718578338623
18187,-1.3663681745529175
18188,-1.368112564086914
18189,-1.3707153797149658
18190,-1.3546863794326782
18191,-1.367064118385315
18192,-1.3735733032226562
18193,-1.3676154613494873
18194,-1.3607414960861206
18195,-1.3648000955581665
18196,-1.3670449256896973
18197,-1.36652410030365
18198,-1.3639405965805054
18199,-1.3668631315231323
18200,-1.3630080223083496
18201,-1.3612005710601807
18202,-1.3697023391723633
18203,-1.362048625946045
18204,-1.3656600713729858
18205,-1.3593162298202515
18206,-1.3612312078475952
18207,-1.36270010471344
18208,-1.3598031997680664
18209,-1.3579139709472656
18210,-1.3637380599975586
18211,-1.3628249168395996
18212,-1.3628168106079102
18213,-1.3488796949386597
18214,-1.3607290983200073
18215,-1.3450733423233032
18216,-1.3659701347351074
18217,-1.3712852001190186
18218,-1.3614871501922607
18219,-1.34601628780365
18220,-1.3298722505569458
18221,-1.3686879873275757
18222,-1.3583253622055054
18223,-1.3350919485092163
18224,-1.3643674850463867
18225,-1.3637285232543945
18226,-1.367037296295166
18227,-1.3644157648086548
18228,-1.3590621948242188
18229,-1.3621429204940796
18230,-1.3621543645858765
18231,-1.3599462509155273
18232,-1.367145299911499
18233,-1.371657371520996
18234,-1.3669084310531616
18235,-1.3677995204925537
18236,-1.3641741275787354
18237,-1.3639146089553833
18238,-1.3624452352523804
18239,-1.3620059490203857
18240,-1.3628766536712646
18241,-1.3626395463943481
18242,-1.3604753017425537
18243,-1.3633009195327759
18244,-1.3699781894683838
18245,-1.3627963066101074
18246,-1.3647513389587402
18247,-1.364631175994873
18248,-1.356274962425232
18249,-1.363123893737793
18250,-1.370056390762329
18251,-1.3382017612457275
18252,-1.3692729473114014
18253,-1.3593326807022095
18254,-1.3688745498657227
18255,-1.3669497966766357
18256,-1.3627398014068604
18257,-1.3624022006988525
18258,-1.3673962354660034
18259,-1.3654195070266724
18260,-1.3580108880996704
18261,-1.3624471426010132
18262,-1.3514137268066406
18263,-1.364001989364624
18264,-1.3654037714004517
18265,-1.355613350868225
18266,-1.369381308555603
18267,-1.3550193309783936
18268,-1.3628994226455688
18269,-1.3632986545562744
18270,-1.3618347644805908
18271,-1.3694689273834229
18272,-1.3621923923492432
18273,-1.3712843656539917
18274,-1.3669073581695557
18275,-1.3656463623046875
18276,-1.360602855682373
18277,-1.3679585456848145
18278,-1.3646316528320312
18279,-1.3623095750808716
18280,-1.3658466339111328
18281,-1.3616002798080444
18282,-1.3689981698989868
18283,-1.3674038648605347
18284,-1.3634474277496338
18285,-1.360520601272583
18286,-1.3543448448181152
18287,-1.3688225746154785
18288,-1.3712977170944214
18289,-1.3646371364593506
18290,-1.364868402481079
18291,-1.3708040714263916
18292,-1.3644661903381348
18293,-1.367357611656189
18294,-1.3556787967681885
18295,-1.3675196170806885
18296,-1.3504889011383057
18297,-1.3654145002365112
18298,-1.362578272819519
18299,-1.3635280132293701
18300,-1.3397808074951172
18301,-1.3638290166854858
18302,-1.3557095527648926
18303,-1.3562469482421875
18304,-1.3632023334503174
18305,-1.3644338846206665
18306,-1.3505120277404785
18307,-1.3545598983764648
18308,-1.3672358989715576
18309,-1.364431381225586
18310,-1.3607906103134155
18311,-1.3684355020523071
18312,-1.3647258281707764
18313,-1.3567255735397339
18314,-1.3682167530059814
18315,-1.363389253616333
18316,-1.36416494846344
18317,-1.3548308610916138
18318,-1.3656433820724487
18319,-1.3587435483932495
18320,-1.3568308353424072
18321,-1.3733220100402832
18322,-1.3653663396835327
18323,-1.3598829507827759
18324,-1.3594510555267334
18325,-1.3653453588485718
18326,-1.3653792142868042
18327,-1.3603122234344482
18328,-1.3610934019088745
18329,-1.3594022989273071
18330,-1.359207034111023
18331,-1.3640074729919434
18332,-1.3640167713165283
18333,-1.3658314943313599
18334,-1.3648121356964111
18335,-1.365186095237732
18336,-1.3642171621322632
18337,-1.367668867111206
18338,-1.3584102392196655
18339,-1.3396649360656738
18340,-1.3610310554504395
18341,-1.363868236541748
18342,-1.3588392734527588
18343,-1.3648808002471924
18344,-1.3688409328460693
18345,-1.3636457920074463
18346,-1.3671680688858032
18347,-1.3696720600128174
18348,-1.3620634078979492
18349,-1.3667171001434326
18350,-1.362494707107544
18351,-1.368310570716858
18352,-1.367498755455017
18353,-1.3638700246810913
18354,-1.3630847930908203
18355,-1.3621549606323242
18356,-1.3639888763427734
18357,-1.3640793561935425
18358,-1.3673957586288452
18359,-1.3694368600845337
18360,-1.3512104749679565
18361,-1.3460509777069092
18362,-1.3629655838012695
18363,-1.346937894821167
18364,-1.3636378049850464
18365,-1.3549506664276123
18366,-1.3676809072494507
18367,-1.363354206085205
18368,-1.3644535541534424
18369,-1.3622019290924072
18370,-1.366825819015503
18371,-1.3661565780639648
18372,-1.3553990125656128
18373,-1.3581677675247192
18374,-1.3591235876083374
18375,-1.3525056838989258
18376,-1.3583040237426758
18377,-1.3658803701400757
18378,-1.3669146299362183
18379,-1.369576334953308
18380,-1.3612394332885742
18381,-1.369551658630371
18382,-1.3482025861740112
18383,-1.3679288625717163
18384,-1.3558845520019531
18385,-1.3491692543029785
18386,-1.3632725477218628
18387,-1.3688445091247559
18388,-1.3614801168441772
18389,-1.3715006113052368
18390,-1.3618053197860718
18391,-1.3683749437332153
18392,-1.3644216060638428
18393,-1.3664511442184448
18394,-1.3527348041534424
18395,-1.3672971725463867
18396,-1.3682386875152588
18397,-1.3654303550720215
18398,-1.355796217918396
18399,-1.3679792881011963
18400,-1.3725700378417969
18401,-1.3662272691726685
18402,-1.3617026805877686
18403,-1.3628833293914795
18404,-1.348976969718933
18405,-1.3684968948364258
18406,-1.3634538650512695
18407,-1.3654718399047852
18408,-1.3611459732055664
18409,-1.360654592514038
18410,-1.3672442436218262
18411,-1.3549959659576416
18412,-1.361134648323059
18413,-1.3522224426269531
18414,-1.3677699565887451
18415,-1.3643393516540527
18416,-1.3664908409118652
18417,-1.3649537563323975
18418,-1.3590694665908813
18419,-1.3633270263671875
18420,-1.3637279272079468
18421,-1.3591282367706299
18422,-1.3696630001068115
18423,-1.3607019186019897
18424,-1.368454098701477
18425,-1.3661507368087769
18426,-1.3705693483352661
18427,-1.3668816089630127
18428,-1.326799750328064
18429,-1.3652828931808472
18430,-1.360374927520752
18431,-1.3382669687271118
18432,-1.3494939804077148
18433,-1.3585350513458252
18434,-1.3648221492767334
18435,-1.3631317615509033
18436,-1.3669439554214478
18437,-1.3699408769607544
18438,-1.3660736083984375
18439,-1.3600362539291382
18440,-1.3496840000152588
18441,-1.3566478490829468
18442,-1.364706039428711
18443,-1.3685886859893799
18444,-1.3646739721298218
18445,-1.3648713827133179
18446,-1.3664182424545288
18447,-1.368636965751648
18448,-1.3674191236495972
18449,-1.3672001361846924
18450,-1.361914038658142
18451,-1.3677934408187866
18452,-1.3668218851089478
18453,-1.373034954071045
18454,-1.3568881750106812
18455,-1.3599696159362793
18456,-1.3571422100067139
18457,-1.365352988243103
18458,-1.3595508337020874
18459,-1.3553359508514404
18460,-1.3684120178222656
18461,-1.3672902584075928
18462,-1.3605678081512451
18463,-1.364000678062439
18464,-1.3676085472106934
18465,-1.3637641668319702
18466,-1.3661596775054932
18467,-1.354940414428711
18468,-1.3630735874176025
18469,-1.3704643249511719
18470,-1.3635820150375366
18471,-1.3678934574127197
18472,-1.369372010231018
18473,-1.3633310794830322
18474,-1.3405022621154785
18475,-1.363106369972229
18476,-1.3537025451660156
18477,-1.3600435256958008
18478,-1.3652124404907227
18479,-1.3678926229476929
18480,-1.3679962158203125
18481,-1.3636337518692017
18482,-1.3707959651947021
18483,-1.3606889247894287
18484,-1.3692007064819336
18485,-1.3566343784332275
18486,-1.3618005514144897
18487,-1.3664796352386475
18488,-1.3694833517074585
18489,-1.3653411865234375
18490,-1.361167550086975
18491,-1.3634895086288452
18492,-1.3678290843963623
18493,-1.3631517887115479
18494,-1.3534420728683472
18495,-1.3400957584381104
18496,-1.3605573177337646
18497,-1.3534457683563232
18498,-1.3601139783859253
18499,-1.358091115951538
18500,-1.3670707941055298
18501,-1.3613994121551514
18502,-1.3622639179229736
18503,-1.3640851974487305
18504,-1.3661298751831055
18505,-1.3669471740722656
18506,-1.365351676940918
18507,-1.3625096082687378
18508,-1.3668591976165771
18509,-1.3692234754562378
18510,-1.3597110509872437
18511,-1.3615487813949585
18512,-1.3680675029754639
18513,-1.3664610385894775
18514,-1.361897349357605
18515,-1.3645696640014648
18516,-1.3721140623092651
18517,-1.353658676147461
18518,-1.3546338081359863
18519,-1.3651212453842163
18520,-1.3528026342391968
18521,-1.3658509254455566
18522,-1.3569252490997314
18523,-1.3646620512008667
18524,-1.3627829551696777
18525,-1.3567696809768677
18526,-1.3684861660003662
18527,-1.369257926940918
18528,-1.3636561632156372
18529,-1.364898920059204
18530,-1.3439418077468872
18531,-1.3621760606765747
18532,-1.3661211729049683
18533,-1.3648779392242432
18534,-1.3659554719924927
18535,-1.3625043630599976
18536,-1.3636287450790405
18537,-1.359326958656311
18538,-1.3660002946853638
18539,-1.3681780099868774
18540,-1.36690354347229
18541,-1.361534595489502
18542,-1.3661459684371948
18543,-1.3658415079116821
18544,-1.3659768104553223
18545,-1.3588521480560303
18546,-1.3618247509002686
18547,-1.3502225875854492
18548,-1.3672655820846558
18549,-1.3602479696273804
18550,-1.3671674728393555
18551,-1.3594309091567993
18552,-1.3682835102081299
18553,-1.372986078262329
18554,-1.3666410446166992
18555,-1.3662707805633545
18556,-1.3686846494674683
18557,-1.3685065507888794
18558,-1.3669713735580444
18559,-1.3625520467758179
18560,-1.3594932556152344
18561,-1.3585779666900635
18562,-1.3597856760025024
18563,-1.364180088043213
18564,-1.37043035030365
18565,-1.3700127601623535
18566,-1.3683665990829468
18567,-1.369273066520691
18568,-1.3602402210235596
18569,-1.3697011470794678
18570,-1.3667771816253662
18571,-1.3643219470977783
18572,-1.3728399276733398
18573,-1.3701659440994263
18574,-1.3670246601104736
18575,-1.3585952520370483
18576,-1.3624857664108276
18577,-1.3550814390182495
18578,-1.36263108253479
18579,-1.3655298948287964
18580,-1.3705174922943115
18581,-1.3702218532562256
18582,-1.361035943031311
18583,-1.3694634437561035
18584,-1.3665510416030884
18585,-1.361968994140625
18586,-1.3675343990325928
18587,-1.371834397315979
18588,-1.3700402975082397
18589,-1.370462417602539
18590,-1.3680895566940308
18591,-1.3656429052352905
18592,-1.3663439750671387
18593,-1.3674113750457764
18594,-1.362541913986206
18595,-1.362303376197815
18596,-1.368006706237793
18597,-1.3657047748565674
18598,-1.3683618307113647
18599,-1.3641140460968018
18600,-1.3668596744537354
18601,-1.3639039993286133
18602,-1.365930438041687
18603,-1.365398645401001
18604,-1.3678406476974487
18605,-1.3644309043884277
18606,-1.3617812395095825
18607,-1.3665457963943481
18608,-1.3642433881759644
18609,-1.3628356456756592
18610,-1.3665227890014648
18611,-1.3730103969573975
18612,-1.3665428161621094
18613,-1.3697144985198975
18614,-1.36972177028656
18615,-1.3648771047592163
18616,-1.361082673072815
18617,-1.358428955078125
18618,-1.3671329021453857
18619,-1.3687443733215332
18620,-1.359637975692749
18621,-1.3613409996032715
18622,-1.3707020282745361
18623,-1.3411071300506592
18624,-1.3647687435150146
18625,-1.3659636974334717
18626,-1.3663171529769897
18627,-1.3656803369522095
18628,-1.364287257194519
18629,-1.370192527770996
18630,-1.3695433139801025
18631,-1.3632633686065674
18632,-1.3692189455032349
18633,-1.3673828840255737
18634,-1.365100622177124
18635,-1.3640415668487549
18636,-1.3578929901123047
18637,-1.3654522895812988
18638,-1.3657053709030151
18639,-1.3588558435440063
18640,-1.34849214553833
18641,-1.3666553497314453
18642,-1.3631563186645508
18643,-1.3611987829208374
18644,-1.3675106763839722
18645,-1.3607177734375
18646,-1.363967776298523
18647,-1.3665826320648193
18648,-1.3449876308441162
18649,-1.3486407995224
18650,-1.3670146465301514
18651,-1.3675801753997803
18652,-1.3534846305847168
18653,-1.3613860607147217
18654,-1.3638547658920288
18655,-1.3701142072677612
18656,-1.368332862854004
18657,-1.368704080581665
18658,-1.359636902809143
18659,-1.3641808032989502
18660,-1.370095133781433
18661,-1.3578916788101196
18662,-1.3578838109970093
18663,-1.3663079738616943
18664,-1.367051124572754
18665,-1.3700792789459229
18666,-1.3591258525848389
18667,-1.3592692613601685
18668,-1.3598721027374268
18669,-1.369315505027771
18670,-1.3621397018432617
18671,-1.3530374765396118
18672,-1.363753318786621
18673,-1.3637728691101074
18674,-1.351715087890625
18675,-1.3624141216278076
18676,-1.3632737398147583
18677,-1.364388346672058
18678,-1.3646652698516846
18679,-1.3694556951522827
18680,-1.365220546722412
18681,-1.357105016708374
18682,-1.361043930053711
18683,-1.3635252714157104
18684,-1.3699619770050049
18685,-1.364967703819275
18686,-1.3628292083740234
18687,-1.3683395385742188
18688,-1.3713281154632568
18689,-1.3606911897659302
18690,-1.366829514503479
18691,-1.3712379932403564
18692,-1.3636282682418823
18693,-1.36964750289917
18694,-1.366852879524231
18695,-1.3526389598846436
18696,-1.3683934211730957
18697,-1.3618693351745605
18698,-1.3688147068023682
18699,-1.3628616333007812
18700,-1.3684684038162231
18701,-1.365525245666504
18702,-1.3659374713897705
18703,-1.3651502132415771
18704,-1.3536109924316406
18705,-1.3679022789001465
18706,-1.3624169826507568
18707,-1.3623909950256348
18708,-1.3693677186965942
18709,-1.358667016029358
18710,-1.368797779083252
18711,-1.3663947582244873
18712,-1.3640230894088745
18713,-1.3657565116882324
18714,-1.3666653633117676
18715,-1.3641434907913208
18716,-1.357252836227417
18717,-1.3612644672393799
18718,-1.3640918731689453
18719,-1.3482770919799805
18720,-1.3557370901107788
18721,-1.3599368333816528
18722,-1.3546967506408691
18723,-1.3540465831756592
18724,-1.3634626865386963
18725,-1.3678025007247925
18726,-1.3651838302612305
18727,-1.372467279434204
18728,-1.3609235286712646
18729,-1.3716232776641846
18730,-1.3579939603805542
18731,-1.3565553426742554
18732,-1.343297004699707
18733,-1.356772780418396
18734,-1.364439845085144
18735,-1.369614601135254
18736,-1.367587924003601
18737,-1.35736083984375
18738,-1.362086534500122
18739,-1.3606483936309814
18740,-1.3463175296783447
18741,-1.3651612997055054
18742,-1.3603585958480835
18743,-1.3633129596710205
18744,-1.3661260604858398
18745,-1.3655468225479126
18746,-1.368662714958191
18747,-1.3638182878494263
18748,-1.3699491024017334
18749,-1.368158221244812
18750,-1.3652793169021606
18751,-1.3533070087432861
18752,-1.365944266319275
18753,-1.3570826053619385
18754,-1.3705921173095703
18755,-1.3696274757385254
18756,-1.3575961589813232
18757,-1.3627967834472656
18758,-1.353206992149353
18759,-1.3694647550582886
18760,-1.3689053058624268
18761,-1.3668277263641357
18762,-1.3434391021728516
18763,-1.3689829111099243
18764,-1.3605356216430664
18765,-1.361600637435913
18766,-1.3707280158996582
18767,-1.3704595565795898
18768,-1.3704818487167358
18769,-1.3657162189483643
18770,-1.3677170276641846
18771,-1.3666428327560425
18772,-1.3664453029632568
18773,-1.3641622066497803
18774,-1.3662352561950684
18775,-1.3682582378387451
18776,-1.364977240562439
18777,-1.3632539510726929
18778,-1.3682661056518555
18779,-1.367358922958374
18780,-1.3681107759475708
18781,-1.3615590333938599
18782,-1.363634467124939
18783,-1.3670125007629395
18784,-1.3659677505493164
18785,-1.3699690103530884
18786,-1.3687353134155273
18787,-1.35284423828125
18788,-1.3599470853805542
18789,-1.3642600774765015
18790,-1.3577544689178467
18791,-1.364154577255249
18792,-1.360257625579834
18793,-1.3708925247192383
18794,-1.373956561088562
18795,-1.3569886684417725
18796,-1.3620271682739258
18797,-1.3579175472259521
18798,-1.3661754131317139
18799,-1.36386239528656
18800,-1.3649853467941284
18801,-1.3655281066894531
18802,-1.366058349609375
18803,-1.355735421180725
18804,-1.3634483814239502
18805,-1.3652626276016235
18806,-1.368499517440796
18807,-1.3514349460601807
18808,-1.368917465209961
18809,-1.3649418354034424
18810,-1.3688431978225708
18811,-1.3683393001556396
18812,-1.365497350692749
18813,-1.3626737594604492
18814,-1.3671000003814697
18815,-1.3652446269989014
18816,-1.3623555898666382
18817,-1.3656083345413208
18818,-1.3625907897949219
18819,-1.365746259689331
18820,-1.3674463033676147
18821,-1.3357129096984863
18822,-1.3612840175628662
18823,-1.3637058734893799
18824,-1.3615086078643799
18825,-1.359188437461853
18826,-1.3664299249649048
18827,-1.3643227815628052
18828,-1.3658215999603271
18829,-1.3673715591430664
18830,-1.3644795417785645
18831,-1.369915246963501
18832,-1.3670969009399414
18833,-1.372532606124878
18834,-1.3583743572235107
18835,-1.3654619455337524
18836,-1.367963194847107
18837,-1.3660764694213867
18838,-1.3709402084350586
18839,-1.3625504970550537
18840,-1.3321194648742676
18841,-1.3660030364990234
18842,-1.3594826459884644
18843,-1.3629069328308105
18844,-1.3660337924957275
18845,-1.3616219758987427
18846,-1.3636815547943115
18847,-1.3674644231796265
18848,-1.3611454963684082
18849,-1.369642972946167
18850,-1.358014702796936
18851,-1.366457223892212
18852,-1.352718710899353
18853,-1.3691236972808838
18854,-1.3633211851119995
18855,-1.3723294734954834
18856,-1.369485855102539
18857,-1.3606263399124146
18858,-1.3673475980758667
18859,-1.3651375770568848
18860,-1.3695244789123535
18861,-1.3709943294525146
18862,-1.368831992149353
18863,-1.3652360439300537
18864,-1.3656320571899414
18865,-1.358119010925293
18866,-1.3687303066253662
18867,-1.3732911348342896
18868,-1.368613600730896
18869,-1.3670519590377808
18870,-1.3633347749710083
18871,-1.3673434257507324
18872,-1.3640820980072021
18873,-1.3632593154907227
18874,-1.3599519729614258
18875,-1.3626604080200195
18876,-1.3731343746185303
18877,-1.3533833026885986
18878,-1.3689839839935303
18879,-1.3608821630477905
18880,-1.3667112588882446
18881,-1.3722772598266602
18882,-1.3642784357070923
18883,-1.3668783903121948
18884,-1.3649046421051025
18885,-1.3657410144805908
18886,-1.3660930395126343
18887,-1.3648213148117065
18888,-1.3703734874725342
18889,-1.3637615442276
18890,-1.3657143115997314
18891,-1.3628544807434082
18892,-1.3690850734710693
18893,-1.3642163276672363
18894,-1.3665004968643188
18895,-1.3630192279815674
18896,-1.367211937904358
18897,-1.3693912029266357
18898,-1.3546887636184692
18899,-1.366584300994873
18900,-1.368886947631836
18901,-1.3649747371673584
18902,-1.3608415126800537
18903,-1.3666807413101196
18904,-1.361940622329712
18905,-1.3540513515472412
18906,-1.3626785278320312
18907,-1.3635857105255127
18908,-1.358528971672058
18909,-1.3579905033111572
18910,-1.3328864574432373
18911,-1.351672887802124
18912,-1.3547492027282715
18913,-1.3560633659362793
18914,-1.3486727476119995
18915,-1.3627245426177979
18916,-1.359571099281311
18917,-1.368476152420044
18918,-1.3594400882720947
18919,-1.3656799793243408
18920,-1.3608484268188477
18921,-1.370526909828186
18922,-1.3586262464523315
18923,-1.3602970838546753
18924,-1.3588718175888062
18925,-1.3652962446212769
18926,-1.3676702976226807
18927,-1.3576695919036865
18928,-1.3621761798858643
18929,-1.3651528358459473
18930,-1.3607033491134644
18931,-1.3540643453598022
18932,-1.3451303243637085
18933,-1.3571313619613647
18934,-1.3615278005599976
18935,-1.367610216140747
18936,-1.3703924417495728
18937,-1.3455168008804321
18938,-1.3407211303710938
18939,-1.3656586408615112
18940,-1.3655683994293213
18941,-1.3529469966888428
18942,-1.3634544610977173
18943,-1.3596177101135254
18944,-1.3581500053405762
18945,-1.3674360513687134
18946,-1.3695580959320068
18947,-1.3659871816635132
18948,-1.3667938709259033
18949,-1.3638887405395508
18950,-1.3620030879974365
18951,-1.363241195678711
18952,-1.3656527996063232
18953,-1.3616031408309937
18954,-1.3672826290130615
18955,-1.3674148321151733
18956,-1.369131088256836
18957,-1.363207221031189
18958,-1.3653401136398315
18959,-1.370044469833374
18960,-1.359198808670044
18961,-1.363104224205017
18962,-1.3639583587646484
18963,-1.3524484634399414
18964,-1.3637020587921143
18965,-1.3690791130065918
18966,-1.353177547454834
18967,-1.3632183074951172
18968,-1.361196517944336
18969,-1.361708641052246
18970,-1.3601173162460327
18971,-1.3677616119384766
18972,-1.355262041091919
18973,-1.3616763353347778
18974,-1.3649450540542603
18975,-1.3586186170578003
18976,-1.3611328601837158
18977,-1.3666348457336426
18978,-1.3575894832611084
18979,-1.3564361333847046
18980,-1.3650356531143188
18981,-1.3672908544540405
18982,-1.364598274230957
18983,-1.363266110420227
18984,-1.3712271451950073
18985,-1.3622186183929443
18986,-1.3628196716308594
18987,-1.3447129726409912
18988,-1.3321740627288818
18989,-1.3668049573898315
18990,-1.356541633605957
18991,-1.36723792552948
18992,-1.359506607055664
18993,-1.3662055730819702
18994,-1.3675684928894043
18995,-1.3664956092834473
18996,-1.3530654907226562
18997,-1.3644222021102905
18998,-1.3630058765411377
18999,-1.3633219003677368
19000,-1.3618159294128418
19001,-1.3652769327163696
19002,-1.3605499267578125
19003,-1.3673324584960938
19004,-1.362749695777893
19005,-1.3631062507629395
19006,-1.366898775100708
19007,-1.370492935180664
19008,-1.3648552894592285
19009,-1.3675291538238525
19010,-1.365360975265503
19011,-1.3693199157714844
19012,-1.3506916761398315
19013,-1.3602737188339233
19014,-1.3658225536346436
19015,-1.3689172267913818
19016,-1.3630361557006836
19017,-1.3729877471923828
19018,-1.3681453466415405
19019,-1.3501570224761963
19020,-1.3635680675506592
19021,-1.3605903387069702
19022,-1.3635722398757935
19023,-1.3630852699279785
19024,-1.3629971742630005
19025,-1.3628060817718506
19026,-1.374361276626587
19027,-1.3659119606018066
19028,-1.3636839389801025
19029,-1.3615065813064575
19030,-1.3694181442260742
19031,-1.3459428548812866
19032,-1.3675044775009155
19033,-1.370098352432251
19034,-1.367601752281189
19035,-1.3624792098999023
19036,-1.3661893606185913
19037,-1.3659162521362305
19038,-1.3506726026535034
19039,-1.3642616271972656
19040,-1.3662090301513672
19041,-1.3441423177719116
19042,-1.3659838438034058
19043,-1.3632125854492188
19044,-1.3652738332748413
19045,-1.363966464996338
19046,-1.3604326248168945
19047,-1.3560993671417236
19048,-1.3658502101898193
19049,-1.3640930652618408
19050,-1.3632866144180298
19051,-1.355841040611267
19052,-1.3632112741470337
19053,-1.3579522371292114
19054,-1.3576890230178833
19055,-1.3607629537582397
19056,-1.3663429021835327
19057,-1.3583801984786987
19058,-1.3570261001586914
19059,-1.359122633934021
19060,-1.3428528308868408
19061,-1.3622788190841675
19062,-1.3629162311553955
19063,-1.3646897077560425
19064,-1.3677011728286743
19065,-1.3622040748596191
19066,-1.360012173652649
19067,-1.3684366941452026
19068,-1.3670181035995483
19069,-1.3645834922790527
19070,-1.3639580011367798
19071,-1.3657091856002808
19072,-1.3678950071334839
19073,-1.3601740598678589
19074,-1.3664491176605225
19075,-1.3641384840011597
19076,-1.3673644065856934
19077,-1.3667060136795044
19078,-1.36668860912323
19079,-1.366880178451538
19080,-1.36851966381073
19081,-1.3679578304290771
19082,-1.3689013719558716
19083,-1.3639352321624756
19084,-1.3644500970840454
19085,-1.3669476509094238
19086,-1.3627870082855225
19087,-1.3625409603118896
19088,-1.3687597513198853
19089,-1.3660176992416382
19090,-1.3663314580917358
19091,-1.3660695552825928
19092,-1.3577744960784912
19093,-1.358972430229187
19094,-1.367719292640686
19095,-1.3489185571670532
19096,-1.372072696685791
19097,-1.366363525390625
19098,-1.3628185987472534
19099,-1.3648149967193604
19100,-1.3661391735076904
19101,-1.362102746963501
19102,-1.364084243774414
19103,-1.3589328527450562
19104,-1.3660844564437866
19105,-1.3698821067810059
19106,-1.3689815998077393
19107,-1.3604843616485596
19108,-1.360115647315979
19109,-1.3660186529159546
19110,-1.3651782274246216
19111,-1.3672089576721191
19112,-1.363309383392334
19113,-1.3616701364517212
19114,-1.3470289707183838
19115,-1.360108733177185
19116,-1.3723450899124146
19117,-1.3582552671432495
19118,-1.3568886518478394
19119,-1.359339952468872
19120,-1.3662314414978027
19121,-1.3563814163208008
19122,-1.3609628677368164
19123,-1.3619858026504517
19124,-1.3606436252593994
19125,-1.3639588356018066
19126,-1.3635350465774536
19127,-1.3604540824890137
19128,-1.3646844625473022
19129,-1.3611690998077393
19130,-1.3497925996780396
19131,-1.3678473234176636
19132,-1.3617759943008423
19133,-1.3555961847305298
19134,-1.363915205001831
19135,-1.362467646598816
19136,-1.3643215894699097
19137,-1.3648382425308228
19138,-1.3616701364517212
19139,-1.3529318571090698
19140,-1.3662713766098022
19141,-1.362790584564209
19142,-1.3644189834594727
19143,-1.3683019876480103
19144,-1.353352427482605
19145,-1.3486442565917969
19146,-1.3647092580795288
19147,-1.3473972082138062
19148,-1.3681164979934692
19149,-1.365558385848999
19150,-1.3482439517974854
19151,-1.3623356819152832
19152,-1.3580869436264038
19153,-1.3661326169967651
19154,-1.3648464679718018
19155,-1.3528974056243896
19156,-1.3605036735534668
19157,-1.3562029600143433
19158,-1.3683065176010132
19159,-1.3717116117477417
19160,-1.3634428977966309
19161,-1.3551290035247803
19162,-1.3427882194519043
19163,-1.362460970878601
19164,-1.3543694019317627
19165,-1.3527897596359253
19166,-1.3614190816879272
19167,-1.364395260810852
19168,-1.363672137260437
19169,-1.3494417667388916
19170,-1.3652949333190918
19171,-1.370370864868164
19172,-1.3610572814941406
19173,-1.3522371053695679
19174,-1.368924617767334
19175,-1.36235511302948
19176,-1.3473570346832275
19177,-1.342835783958435
19178,-1.3608216047286987
19179,-1.3676395416259766
19180,-1.3663948774337769
19181,-1.3640472888946533
19182,-1.3632755279541016
19183,-1.3667525053024292
19184,-1.362047553062439
19185,-1.3664393424987793
19186,-1.3628135919570923
19187,-1.3600451946258545
19188,-1.3444042205810547
19189,-1.361599326133728
19190,-1.3716487884521484
19191,-1.3591644763946533
19192,-1.3643839359283447
19193,-1.3636033535003662
19194,-1.3666613101959229
19195,-1.3640021085739136
19196,-1.365439772605896
19197,-1.3666375875473022
19198,-1.3657792806625366
19199,-1.3671026229858398
19200,-1.3695080280303955
19201,-1.3647302389144897
19202,-1.3639106750488281
19203,-1.3683853149414062
19204,-1.3680205345153809
19205,-1.3643909692764282
19206,-1.3472745418548584
19207,-1.3577022552490234
19208,-1.367627501487732
19209,-1.3702994585037231
19210,-1.3694274425506592
19211,-1.3623380661010742
19212,-1.3671057224273682
19213,-1.3681856393814087
19214,-1.3697574138641357
19215,-1.3663581609725952
19216,-1.364741563796997
19217,-1.3671091794967651
19218,-1.3587690591812134
19219,-1.3651491403579712
19220,-1.3695266246795654
19221,-1.3038142919540405
19222,-1.3695745468139648
19223,-1.3642756938934326
19224,-1.369909644126892
19225,-1.3645433187484741
19226,-1.362023115158081
19227,-1.3545736074447632
19228,-1.3711133003234863
19229,-1.3692784309387207
19230,-1.3628647327423096
19231,-1.365716814994812
19232,-1.3612693548202515
19233,-1.3659909963607788
19234,-1.359511137008667
19235,-1.3560924530029297
19236,-1.3711397647857666
19237,-1.367836356163025
19238,-1.361821174621582
19239,-1.3674544095993042
19240,-1.367371916770935
19241,-1.3593482971191406
19242,-1.362562656402588
19243,-1.3676836490631104
19244,-1.3637959957122803
19245,-1.3664884567260742
19246,-1.3586673736572266
19247,-1.3608099222183228
19248,-1.3636198043823242
19249,-1.3594468832015991
19250,-1.3614838123321533
19251,-1.370676875114441
19252,-1.3606951236724854
19253,-1.3660612106323242
19254,-1.3613927364349365
19255,-1.3707377910614014
19256,-1.365795373916626
19257,-1.3650232553482056
19258,-1.3682793378829956
19259,-1.369308590888977
19260,-1.367334246635437
19261,-1.361862063407898
19262,-1.3612239360809326
19263,-1.3629183769226074
19264,-1.3693372011184692
19265,-1.3673920631408691
19266,-1.3706433773040771
19267,-1.3691012859344482
19268,-1.3696954250335693
19269,-1.3635194301605225
19270,-1.3646161556243896
19271,-1.3625417947769165
19272,-1.3645001649856567
19273,-1.368459939956665
19274,-1.3664520978927612
19275,-1.3683658838272095
19276,-1.3650938272476196
19277,-1.3654133081436157
19278,-1.3612483739852905
19279,-1.3514454364776611
19280,-1.3653405904769897
19281,-1.3657524585723877
19282,-1.36444091796875
19283,-1.3680768013000488
19284,-1.358630895614624
19285,-1.3652853965759277
19286,-1.372244119644165
19287,-1.3665828704833984
19288,-1.3678358793258667
19289,-1.3660523891448975
19290,-1.3599939346313477
19291,-1.3644474744796753
19292,-1.3737297058105469
19293,-1.3689020872116089
19294,-1.3648399114608765
19295,-1.3679770231246948
19296,-1.3625922203063965
19297,-1.3646807670593262
19298,-1.3679413795471191
19299,-1.3702468872070312
19300,-1.3699613809585571
19301,-1.3706779479980469
19302,-1.3713395595550537
19303,-1.366760492324829
19304,-1.3669894933700562
19305,-1.366267204284668
19306,-1.3658901453018188
19307,-1.3631417751312256
19308,-1.367539882659912
19309,-1.3676520586013794
19310,-1.3628020286560059
19311,-1.3684104681015015
19312,-1.3736765384674072
19313,-1.3660920858383179
19314,-1.3579251766204834
19315,-1.3697545528411865
19316,-1.364515781402588
19317,-1.3579572439193726
19318,-1.368523120880127
19319,-1.3649533987045288
19320,-1.368077039718628
19321,-1.3694785833358765
19322,-1.3680959939956665
19323,-1.3650349378585815
19324,-1.3677619695663452
19325,-1.3654652833938599
19326,-1.37032949924469
19327,-1.366415023803711
19328,-1.367714762687683
19329,-1.3684161901474
19330,-1.3685091733932495
19331,-1.3651666641235352
19332,-1.3632051944732666
19333,-1.3545968532562256
19334,-1.3661402463912964
19335,-1.3628596067428589
19336,-1.3694746494293213
19337,-1.364501953125
19338,-1.3650617599487305
19339,-1.370422124862671
19340,-1.3688749074935913
19341,-1.3645471334457397
19342,-1.3691167831420898
19343,-1.367855429649353
19344,-1.3714584112167358
19345,-1.365783929824829
19346,-1.3722467422485352
19347,-1.3648533821105957
19348,-1.3695032596588135
19349,-1.3671557903289795
19350,-1.3648205995559692
19351,-1.2858622074127197
19352,-1.3643933534622192
19353,-1.3613975048065186
19354,-1.3685287237167358
19355,-1.36082124710083
19356,-1.354964017868042
19357,-1.3671740293502808
19358,-1.3680086135864258
19359,-1.3661859035491943
19360,-1.3661401271820068
19361,-1.3590903282165527
19362,-1.365328311920166
19363,-1.3582735061645508
19364,-1.366938829421997
19365,-1.365775465965271
19366,-1.3646843433380127
19367,-1.356115698814392
19368,-1.361182689666748
19369,-1.3654632568359375
19370,-1.3693429231643677
19371,-1.3642098903656006
19372,-1.3626397848129272
19373,-1.370059847831726
19374,-1.3659037351608276
19375,-1.372047781944275
19376,-1.3658455610275269
19377,-1.3678233623504639
19378,-1.3629258871078491
19379,-1.3489577770233154
19380,-1.3683133125305176
19381,-1.367126703262329
19382,-1.3675873279571533
19383,-1.3673895597457886
19384,-1.365407943725586
19385,-1.366373896598816
19386,-1.3672876358032227
19387,-1.3697779178619385
19388,-1.3705840110778809
19389,-1.3698689937591553
19390,-1.3663815259933472
19391,-1.3655400276184082
19392,-1.3696401119232178
19393,-1.3657703399658203
19394,-1.3560125827789307
19395,-1.355661392211914
19396,-1.364297866821289
19397,-1.3661749362945557
19398,-1.3655751943588257
19399,-1.3582295179367065
19400,-1.370377779006958
19401,-1.3660414218902588
19402,-1.3711926937103271
19403,-1.3638821840286255
19404,-1.367546796798706
19405,-1.3665859699249268
19406,-1.3576469421386719
19407,-1.3712365627288818
19408,-1.371476411819458
19409,-1.3046889305114746
19410,-1.365676760673523
19411,-1.3566220998764038
19412,-1.3650254011154175
19413,-1.368606686592102
19414,-1.3634916543960571
19415,-1.3702516555786133
19416,-1.3578665256500244
19417,-1.357717514038086
19418,-1.366241693496704
19419,-1.3625986576080322
19420,-1.3643923997879028
19421,-1.3668081760406494
19422,-1.365495204925537
19423,-1.3653467893600464
19424,-1.3665497303009033
19425,-1.3642419576644897
19426,-1.367553949356079
19427,-1.3610241413116455
19428,-1.360818862915039
19429,-1.3623476028442383
19430,-1.365427017211914
19431,-1.3717131614685059
19432,-1.3603689670562744
19433,-1.3685368299484253
19434,-1.3684062957763672
19435,-1.3655818700790405
19436,-1.370247483253479
19437,-1.3672552108764648
19438,-1.3601665496826172
19439,-1.3667922019958496
19440,-1.360612392425537
19441,-1.3709477186203003
19442,-1.3682969808578491
19443,-1.3717150688171387
19444,-1.3643851280212402
19445,-1.3617128133773804
19446,-1.3596856594085693
19447,-1.369470238685608
19448,-1.3674017190933228
19449,-1.3607009649276733
19450,-1.368039608001709
19451,-1.363936185836792
19452,-1.3726904392242432
19453,-1.3638640642166138
19454,-1.3707637786865234
19455,-1.369425654411316
19456,-1.3671272993087769
19457,-1.3647565841674805
19458,-1.357229232788086
19459,-1.3449344635009766
19460,-1.3733127117156982
19461,-1.3671497106552124
19462,-1.3643476963043213
19463,-1.3710410594940186
19464,-1.369534969329834
19465,-1.3639233112335205
19466,-1.3627312183380127
19467,-1.3665541410446167
19468,-1.3715004920959473
19469,-1.3635833263397217
19470,-1.362871766090393
19471,-1.358991265296936
19472,-1.3618658781051636
19473,-1.3604846000671387
19474,-1.3646297454833984
19475,-1.3731012344360352
19476,-1.3638591766357422
19477,-1.3697574138641357
19478,-1.354377031326294
19479,-1.342773675918579
19480,-1.363641619682312
19481,-1.3605823516845703
19482,-1.3662567138671875
19483,-1.363673210144043
19484,-1.368148684501648
19485,-1.3579894304275513
19486,-1.3621399402618408
19487,-1.366591215133667
19488,-1.3283849954605103
19489,-1.3651448488235474
19490,-1.3606857061386108
19491,-1.3667477369308472
19492,-1.3596552610397339
19493,-1.3608465194702148
19494,-1.367235541343689
19495,-1.3603177070617676
19496,-1.3648642301559448
19497,-1.36747407913208
19498,-1.363315224647522
19499,-1.3717912435531616
19500,-1.344775915145874
19501,-1.3634886741638184
19502,-1.3702970743179321
19503,-1.3637030124664307
19504,-1.3636586666107178
19505,-1.3685226440429688
19506,-1.3659347295761108
19507,-1.3647593259811401
19508,-1.3669120073318481
19509,-1.3712127208709717
19510,-1.352170467376709
19511,-1.3606411218643188
19512,-1.3676632642745972
19513,-1.3642624616622925
19514,-1.3608438968658447
19515,-1.3668758869171143
19516,-1.3739957809448242
19517,-1.3639811277389526
19518,-1.3624008893966675
19519,-1.3679563999176025
19520,-1.3443008661270142
19521,-1.3467845916748047
19522,-1.368894338607788
19523,-1.3677051067352295
19524,-1.367627739906311
19525,-1.3041861057281494
19526,-1.3608118295669556
19527,-1.3659796714782715
19528,-1.3517001867294312
19529,-1.3656256198883057
19530,-1.357145071029663
19531,-1.3654401302337646
19532,-1.3653724193572998
19533,-1.3643555641174316
19534,-1.3736467361450195
19535,-1.3676730394363403
19536,-1.3651436567306519
19537,-1.3553546667099
19538,-1.36526620388031
19539,-1.3611369132995605
19540,-1.3667819499969482
19541,-1.3581745624542236
19542,-1.3738162517547607
19543,-1.3705658912658691
19544,-1.3635215759277344
19545,-1.3711965084075928
19546,-1.3450424671173096
19547,-1.3709713220596313
19548,-1.3680365085601807
19549,-1.3645660877227783
19550,-1.3681424856185913
19551,-1.36716628074646
19552,-1.3678210973739624
19553,-1.3690495491027832
19554,-1.3669794797897339
19555,-1.3620957136154175
19556,-1.3585411310195923
19557,-1.3586597442626953
19558,-1.365889549255371
19559,-1.3580878973007202
19560,-1.3551409244537354
19561,-1.3735769987106323
19562,-1.365609049797058
19563,-1.3634265661239624
19564,-1.3566064834594727
19565,-1.361176609992981
19566,-1.3624687194824219
19567,-1.367505669593811
19568,-1.3620392084121704
19569,-1.3639627695083618
19570,-1.3623056411743164
19571,-1.3608450889587402
19572,-1.3716610670089722
19573,-1.3582618236541748
19574,-1.3543931245803833
19575,-1.362986445426941
19576,-1.3563183546066284
19577,-1.3638330698013306
19578,-1.3594927787780762
19579,-1.364490032196045
19580,-1.3631000518798828
19581,-1.3685493469238281
19582,-1.368499994277954
19583,-1.3604613542556763
19584,-1.3622322082519531
19585,-1.3666019439697266
19586,-1.3598161935806274
19587,-1.3663153648376465
19588,-1.3704144954681396
19589,-1.357409954071045
19590,-1.3617639541625977
19591,-1.371497631072998
19592,-1.3681957721710205
19593,-1.3603206872940063
19594,-1.3713773488998413
19595,-1.3658442497253418
19596,-1.3578264713287354
19597,-1.3644707202911377
19598,-1.3607670068740845
19599,-1.336158275604248
19600,-1.361440896987915
19601,-1.3683550357818604
19602,-1.3590930700302124
19603,-1.3553903102874756
19604,-1.3630207777023315
19605,-1.3566964864730835
19606,-1.370058298110962
19607,-1.3667844533920288
19608,-1.3659151792526245
19609,-1.3707599639892578
19610,-1.3629213571548462
19611,-1.3606420755386353
19612,-1.3629140853881836
19613,-1.3664265871047974
19614,-1.366679072380066
19615,-1.340604543685913
19616,-1.3688093423843384
19617,-1.3633389472961426
19618,-1.3668797016143799
19619,-1.3722847700119019
19620,-1.3547098636627197
19621,-1.3401072025299072
19622,-1.3701612949371338
19623,-1.3638724088668823
19624,-1.3565317392349243
19625,-1.3680428266525269
19626,-1.3614766597747803
19627,-1.3655705451965332
19628,-1.3650941848754883
19629,-1.3704524040222168
19630,-1.3605479001998901
19631,-1.3633205890655518
19632,-1.3670762777328491
19633,-1.3657649755477905
19634,-1.3702247142791748
19635,-1.3703464269638062
19636,-1.3692517280578613
19637,-1.3696874380111694
19638,-1.3664109706878662
19639,-1.3660554885864258
19640,-1.3709325790405273
19641,-1.369590401649475
19642,-1.362515926361084
19643,-1.3609082698822021
19644,-1.3663651943206787
19645,-1.365120768547058
19646,-1.3678940534591675
19647,-1.3623852729797363
19648,-1.3726098537445068
19649,-1.3689078092575073
19650,-1.3700189590454102
19651,-1.3690541982650757
19652,-1.3705451488494873
19653,-1.3708751201629639
19654,-1.3672547340393066
19655,-1.3436477184295654
19656,-1.3684037923812866
19657,-1.3682916164398193
19658,-1.3584284782409668
19659,-1.3633211851119995
19660,-1.3696874380111694
19661,-1.3668283224105835
19662,-1.3577992916107178
19663,-1.363046646118164
19664,-1.3684161901474
19665,-1.3685345649719238
19666,-1.36774480342865
19667,-1.365803599357605
19668,-1.3706904649734497
19669,-1.3606892824172974
19670,-1.3652738332748413
19671,-1.369349479675293
19672,-1.3616034984588623
19673,-1.36238694190979
19674,-1.3591082096099854
19675,-1.3674602508544922
19676,-1.361424207687378
19677,-1.3432971239089966
19678,-1.3669323921203613
19679,-1.3735512495040894
19680,-1.3607903718948364
19681,-1.3664791584014893
19682,-1.3665986061096191
19683,-1.3706235885620117
19684,-1.3683826923370361
19685,-1.3585994243621826
19686,-1.3635221719741821
19687,-1.3671376705169678
19688,-1.361188292503357
19689,-1.367509365081787
19690,-1.3515536785125732
19691,-1.3675248622894287
19692,-1.3708583116531372
19693,-1.3719847202301025
19694,-1.3675317764282227
19695,-1.365607500076294
19696,-1.3663634061813354
19697,-1.3594770431518555
19698,-1.3668431043624878
19699,-1.3659113645553589
19700,-1.3699029684066772
19701,-1.3502562046051025
19702,-1.3685321807861328
19703,-1.3656322956085205
19704,-1.3625677824020386
19705,-1.3664637804031372
19706,-1.3646655082702637
19707,-1.3634260892868042
19708,-1.3584575653076172
19709,-1.3651998043060303
19710,-1.3649600744247437
19711,-1.3694419860839844
19712,-1.368253231048584
19713,-1.3498377799987793
19714,-1.3596906661987305
19715,-1.3627036809921265
19716,-1.363576889038086
19717,-1.3550831079483032
19718,-1.360573172569275
19719,-1.3622496128082275
19720,-1.3555572032928467
19721,-1.3686456680297852
19722,-1.3679239749908447
19723,-1.3678185939788818
19724,-1.3667211532592773
19725,-1.3589744567871094
19726,-1.3713245391845703
19727,-1.3673394918441772
19728,-1.359143614768982
19729,-1.3668657541275024
19730,-1.3592735528945923
19731,-1.3676824569702148
19732,-1.36935555934906
19733,-1.3660736083984375
19734,-1.3693182468414307
19735,-1.3645466566085815
19736,-1.3649826049804688
19737,-1.365970492362976
19738,-1.3636531829833984
19739,-1.3644905090332031
19740,-1.3666105270385742
19741,-1.361605167388916
19742,-1.3424420356750488
19743,-1.3624404668807983
19744,-1.366438865661621
19745,-1.3594194650650024
19746,-1.3618168830871582
19747,-1.3629183769226074
19748,-1.368685007095337
19749,-1.3626716136932373
19750,-1.367855191230774
19751,-1.3603448867797852
19752,-1.3706101179122925
19753,-1.3674322366714478
19754,-1.3665777444839478
19755,-1.3657238483428955
19756,-1.3559813499450684
19757,-1.3667385578155518
19758,-1.3699214458465576
19759,-1.3631892204284668
19760,-1.3708373308181763
19761,-1.3639395236968994
19762,-1.3681883811950684
19763,-1.3605515956878662
19764,-1.3692207336425781
19765,-1.3684968948364258
19766,-1.3689818382263184
19767,-1.3695945739746094
19768,-1.35693359375
19769,-1.3674479722976685
19770,-1.3680403232574463
19771,-1.3636144399642944
19772,-1.3717355728149414
19773,-1.3616225719451904
19774,-1.3638818264007568
19775,-1.3686763048171997
19776,-1.3530511856079102
19777,-1.3691893815994263
19778,-1.3529294729232788
19779,-1.3689743280410767
19780,-1.3666932582855225
19781,-1.3583269119262695
19782,-1.3644064664840698
19783,-1.3643077611923218
19784,-1.3580121994018555
19785,-1.3698561191558838
19786,-1.3627923727035522
19787,-1.3644181489944458
19788,-1.3615119457244873
19789,-1.3659695386886597
19790,-1.3652315139770508
19791,-1.3572843074798584
19792,-1.3602668046951294
19793,-1.3649911880493164
19794,-1.365793228149414
19795,-1.3689205646514893
19796,-1.3681837320327759
19797,-1.362852931022644
19798,-1.3662210702896118
19799,-1.3711680173873901
19800,-1.3655270338058472
19801,-1.3607172966003418
19802,-1.359644889831543
19803,-1.3707834482192993
19804,-1.3651561737060547
19805,-1.3673843145370483
19806,-1.364039659500122
19807,-1.3691082000732422
19808,-1.3560817241668701
19809,-1.3690943717956543
19810,-1.3684511184692383
19811,-1.3624448776245117
19812,-1.3659347295761108
19813,-1.3580162525177002
19814,-1.3609424829483032
19815,-1.3712337017059326
19816,-1.3674529790878296
19817,-1.362090826034546
19818,-1.3609814643859863
19819,-1.3609040975570679
19820,-1.3691654205322266
19821,-1.3681552410125732
19822,-1.3705265522003174
19823,-1.3384767770767212
19824,-1.3610047101974487
19825,-1.3637292385101318
19826,-1.3496010303497314
19827,-1.3679394721984863
19828,-1.3533371686935425
19829,-1.3466790914535522
19830,-1.3669897317886353
19831,-1.3294153213500977
19832,-1.3560281991958618
19833,-1.3649780750274658
19834,-1.3605761528015137
19835,-1.36310613155365
19836,-1.3630845546722412
19837,-1.3654086589813232
19838,-1.3657017946243286
19839,-1.3568871021270752
19840,-1.3704748153686523
19841,-1.3695048093795776
19842,-1.3670432567596436
19843,-1.3676236867904663
19844,-1.365706205368042
19845,-1.3568919897079468
19846,-1.3641393184661865
19847,-1.3581178188323975
19848,-1.3668084144592285
19849,-1.3671610355377197
19850,-1.3662046194076538
19851,-1.3699575662612915
19852,-1.366083025932312
19853,-1.363175392150879
19854,-1.354118824005127
19855,-1.3642022609710693
19856,-1.365236759185791
19857,-1.3633160591125488
19858,-1.372131586074829
19859,-1.3687127828598022
19860,-1.3648521900177002
19861,-1.3659096956253052
19862,-1.372619390487671
19863,-1.3607585430145264
19864,-1.3737952709197998
19865,-1.36513352394104
19866,-1.3619657754898071
19867,-1.369329810142517
19868,-1.3567379713058472
19869,-1.3695790767669678
19870,-1.3668640851974487
19871,-1.363038420677185
19872,-1.3690810203552246
19873,-1.3592236042022705
19874,-1.3733396530151367
19875,-1.359865427017212
19876,-1.367998719215393
19877,-1.3673040866851807
19878,-1.367072582244873
19879,-1.3559163808822632
19880,-1.36942458152771
19881,-1.3672635555267334
19882,-1.3669642210006714
19883,-1.3600506782531738
19884,-1.367235541343689
19885,-1.3666661977767944
19886,-1.3625825643539429
19887,-1.3606109619140625
19888,-1.3518249988555908
19889,-1.3647905588150024
19890,-1.3672233819961548
19891,-1.3607529401779175
19892,-1.3653051853179932
19893,-1.3639578819274902
19894,-1.3652056455612183
19895,-1.349809169769287
19896,-1.369383692741394
19897,-1.363675594329834
19898,-1.3706754446029663
19899,-1.363585352897644
19900,-1.368159532546997
19901,-1.3470263481140137
19902,-1.3687249422073364
19903,-1.3603942394256592
19904,-1.368189811706543
19905,-1.3660144805908203
19906,-1.3695510625839233
19907,-1.3645704984664917
19908,-1.3667633533477783
19909,-1.3541038036346436
19910,-1.3644379377365112
19911,-1.364390254020691
19912,-1.3670097589492798
19913,-1.3635509014129639
19914,-1.3626002073287964
19915,-1.3666337728500366
19916,-1.3682875633239746
19917,-1.3678650856018066
19918,-1.3648126125335693
19919,-1.3671419620513916
19920,-1.3687068223953247
19921,-1.3696980476379395
19922,-1.3687664270401
19923,-1.368535041809082
19924,-1.366464376449585
19925,-1.3694431781768799
19926,-1.3337830305099487
19927,-1.3692036867141724
19928,-1.3668245077133179
19929,-1.3682154417037964
19930,-1.3664623498916626
19931,-1.3659093379974365
19932,-1.361006736755371
19933,-1.3673591613769531
19934,-1.3592541217803955
19935,-1.3701083660125732
19936,-1.3703773021697998
19937,-1.350228190422058
19938,-1.369349479675293
19939,-1.3688318729400635
19940,-1.373746633529663
19941,-1.3571385145187378
19942,-1.3687758445739746
19943,-1.3544877767562866
19944,-1.3678789138793945
19945,-1.364855170249939
19946,-1.3686678409576416
19947,-1.3700002431869507
19948,-1.3763506412506104
19949,-1.3710952997207642
19950,-1.3716750144958496
19951,-1.365594744682312
19952,-1.3619927167892456
19953,-1.3597755432128906
19954,-1.3632444143295288
19955,-1.3622996807098389
19956,-1.3563483953475952
19957,-1.3623292446136475
19958,-1.3636226654052734
19959,-1.3608102798461914
19960,-1.3566404581069946
19961,-1.3637356758117676
19962,-1.3664941787719727
19963,-1.3630396127700806
19964,-1.3645087480545044
19965,-1.355877161026001
19966,-1.3526644706726074
19967,-1.3609263896942139
19968,-1.3655704259872437
19969,-1.3668487071990967
19970,-1.3636327981948853
19971,-1.361713171005249
19972,-1.3662986755371094
19973,-1.3659241199493408
19974,-1.360422134399414
19975,-1.3658218383789062
19976,-1.3630738258361816
19977,-1.3585838079452515
19978,-1.368227481842041
19979,-1.3713322877883911
19980,-1.3663991689682007
19981,-1.3585801124572754
19982,-1.3647160530090332
19983,-1.3659286499023438
19984,-1.3640044927597046
19985,-1.3660340309143066
19986,-1.3631846904754639
19987,-1.3129982948303223
19988,-1.3556840419769287
19989,-1.357295274734497
19990,-1.3695218563079834
19991,-1.3666249513626099
19992,-1.366957187652588
19993,-1.3582167625427246
19994,-1.368497610092163
19995,-1.3589798212051392
19996,-1.367011547088623
19997,-1.3680310249328613
19998,-1.3689489364624023
19999,-1.3647658824920654
