episode,total_reward,rps,avg_reward_100,avg_rps_100,epsilon,loss
1,6.9435,0.1389,6.9435,0.1389,0.8958,0.0
2,3.1381,0.0628,5.0408,0.1008,0.8915,0.0
3,7.5399,0.1508,5.8738,0.1175,0.8872,0.052453
4,4.587,0.0917,5.5521,0.111,0.883,0.035301
5,3.1459,0.0629,5.0709,0.1014,0.8788,0.017955
6,2.3876,0.0478,4.6237,0.0925,0.8745,0.009154
7,3.828,0.0766,4.51,0.0902,0.8702,0.004758
8,6.1568,0.1231,4.7159,0.0943,0.866,0.002712
9,7.6762,0.1535,5.0448,0.1009,0.8618,0.002404
10,1.9082,0.0382,4.7311,0.0946,0.8575,0.002227
11,2.7427,0.0549,4.5504,0.091,0.8532,0.002295
12,2.0684,0.0414,4.3435,0.0869,0.849,0.002635
13,6.1447,0.1229,4.4821,0.0896,0.8448,0.002885
14,3.8101,0.4763,4.4341,0.1173,0.8441,0.003093
15,5.42,0.1084,4.4998,0.1167,0.8398,0.0042
16,2.3665,0.0473,4.3665,0.1123,0.8356,0.004629
17,5.795,0.1159,4.4505,0.1125,0.8313,0.004363
18,12.3274,0.2465,4.8881,0.12,0.8271,0.005021
19,3.0661,0.0613,4.7922,0.1169,0.8228,0.006094
20,8.019,0.1604,4.9536,0.1191,0.8186,0.005787
21,4.8992,0.098,4.951,0.1181,0.8143,0.006409
22,9.2332,0.1847,5.1456,0.1211,0.8101,0.007687
23,3.3989,0.068,5.0697,0.1188,0.8058,0.007754
24,2.1419,0.0428,4.9477,0.1156,0.8016,0.008549
25,4.6902,0.0938,4.9374,0.1148,0.7973,0.008419
26,3.8497,0.077,4.8955,0.1133,0.7931,0.008281
27,2.4895,0.0498,4.8064,0.1109,0.7888,0.008497
28,4.8677,0.0974,4.8086,0.1105,0.7846,0.010549
29,3.3108,0.0662,4.757,0.1089,0.7803,0.010976
30,4.1024,0.082,4.7352,0.108,0.7761,0.010466
31,2.3609,0.0472,4.6586,0.1061,0.7718,0.012621
32,2.8172,0.0563,4.601,0.1045,0.7676,0.011619
33,3.8515,0.077,4.5783,0.1037,0.7633,0.013844
34,3.7776,0.0756,4.5548,0.1029,0.7591,0.01456
35,8.0932,0.1619,4.6559,0.1045,0.7548,0.012988
36,4.4404,0.0888,4.6499,0.1041,0.7506,0.014547
37,3.9961,0.0799,4.6322,0.1035,0.7463,0.014381
38,2.1871,0.0437,4.5679,0.1019,0.7421,0.014822
39,5.2135,0.1043,4.5844,0.1019,0.7378,0.017241
40,7.8844,0.1577,4.6669,0.1033,0.7336,0.01603
41,2.1043,0.0421,4.6044,0.1018,0.7293,0.018113
42,6.9532,0.1391,4.6603,0.1027,0.7251,0.018252
43,5.1619,0.1032,4.672,0.1027,0.7208,0.018305
44,2.5087,0.0502,4.6228,0.1015,0.7166,0.021145
45,3.8011,0.076,4.6046,0.101,0.7123,0.019962
46,2.5995,0.052,4.561,0.0999,0.7081,0.021327
47,5.0536,0.1011,4.5715,0.0999,0.7038,0.027967
48,9.1865,0.1837,4.6676,0.1017,0.6996,0.02495
49,3.377,0.0675,4.6413,0.101,0.6953,0.028504
50,7.8687,0.1574,4.7058,0.1021,0.6911,0.027241
51,2.5692,0.0514,4.6639,0.1011,0.6868,0.028392
52,6.6865,0.1337,4.7028,0.1018,0.6826,0.029841
53,3.6506,0.073,4.683,0.1012,0.6783,0.032602
54,3.628,0.0726,4.6634,0.1007,0.6741,0.032458
55,18.4569,0.4102,4.9142,0.1063,0.6702,0.031396
56,5.6506,0.113,4.9274,0.1064,0.666,0.031586
57,5.7315,0.1146,4.9415,0.1066,0.6617,0.035646
58,6.9569,0.1391,4.9762,0.1071,0.6575,0.034758
59,7.244,0.1449,5.0147,0.1078,0.6532,0.034641
60,8.3322,0.1666,5.07,0.1088,0.649,0.039356
61,5.9401,0.1188,5.0842,0.1089,0.6447,0.037084
62,2.5843,0.0517,5.0439,0.108,0.6405,0.04403
63,3.5339,0.0707,5.0199,0.1074,0.6362,0.039249
64,9.2102,0.1842,5.0854,0.1086,0.632,0.048456
65,2.0213,0.0404,5.0383,0.1076,0.6277,0.051292
66,12.9015,0.258,5.1574,0.1098,0.6235,0.048872
67,5.6649,0.1133,5.165,0.1099,0.6192,0.045225
68,8.6448,0.1729,5.2162,0.1108,0.615,0.053646
69,1.8875,0.0377,5.1679,0.1098,0.6107,0.046034
70,16.0,0.32,5.3227,0.1128,0.6065,0.055177
71,2.2863,0.0457,5.2799,0.1118,0.6022,0.06671
72,4.3434,0.0869,5.2669,0.1115,0.598,0.064389
73,4.8804,0.0976,5.2616,0.1113,0.5937,0.054005
74,3.2606,0.0652,5.2346,0.1107,0.5895,0.064355
75,2.8524,0.057,5.2028,0.1099,0.5852,0.066272
76,3.0577,0.0612,5.1746,0.1093,0.581,0.066985
77,2.6656,0.0533,5.142,0.1086,0.5767,0.069846
78,3.2712,0.0654,5.118,0.108,0.5725,0.066942
79,3.8349,0.0767,5.1018,0.1076,0.5682,0.066162
80,3.5089,0.0702,5.0818,0.1072,0.564,0.071659
81,3.7335,0.0747,5.0652,0.1067,0.5597,0.073332
82,3.7463,0.0749,5.0491,0.1064,0.5555,0.079373
83,3.7063,0.0741,5.0329,0.106,0.5512,0.072394
84,7.36,0.1472,5.0606,0.1065,0.547,0.079168
85,7.8581,0.1572,5.0935,0.1071,0.5427,0.080844
86,4.5144,0.0903,5.0868,0.1069,0.5385,0.089477
87,2.7733,0.0555,5.0602,0.1063,0.5342,0.083667
88,4.6017,0.092,5.055,0.1061,0.53,0.074646
89,1.9128,0.0383,5.0197,0.1054,0.5257,0.080509
90,3.9218,0.0784,5.0075,0.1051,0.5215,0.089914
91,6.1402,0.1228,5.02,0.1052,0.5172,0.076596
92,3.1412,0.0628,4.9995,0.1048,0.513,0.105512
93,6.3251,0.1265,5.0138,0.105,0.5087,0.093512
94,2.1891,0.0438,4.9837,0.1044,0.5045,0.092172
95,5.1506,0.103,4.9855,0.1044,0.5002,0.091576
96,17.8819,0.3576,5.1198,0.107,0.496,0.09577
97,7.1827,0.1437,5.1411,0.1074,0.4917,0.093123
98,13.8666,0.2773,5.2301,0.1091,0.4875,0.104159
99,5.4304,0.1086,5.2322,0.1091,0.4832,0.092742
100,3.5294,0.0706,5.2151,0.1087,0.479,0.110539
101,4.9284,0.0986,5.195,0.1083,0.4747,0.108098
102,4.2162,0.0843,5.2058,0.1085,0.4705,0.089602
103,1.9807,0.0396,5.1502,0.1074,0.4662,0.089494
104,9.2187,0.1844,5.1965,0.1083,0.462,0.105806
105,16.057,0.3211,5.3256,0.1109,0.4577,0.125879
106,3.4062,0.0681,5.3358,0.1111,0.4535,0.115351
107,3.063,0.0613,5.3281,0.111,0.4492,0.115975
108,4.4599,0.0892,5.3112,0.1106,0.445,0.116121
109,7.0845,0.1417,5.3052,0.1105,0.4407,0.115796
110,9.6361,0.1927,5.3825,0.1121,0.4365,0.142654
111,4.4714,0.0894,5.3998,0.1124,0.4322,0.126609
112,2.7461,0.0549,5.4066,0.1125,0.428,0.121919
113,7.127,0.1425,5.4164,0.1127,0.4237,0.11742
114,3.7256,0.0745,5.4156,0.1087,0.4195,0.132816
115,3.7232,0.0745,5.3986,0.1084,0.4152,0.125002
116,5.4187,0.1084,5.4291,0.109,0.411,0.139232
117,3.039,0.0608,5.4016,0.1084,0.4067,0.140024
118,8.8038,0.1761,5.3663,0.1077,0.4025,0.121849
119,6.9772,0.1395,5.4054,0.1085,0.3982,0.144051
120,8.0992,0.162,5.4062,0.1085,0.394,0.148582
121,5.5241,0.1105,5.4125,0.1087,0.3897,0.146892
122,6.7277,0.1346,5.3874,0.1082,0.3855,0.132764
123,6.5573,0.1311,5.419,0.1088,0.3812,0.164949
124,4.4775,0.0895,5.4424,0.1093,0.377,0.127044
125,4.5888,0.0918,5.4414,0.1092,0.3727,0.145423
126,3.3051,0.0661,5.4359,0.1091,0.3685,0.171858
127,2.7951,0.0559,5.439,0.1092,0.3642,0.149036
128,3.688,0.0738,5.4272,0.109,0.36,0.137357
129,5.7872,0.1157,5.4519,0.1094,0.3557,0.16459
130,6.3022,0.126,5.4739,0.1099,0.3515,0.178361
131,3.7076,0.0742,5.4874,0.1102,0.3472,0.186232
132,3.8171,0.0763,5.4974,0.1104,0.343,0.176485
133,3.2914,0.0658,5.4918,0.1102,0.3387,0.179198
134,3.1096,0.0622,5.4851,0.1101,0.3345,0.17734
135,1.9246,0.0385,5.4234,0.1089,0.3302,0.165062
136,6.6412,0.1328,5.4454,0.1093,0.326,0.195495
137,4.3432,0.0869,5.4489,0.1094,0.3217,0.165965
138,2.2294,0.0446,5.4493,0.1094,0.3175,0.164394
139,3.4296,0.0686,5.4315,0.109,0.3132,0.184769
140,11.2551,0.2251,5.4652,0.1097,0.309,0.204854
141,6.5626,0.1313,5.5098,0.1106,0.3047,0.161965
142,4.4722,0.0894,5.485,0.1101,0.3005,0.155737
143,7.3756,0.1475,5.5071,0.1106,0.2962,0.203779
144,10.2891,0.2058,5.5849,0.1121,0.292,0.180231
145,3.3486,0.067,5.5804,0.112,0.2877,0.181561
146,7.0866,0.1417,5.6253,0.1129,0.2835,0.215673
147,3.3784,0.0676,5.6085,0.1126,0.2792,0.164717
148,7.3256,0.1465,5.5899,0.1122,0.275,0.20506
149,2.8611,0.0572,5.5847,0.1121,0.2707,0.212775
150,8.1721,0.1634,5.5878,0.1122,0.2665,0.168344
151,10.725,0.2145,5.6693,0.1138,0.2622,0.215036
152,3.6337,0.0727,5.6388,0.1132,0.258,0.192746
153,3.0368,0.0607,5.6327,0.1131,0.2537,0.206933
154,2.3697,0.0474,5.6201,0.1128,0.2495,0.182599
155,4.9606,0.0992,5.4851,0.1097,0.2452,0.187347
156,13.1929,0.2639,5.5605,0.1112,0.241,0.198577
157,3.9358,0.0787,5.5426,0.1109,0.2367,0.189792
158,3.2292,0.0646,5.5053,0.1101,0.2325,0.201975
159,3.5959,0.0719,5.4688,0.1094,0.2282,0.195455
160,3.7646,0.0753,5.4231,0.1085,0.224,0.192818
161,6.9612,0.1392,5.4334,0.1087,0.2197,0.215411
162,12.2296,0.2446,5.5298,0.1106,0.2155,0.211446
163,4.0227,0.0805,5.5347,0.1107,0.2112,0.217912
164,5.0813,0.1016,5.4934,0.1099,0.207,0.201919
165,6.7833,0.1357,5.541,0.1108,0.2027,0.20828
166,15.6886,0.3138,5.5689,0.1114,0.1985,0.198539
167,4.7143,0.0943,5.5594,0.1112,0.1942,0.230457
168,2.4975,0.0499,5.4979,0.11,0.19,0.230481
169,3.03,0.0606,5.5093,0.1102,0.1857,0.228991
170,4.23,0.0846,5.3916,0.1078,0.1815,0.231764
171,3.4443,0.0689,5.4032,0.1081,0.1772,0.218147
172,12.4613,0.2492,5.4844,0.1097,0.173,0.243014
173,5.1167,0.1023,5.4868,0.1097,0.1687,0.233177
174,4.0184,0.0804,5.4943,0.1099,0.1645,0.212703
175,7.2455,0.1449,5.5383,0.1108,0.1602,0.250273
176,13.0572,0.2611,5.6383,0.1128,0.156,0.272359
177,3.1187,0.0624,5.6428,0.1129,0.1517,0.255326
178,3.6075,0.0722,5.6462,0.1129,0.1475,0.192012
179,6.1989,0.124,5.6698,0.1134,0.1432,0.246115
180,5.0334,0.1007,5.6851,0.1137,0.139,0.226438
181,3.7636,0.0753,5.6854,0.1137,0.1347,0.261011
182,11.7583,0.2352,5.7655,0.1153,0.1305,0.247574
183,18.9647,0.3793,5.9181,0.1184,0.1262,0.253968
184,14.3295,0.2866,5.9878,0.1198,0.122,0.225855
185,4.2993,0.086,5.9522,0.119,0.1177,0.273276
186,4.5495,0.091,5.9525,0.1191,0.1135,0.28848
187,3.854,0.0771,5.9633,0.1193,0.1092,0.215222
188,5.1008,0.102,5.9683,0.1194,0.105,0.231839
189,4.7323,0.0946,5.9965,0.1199,0.1007,0.284216
190,3.4298,0.0686,5.9916,0.1198,0.0965,0.228903
191,9.0896,0.1818,6.0211,0.1204,0.0922,0.297155
192,10.1216,0.2024,6.0909,0.1218,0.088,0.266806
193,4.6087,0.0922,6.0737,0.1215,0.0837,0.21444
194,4.8491,0.097,6.1003,0.122,0.0795,0.263171
195,3.9395,0.0788,6.0882,0.1218,0.0752,0.279892
196,6.2403,0.1248,5.9718,0.1194,0.071,0.295806
197,5.6707,0.1134,5.9567,0.1191,0.0667,0.302117
198,15.915,0.3183,5.9772,0.1195,0.0625,0.27535
199,11.9016,0.238,6.0419,0.1208,0.0582,0.292066
200,6.6637,0.1333,6.0732,0.1215,0.054,0.289196
201,33.7791,0.6756,6.3617,0.1272,0.05,0.2872
202,4.1463,0.0829,6.361,0.1272,0.05,0.237024
203,4.6124,0.0922,6.3873,0.1277,0.05,0.298808
204,5.1567,0.1031,6.3467,0.1269,0.05,0.283429
205,3.738,0.0748,6.2235,0.1245,0.05,0.266546
206,3.5874,0.0717,6.2253,0.1245,0.05,0.302478
207,4.1985,0.084,6.2367,0.1247,0.05,0.278402
208,4.8804,0.0976,6.2409,0.1248,0.05,0.294642
209,7.06,0.1412,6.2407,0.1248,0.05,0.321795
210,3.9616,0.0792,6.1839,0.1237,0.05,0.292351
211,2.8793,0.0576,6.168,0.1234,0.05,0.289574
212,14.4788,0.2896,6.2853,0.1257,0.05,0.302706
213,2.7128,0.0543,6.2412,0.1248,0.05,0.30292
214,5.1926,0.1039,6.2558,0.1251,0.05,0.285977
215,5.6181,0.6242,6.2748,0.1306,0.05,0.216616
216,4.0276,0.0806,6.2609,0.1303,0.05,0.296855
217,3.5622,0.0712,6.2661,0.1304,0.05,0.298571
218,40.8367,0.8167,6.5864,0.1368,0.05,0.297766
219,2.7491,0.055,6.5442,0.136,0.05,0.314154
220,5.5836,0.1117,6.519,0.1355,0.05,0.332422
221,11.6358,0.2327,6.5801,0.1367,0.05,0.311529
222,6.4322,0.1286,6.5772,0.1367,0.05,0.307744
223,2.0142,0.0403,6.5317,0.1358,0.05,0.299918
224,4.9478,0.099,6.5364,0.1358,0.05,0.323064
225,4.1336,0.0827,6.5319,0.1358,0.05,0.325108
226,2.8944,0.0579,6.5278,0.1357,0.05,0.352475
227,3.2297,0.0646,6.5321,0.1358,0.05,0.308263
228,4.5881,0.0918,6.5411,0.1359,0.05,0.366787
229,4.0856,0.0817,6.5241,0.1356,0.05,0.329165
230,2.3944,0.0479,6.485,0.1348,0.05,0.330154
231,2.5229,0.0505,6.4732,0.1346,0.05,0.313717
232,3.6154,0.0723,6.4712,0.1345,0.05,0.330371
233,3.2221,0.0644,6.4705,0.1345,0.05,0.302494
234,4.103,0.0821,6.4804,0.1347,0.05,0.325278
235,9.1643,0.1833,6.5528,0.1362,0.05,0.306289
236,4.3097,0.0862,6.5295,0.1357,0.05,0.338658
237,3.4693,0.0694,6.5208,0.1355,0.05,0.367181
238,3.0917,0.0618,6.5294,0.1357,0.05,0.300823
239,6.8345,0.1367,6.5634,0.1364,0.05,0.327738
240,8.0198,0.1604,6.5311,0.1357,0.05,0.365823
241,7.1806,0.1436,6.5373,0.1359,0.05,0.371787
242,3.8136,0.0763,6.5307,0.1357,0.05,0.373694
243,7.6067,0.1521,6.533,0.1358,0.05,0.339863
244,2.4,0.048,6.4541,0.1342,0.05,0.380147
245,2.5121,0.0502,6.4457,0.134,0.05,0.336653
246,2.5364,0.0507,6.4002,0.1331,0.05,0.330924
247,3.0003,0.06,6.3964,0.133,0.05,0.318787
248,5.9402,0.1188,6.3826,0.1328,0.05,0.320866
249,8.5027,0.1701,6.439,0.1339,0.05,0.378088
250,5.4485,0.109,6.4118,0.1334,0.05,0.362171
251,2.1946,0.0439,6.3265,0.1316,0.05,0.367604
252,3.565,0.0713,6.3258,0.1316,0.05,0.477385
253,3.476,0.0695,6.3302,0.1317,0.05,0.38907
254,11.9947,0.2399,6.4264,0.1336,0.05,0.381299
255,3.8371,0.0767,6.4152,0.1334,0.05,0.36218
256,9.8729,0.1975,6.382,0.1328,0.05,0.3316
257,4.5225,0.0905,6.3879,0.1329,0.05,0.331999
258,3.8782,0.0776,6.3943,0.133,0.05,0.303482
259,13.5372,0.2707,6.4938,0.135,0.05,0.404078
260,3.7447,0.0749,6.4936,0.135,0.05,0.36019
261,3.4461,0.0689,6.4584,0.1343,0.05,0.379672
262,10.3179,0.2064,6.4393,0.1339,0.05,0.369072
263,2.6423,0.0528,6.4255,0.1336,0.05,0.39466
264,3.0681,0.0614,6.4054,0.1332,0.05,0.420643
265,3.0058,0.0601,6.3676,0.1325,0.05,0.391998
266,7.4645,0.1493,6.2853,0.1308,0.05,0.422809
267,5.136,0.1027,6.2896,0.1309,0.05,0.435294
268,6.3023,0.126,6.3276,0.1317,0.05,0.351539
269,2.1644,0.0433,6.3189,0.1315,0.05,0.341203
270,2.2505,0.045,6.2992,0.1311,0.05,0.344523
271,3.1573,0.0631,6.2963,0.131,0.05,0.373879
272,2.5502,0.051,6.1972,0.1291,0.05,0.373704
273,2.0094,0.0402,6.1661,0.1284,0.05,0.343948
274,5.0017,0.1,6.1759,0.1286,0.05,0.393498
275,7.285,0.1457,6.1763,0.1286,0.05,0.44914
276,7.1327,0.1427,6.1171,0.1275,0.05,0.419759
277,5.5494,0.111,6.1414,0.1279,0.05,0.422269
278,7.3772,0.1475,6.1791,0.1287,0.05,0.342166
279,3.138,0.0628,6.1485,0.1281,0.05,0.405182
280,3.7242,0.0745,6.1354,0.1278,0.05,0.347188
281,9.38,0.1876,6.1915,0.1289,0.05,0.332583
282,5.6395,0.1128,6.1304,0.1277,0.05,0.382041
283,3.5863,0.0717,5.9766,0.1247,0.05,0.358931
284,4.3968,0.0879,5.8772,0.1227,0.05,0.392276
285,8.1375,0.1628,5.9156,0.1234,0.05,0.401125
286,5.8447,0.1169,5.9286,0.1237,0.05,0.394395
287,5.6625,0.1133,5.9467,0.1241,0.05,0.375564
288,5.4355,0.1087,5.95,0.1241,0.05,0.388239
289,7.4098,0.1482,5.9768,0.1247,0.05,0.326673
290,5.3971,0.1079,5.9965,0.125,0.05,0.356194
291,3.0689,0.0614,5.9363,0.1238,0.05,0.367293
292,5.1485,0.103,5.8865,0.1228,0.05,0.436923
293,1.0591,1.0591,5.851,0.1325,0.05,0.725344
294,4.7488,0.095,5.85,0.1325,0.05,0.404966
295,7.7018,0.154,5.8877,0.1333,0.05,0.404911
296,6.1962,0.1239,5.8872,0.1332,0.05,0.349329
297,2.8862,0.0577,5.8594,0.1327,0.05,0.446251
298,9.097,0.1819,5.7912,0.1313,0.05,0.451737
299,3.129,0.0626,5.7035,0.1296,0.05,0.410054
300,3.6359,0.0727,5.6732,0.129,0.05,0.408825
301,3.762,0.0752,5.373,0.123,0.05,0.454972
302,2.7092,0.0542,5.3586,0.1227,0.05,0.448115
303,5.1675,0.1034,5.3642,0.1228,0.05,0.388392
304,3.1808,0.0636,5.3444,0.1224,0.05,0.458305
305,11.7831,0.2357,5.4249,0.124,0.05,0.43513
306,4.0235,0.0805,5.4292,0.1241,0.05,0.412498
307,9.4404,0.1888,5.4817,0.1251,0.05,0.415394
308,5.2417,0.1048,5.4853,0.1252,0.05,0.399027
309,4.3556,0.0871,5.4582,0.1247,0.05,0.394284
310,38.1695,0.7634,5.8003,0.1315,0.05,0.38006
311,4.007,0.0801,5.8116,0.1317,0.05,0.416981
312,2.5093,0.0502,5.6919,0.1293,0.05,0.375502
313,4.1939,0.0839,5.7067,0.1296,0.05,0.395132
314,3.5027,0.0701,5.6898,0.1293,0.05,0.52731
315,4.2856,0.0857,5.6765,0.1239,0.05,0.467385
316,4.7296,0.0946,5.6835,0.124,0.05,0.415617
317,2.7394,0.0548,5.6753,0.1239,0.05,0.437493
318,4.4552,0.0891,5.3115,0.1166,0.05,0.388476
319,9.3432,0.1869,5.3774,0.1179,0.05,0.342256
320,7.3438,0.1469,5.395,0.1183,0.05,0.350006
321,3.3304,0.0666,5.3119,0.1166,0.05,0.440289
322,3.8286,0.0766,5.2859,0.1161,0.05,0.391822
323,4.7983,0.096,5.3137,0.1167,0.05,0.466707
324,7.9126,0.1583,5.3434,0.1172,0.05,0.432508
325,3.0003,0.06,5.3321,0.117,0.05,0.351013
326,3.8772,0.0775,5.3419,0.1172,0.05,0.453465
327,4.8271,0.0965,5.3579,0.1175,0.05,0.486226
328,3.3696,0.0674,5.3457,0.1173,0.05,0.456435
329,9.2547,0.1851,5.3974,0.1183,0.05,0.408425
330,4.5141,0.0903,5.4186,0.1188,0.05,0.476994
331,5.7019,0.114,5.4504,0.1194,0.05,0.395152
332,4.9009,0.098,5.4632,0.1196,0.05,0.440341
333,4.0632,0.0813,5.4716,0.1198,0.05,0.446589
334,2.0205,0.0404,5.4508,0.1194,0.05,0.431387
335,3.8136,0.0763,5.3973,0.1183,0.05,0.451639
336,5.1604,0.1032,5.4058,0.1185,0.05,0.458583
337,4.6274,0.0925,5.4174,0.1187,0.05,0.417212
338,5.2298,0.1046,5.4388,0.1192,0.05,0.445242
339,2.4395,0.0488,5.3948,0.1183,0.05,0.396787
340,4.7712,0.0954,5.3623,0.1176,0.05,0.465269
341,6.2958,0.1259,5.3535,0.1174,0.05,0.451066
342,3.7574,0.0751,5.3529,0.1174,0.05,0.396495
343,4.2155,0.0843,5.319,0.1168,0.05,0.521232
344,3.9661,0.0793,5.3347,0.1171,0.05,0.374371
345,6.5003,0.13,5.3745,0.1179,0.05,0.501264
346,5.9552,0.1191,5.4087,0.1186,0.05,0.383743
347,2.9889,0.0598,5.4086,0.1186,0.05,0.429838
348,4.6589,0.0932,5.3958,0.1183,0.05,0.365832
349,6.2015,0.124,5.3728,0.1178,0.05,0.512372
350,11.4065,0.2281,5.4324,0.119,0.05,0.452509
351,3.4744,0.0695,5.4452,0.1193,0.05,0.433015
352,3.5544,0.0711,5.4451,0.1193,0.05,0.434685
353,5.1624,0.1032,5.4619,0.1196,0.05,0.431286
354,2.7352,0.0547,5.3693,0.1178,0.05,0.44532
355,5.6874,0.1137,5.3878,0.1181,0.05,0.477032
356,23.6116,0.4722,5.5252,0.1209,0.05,0.497683
357,5.3008,0.106,5.533,0.121,0.05,0.379859
358,4.3865,0.0877,5.5381,0.1211,0.05,0.474149
359,3.8651,0.0773,5.4414,0.1192,0.05,0.42997
360,4.4563,0.0891,5.4485,0.1193,0.05,0.507793
361,2.7267,0.0545,5.4413,0.1192,0.05,0.416265
362,4.6744,0.0935,5.3849,0.1181,0.05,0.475753
363,3.8151,0.0763,5.3966,0.1183,0.05,0.492759
364,3.491,0.0698,5.4008,0.1184,0.05,0.498942
365,4.7668,0.0953,5.4184,0.1187,0.05,0.453058
366,4.7277,0.0946,5.3911,0.1182,0.05,0.486894
367,3.0576,0.0612,5.3703,0.1178,0.05,0.513923
368,8.7888,0.1758,5.3951,0.1183,0.05,0.490428
369,14.3754,0.2875,5.5172,0.1207,0.05,0.48047
370,8.2349,0.1647,5.5771,0.1219,0.05,0.469015
371,2.7687,0.0554,5.5732,0.1218,0.05,0.505254
372,26.2355,0.5247,5.8101,0.1266,0.05,0.462437
373,16.7445,0.3349,5.9574,0.1295,0.05,0.485833
374,3.0856,0.0617,5.9383,0.1291,0.05,0.510171
375,4.1101,0.0822,5.9065,0.1285,0.05,0.414192
376,5.7783,0.1156,5.893,0.1282,0.05,0.444552
377,4.3618,0.0872,5.8811,0.128,0.05,0.447863
378,7.0106,0.1402,5.8774,0.1279,0.05,0.486791
379,3.8595,0.0772,5.8846,0.1281,0.05,0.447192
380,22.5323,0.4506,6.0727,0.1318,0.05,0.465418
381,4.2789,0.0856,6.0217,0.1308,0.05,0.432112
382,3.7547,0.0751,6.0028,0.1304,0.05,0.404378
383,2.7564,0.0551,5.9946,0.1303,0.05,0.47271
384,2.2928,0.0459,5.9735,0.1298,0.05,0.408772
385,4.7143,0.0943,5.9393,0.1292,0.05,0.474362
386,4.2495,0.085,5.9233,0.1288,0.05,0.482067
387,3.4021,0.068,5.9007,0.1284,0.05,0.488263
388,3.583,0.0717,5.8822,0.128,0.05,0.465609
389,37.2112,0.7442,6.1802,0.134,0.05,0.523518
390,7.0973,0.1419,6.1972,0.1343,0.05,0.380248
391,3.0522,0.061,6.197,0.1343,0.05,0.451977
392,2.3151,0.0463,6.1687,0.1338,0.05,0.468964
393,5.978,0.1196,6.2179,0.1244,0.05,0.512712
394,2.7531,0.0551,6.1979,0.124,0.05,0.398385
395,4.9169,0.0983,6.1701,0.1234,0.05,0.462396
396,3.3228,0.0665,6.1414,0.1228,0.05,0.456719
397,5.5925,0.1118,6.1684,0.1234,0.05,0.41932
398,7.3892,0.1478,6.1513,0.123,0.05,0.449357
399,3.6868,0.0737,6.1569,0.1231,0.05,0.49769
400,2.9993,0.06,6.1506,0.123,0.05,0.548432
401,5.08,0.1016,6.1637,0.1233,0.05,0.518059
402,3.2323,0.0646,6.169,0.1234,0.05,0.4468
403,11.3391,0.2268,6.2307,0.1246,0.05,0.480024
404,4.7098,0.0942,6.246,0.1249,0.05,0.427121
405,2.3623,0.0472,6.1518,0.123,0.05,0.485809
406,12.5286,0.2506,6.2368,0.1247,0.05,0.432465
407,7.0525,0.1411,6.2129,0.1243,0.05,0.520238
408,14.6363,0.2927,6.3069,0.1261,0.05,0.458946
409,4.1756,0.0835,6.3051,0.1261,0.05,0.479891
410,5.4189,0.1084,5.9776,0.1196,0.05,0.405305
411,35.1155,0.7023,6.2887,0.1258,0.05,0.436259
412,19.3994,0.388,6.4576,0.1292,0.05,0.470155
413,3.0937,0.0619,6.4466,0.1289,0.05,0.509534
414,4.4465,0.0889,6.456,0.1291,0.05,0.500428
415,5.1022,0.102,6.4642,0.1293,0.05,0.515717
416,10.1933,0.2039,6.5188,0.1304,0.05,0.557204
417,3.9213,0.0784,6.5306,0.1306,0.05,0.549735
418,3.2074,0.0641,6.5181,0.1304,0.05,0.487911
419,3.763,0.0753,6.4623,0.1292,0.05,0.476423
420,3.5764,0.0715,6.4247,0.1285,0.05,0.427643
421,9.324,0.1865,6.4846,0.1297,0.05,0.467304
422,4.7205,0.0944,6.4935,0.1299,0.05,0.521465
423,2.5276,0.0506,6.4708,0.1294,0.05,0.486077
424,2.853,0.0571,6.4202,0.1284,0.05,0.475252
425,5.4071,0.1081,6.4443,0.1289,0.05,0.453245
426,4.5467,0.0909,6.451,0.129,0.05,0.51814
427,5.7342,0.1147,6.4601,0.1292,0.05,0.523018
428,3.9049,0.0781,6.4654,0.1293,0.05,0.381291
429,2.9775,0.0595,6.4026,0.1281,0.05,0.473876
430,3.283,0.0657,6.3903,0.1278,0.05,0.555637
431,4.259,0.0852,6.3759,0.1275,0.05,0.54734
432,6.0102,0.1202,6.387,0.1277,0.05,0.516111
433,2.953,0.0591,6.3759,0.1275,0.05,0.514372
434,2.9909,0.0598,6.3856,0.1277,0.05,0.535947
435,7.5578,0.1512,6.423,0.1285,0.05,0.587237
436,4.9786,0.0996,6.4212,0.1284,0.05,0.547169
437,3.6948,0.0739,6.4119,0.1282,0.05,0.496345
438,4.843,0.0969,6.408,0.1282,0.05,0.453177
439,5.9556,0.1191,6.4432,0.1289,0.05,0.432616
440,9.2147,0.1843,6.4876,0.1298,0.05,0.59269
441,15.598,0.312,6.5806,0.1316,0.05,0.492569
442,4.4896,0.0898,6.588,0.1318,0.05,0.545888
443,3.9872,0.0797,6.5857,0.1317,0.05,0.463397
444,4.5612,0.0912,6.5916,0.1318,0.05,0.552225
445,9.2999,0.186,6.6196,0.1324,0.05,0.51172
446,7.6526,0.1531,6.6366,0.1327,0.05,0.45474
447,9.9869,0.1997,6.7066,0.1341,0.05,0.549514
448,3.2847,0.0657,6.6928,0.1339,0.05,0.509525
449,22.4268,0.4485,6.8551,0.1371,0.05,0.588858
450,4.7898,0.0958,6.7889,0.1358,0.05,0.48137
451,5.9866,0.1197,6.814,0.1363,0.05,0.614006
452,8.0178,0.1604,6.8587,0.1372,0.05,0.498737
453,3.5916,0.0718,6.843,0.1369,0.05,0.545721
454,3.0066,0.0601,6.8457,0.1369,0.05,0.516787
455,3.6871,0.0737,6.8257,0.1365,0.05,0.48894
456,1.6007,0.032,6.6056,0.1321,0.05,0.522231
457,4.4536,0.0891,6.5971,0.1319,0.05,0.475356
458,2.916,0.0583,6.5824,0.1316,0.05,0.530314
459,2.6373,0.0527,6.5701,0.1314,0.05,0.56784
460,4.4401,0.0888,6.57,0.1314,0.05,0.553593
461,5.7225,0.1145,6.5999,0.132,0.05,0.570348
462,26.6467,0.5329,6.8196,0.1364,0.05,0.529882
463,6.9941,0.1399,6.8514,0.137,0.05,0.464888
464,5.6423,0.1128,6.8729,0.1375,0.05,0.578374
465,4.7499,0.095,6.8728,0.1375,0.05,0.558989
466,4.4291,0.0886,6.8698,0.1374,0.05,0.468113
467,4.4938,0.0899,6.8841,0.1377,0.05,0.57506
468,2.3172,0.0463,6.8194,0.1364,0.05,0.635931
469,13.3035,0.2661,6.8087,0.1362,0.05,0.536472
470,3.252,0.065,6.7589,0.1352,0.05,0.519424
471,3.818,0.0764,6.7694,0.1354,0.05,0.577376
472,6.2444,0.1249,6.5695,0.1314,0.05,0.602857
473,3.3146,0.0663,6.4352,0.1287,0.05,0.531666
474,1.9572,0.0391,6.4239,0.1285,0.05,0.594221
475,3.9175,0.0784,6.422,0.1284,0.05,0.660115
476,6.3933,0.1279,6.4281,0.1286,0.05,0.538579
477,5.4685,0.1094,6.4392,0.1288,0.05,0.580759
478,5.2816,0.1056,6.4219,0.1284,0.05,0.53376
479,5.017,0.1003,6.4335,0.1287,0.05,0.552747
480,3.1623,0.0632,6.2398,0.1248,0.05,0.499492
481,4.1441,0.0829,6.2384,0.1248,0.05,0.531165
482,3.4768,0.0695,6.2356,0.1247,0.05,0.552958
483,4.5094,0.0902,6.2532,0.1251,0.05,0.522141
484,2.6969,0.0539,6.2572,0.1251,0.05,0.500501
485,3.2186,0.0644,6.2422,0.1248,0.05,0.480889
486,5.7576,0.1152,6.2573,0.1251,0.05,0.581793
487,12.4832,0.2497,6.3481,0.127,0.05,0.572461
488,5.486,0.1097,6.3672,0.1273,0.05,0.550341
489,3.7695,0.0754,6.0327,0.1207,0.05,0.585746
490,4.8882,0.0978,6.0107,0.1202,0.05,0.504414
491,2.9938,0.0599,6.0101,0.1202,0.05,0.641391
492,5.219,0.1044,6.0391,0.1208,0.05,0.480511
493,4.1414,0.0828,6.0207,0.1204,0.05,0.469114
494,8.2005,0.164,6.0752,0.1215,0.05,0.573314
495,7.3468,0.1469,6.0995,0.122,0.05,0.588466
496,4.6211,0.0924,6.1125,0.1223,0.05,0.533078
497,5.7761,0.1155,6.1143,0.1223,0.05,0.557766
498,6.8358,0.1367,6.1088,0.1222,0.05,0.566812
499,2.0691,0.0414,6.0926,0.1219,0.05,0.480605
500,8.8477,0.177,6.1511,0.123,0.05,0.545512
501,3.3194,0.0664,6.1335,0.1227,0.05,0.461867
502,6.0269,0.1205,6.1615,0.1232,0.05,0.490365
503,6.4985,0.13,6.113,0.1223,0.05,0.501367
504,8.1523,0.163,6.1475,0.1229,0.05,0.472102
505,6.119,0.1224,6.185,0.1237,0.05,0.581019
506,2.8555,0.0571,6.0883,0.1218,0.05,0.517277
507,3.7496,0.075,6.0553,0.1211,0.05,0.508845
508,4.5705,0.0914,5.9546,0.1191,0.05,0.581967
509,13.7709,0.2754,6.0506,0.121,0.05,0.563389
510,5.0954,0.1019,6.0473,0.1209,0.05,0.524682
511,4.8783,0.0976,5.745,0.1149,0.05,0.542884
512,4.0791,0.0816,5.5918,0.1118,0.05,0.595627
513,4.7675,0.0953,5.6085,0.1122,0.05,0.476141
514,4.5345,0.0907,5.6094,0.1122,0.05,0.473812
515,4.8778,0.0976,5.6071,0.1121,0.05,0.586956
516,3.6381,0.0728,5.5416,0.1108,0.05,0.573439
517,5.557,0.1111,5.5579,0.1112,0.05,0.517665
518,3.3473,0.0669,5.5593,0.1112,0.05,0.479835
519,23.8642,0.4773,5.7604,0.1152,0.05,0.462786
520,5.8859,0.1177,5.7834,0.1157,0.05,0.557108
521,5.7962,0.1159,5.7482,0.115,0.05,0.539432
522,26.2765,0.5255,5.9637,0.1193,0.05,0.541137
523,2.9488,0.059,5.9679,0.1194,0.05,0.593082
524,3.7579,0.0752,5.977,0.1195,0.05,0.480854
525,6.3218,0.1264,5.9861,0.1197,0.05,0.55062
526,3.9012,0.078,5.9797,0.1196,0.05,0.582083
527,5.2477,0.105,5.9748,0.1195,0.05,0.48883
528,3.3114,0.0662,5.9689,0.1194,0.05,0.644935
529,2.1314,0.0426,5.9604,0.1192,0.05,0.622864
530,4.9238,0.0985,5.9768,0.1195,0.05,0.457291
531,8.549,0.171,6.0197,0.1204,0.05,0.515463
532,4.3099,0.0862,6.0027,0.1201,0.05,0.555279
533,2.0559,0.0411,5.9938,0.1199,0.05,0.552876
534,14.773,0.2955,6.1116,0.1222,0.05,0.515755
535,6.0307,0.1206,6.0963,0.1219,0.05,0.635596
536,19.1387,0.3828,6.2379,0.1248,0.05,0.479515
537,4.0138,0.0803,6.2411,0.1248,0.05,0.561747
538,2.9916,0.0598,6.2226,0.1245,0.05,0.609641
539,3.5396,0.0708,6.1984,0.124,0.05,0.533504
540,5.5487,0.111,6.1618,0.1232,0.05,0.584476
541,5.3238,0.1065,6.059,0.1212,0.05,0.564838
542,5.4538,0.1091,6.0687,0.1214,0.05,0.542961
543,6.5009,0.13,6.0938,0.1219,0.05,0.560342
544,6.1142,0.1223,6.1093,0.1222,0.05,0.592333
545,2.8187,0.0564,6.0445,0.1209,0.05,0.40825
546,15.1129,0.3023,6.1191,0.1224,0.05,0.564401
547,4.4967,0.0899,6.0642,0.1213,0.05,0.613109
548,7.1048,0.1421,6.1024,0.122,0.05,0.411225
549,3.8475,0.0769,5.9166,0.1183,0.05,0.566962
550,6.2671,0.1253,5.9314,0.1186,0.05,0.541563
551,5.8744,0.1175,5.9303,0.1186,0.05,0.566301
552,4.3372,0.0867,5.8935,0.1179,0.05,0.633728
553,3.5721,0.0714,5.8933,0.1179,0.05,0.5576
554,4.966,0.0993,5.9129,0.1183,0.05,0.535692
555,9.8034,0.1961,5.974,0.1195,0.05,0.488993
556,3.5063,0.0701,5.9931,0.1199,0.05,0.582326
557,6.6382,0.1328,6.0149,0.1203,0.05,0.58573
558,13.5629,0.2713,6.1214,0.1224,0.05,0.476905
559,3.729,0.0746,6.1323,0.1226,0.05,0.635077
560,4.2138,0.0843,6.1301,0.1226,0.05,0.614112
561,5.0384,0.1008,6.1232,0.1225,0.05,0.471775
562,10.6347,0.2127,5.9631,0.1193,0.05,0.605778
563,4.8396,0.0968,5.9416,0.1188,0.05,0.538069
564,3.4161,0.0683,5.9193,0.1184,0.05,0.620271
565,23.8596,0.4772,6.1104,0.1222,0.05,0.666492
566,5.4166,0.1083,6.1203,0.1224,0.05,0.556409
567,5.4173,0.1083,6.1295,0.1226,0.05,0.530826
568,6.6686,0.1334,6.173,0.1235,0.05,0.629156
569,11.118,0.2224,6.1512,0.123,0.05,0.494234
570,9.2205,0.1844,6.2108,0.1242,0.05,0.578514
571,6.8744,0.1375,6.2414,0.1248,0.05,0.560277
572,6.7456,0.1349,6.2464,0.1249,0.05,0.67571
573,6.5905,0.1318,6.2792,0.1256,0.05,0.575144
574,5.7981,0.116,6.3176,0.1264,0.05,0.613526
575,2.929,0.0586,6.3077,0.1262,0.05,0.595603
576,3.2924,0.0658,6.2767,0.1255,0.05,0.45212
577,4.7574,0.0951,6.2696,0.1254,0.05,0.639278
578,15.2514,0.305,6.3693,0.1274,0.05,0.466067
579,6.8967,0.1379,6.3881,0.1278,0.05,0.604977
580,14.3261,0.2865,6.4997,0.13,0.05,0.537224
581,6.5454,0.1309,6.5237,0.1305,0.05,0.534775
582,8.9541,0.1791,6.5785,0.1316,0.05,0.504551
583,5.2717,0.1054,6.5861,0.1317,0.05,0.498738
584,3.7509,0.075,6.5967,0.1319,0.05,0.530417
585,2.6717,0.0534,6.5912,0.1318,0.05,0.449396
586,9.6805,0.1936,6.6304,0.1326,0.05,0.644103
587,12.5258,0.2505,6.6309,0.1326,0.05,0.627082
588,4.3807,0.0876,6.6198,0.1324,0.05,0.535484
589,3.9525,0.079,6.6216,0.1324,0.05,0.604995
590,5.2293,0.1046,6.625,0.1325,0.05,0.587152
591,5.0219,0.1004,6.6453,0.1329,0.05,0.568458
592,23.5162,0.4703,6.8283,0.1366,0.05,0.605694
593,3.3243,0.0665,6.8201,0.1364,0.05,0.519975
594,29.742,0.5948,7.0355,0.1407,0.05,0.456652
595,6.0235,0.1205,7.0223,0.1404,0.05,0.513363
596,10.5952,0.2119,7.082,0.1416,0.05,0.500095
597,4.6605,0.0932,7.0709,0.1414,0.05,0.582695
598,11.6155,0.2323,7.1187,0.1424,0.05,0.574214
599,5.7535,0.1151,7.1555,0.1431,0.05,0.551598
600,6.8549,0.1371,7.1356,0.1427,0.05,0.52615
601,7.1109,0.1422,7.1735,0.1435,0.05,0.565613
602,4.6407,0.0928,7.1597,0.1432,0.05,0.533001
603,5.3566,0.1071,7.1482,0.143,0.05,0.544645
604,6.2148,0.1243,7.1289,0.1426,0.05,0.473651
605,3.3039,0.0661,7.1007,0.142,0.05,0.631615
606,3.6517,0.073,7.1087,0.1422,0.05,0.669292
607,6.2856,0.1257,7.134,0.1427,0.05,0.593861
608,7.5848,0.1517,7.1642,0.1433,0.05,0.478569
609,13.2355,0.2647,7.1588,0.1432,0.05,0.577225
610,4.3945,0.0879,7.1518,0.143,0.05,0.534881
611,5.3781,0.1076,7.1568,0.1431,0.05,0.583876
612,5.5189,0.1104,7.1712,0.1434,0.05,0.59241
613,4.9601,0.0992,7.1731,0.1435,0.05,0.562223
614,4.5371,0.0907,7.1732,0.1435,0.05,0.666828
615,4.7827,0.0957,7.1722,0.1434,0.05,0.57071
616,2.5639,0.0513,7.1615,0.1432,0.05,0.589891
617,5.4118,0.1082,7.16,0.1432,0.05,0.583695
618,6.0613,0.1212,7.1872,0.1437,0.05,0.613495
619,4.3318,0.0866,6.9918,0.1398,0.05,0.540043
620,4.9958,0.0999,6.9829,0.1397,0.05,0.581581
621,4.6309,0.0926,6.9713,0.1394,0.05,0.611383
622,16.3673,0.3273,6.8722,0.1374,0.05,0.616615
623,4.4026,0.0881,6.8867,0.1377,0.05,0.545435
624,3.874,0.0775,6.8879,0.1378,0.05,0.590869
625,4.921,0.0984,6.8739,0.1375,0.05,0.557321
626,2.7668,0.0553,6.8625,0.1373,0.05,0.564461
627,6.569,0.1314,6.8757,0.1375,0.05,0.661223
628,6.2013,0.124,6.9046,0.1381,0.05,0.549761
629,4.6004,0.092,6.9293,0.1386,0.05,0.713355
630,6.4373,0.1287,6.9445,0.1389,0.05,0.481973
631,4.6565,0.0931,6.9055,0.1381,0.05,0.586293
632,7.0028,0.1401,6.9325,0.1386,0.05,0.608504
633,3.8147,0.0763,6.9501,0.139,0.05,0.612407
634,4.4772,0.0895,6.8471,0.1369,0.05,0.518899
635,4.5134,0.0903,6.8319,0.1366,0.05,0.580703
636,5.2238,0.1045,6.6928,0.1339,0.05,0.583054
637,4.6362,0.0927,6.699,0.134,0.05,0.504127
638,2.3813,0.0476,6.6929,0.1339,0.05,0.506087
639,4.2823,0.0856,6.7003,0.134,0.05,0.646085
640,2.4858,0.0497,6.6697,0.1334,0.05,0.582892
641,3.5234,0.0705,6.6517,0.133,0.05,0.641067
642,5.6944,0.1139,6.6541,0.1331,0.05,0.584143
643,4.4683,0.0894,6.6338,0.1327,0.05,0.605527
644,4.3106,0.0862,6.6157,0.1323,0.05,0.627613
645,3.0429,0.0609,6.618,0.1324,0.05,0.554046
646,5.1248,0.1025,6.5181,0.1304,0.05,0.632055
647,4.3932,0.0879,6.5171,0.1303,0.05,0.550556
648,6.8801,0.1376,6.5148,0.1303,0.05,0.477003
649,4.5392,0.0908,6.5217,0.1304,0.05,0.57811
650,4.7166,0.0943,6.5062,0.1301,0.05,0.601776
651,9.6343,0.1927,6.5438,0.1309,0.05,0.525136
652,5.3264,0.1065,6.5537,0.1311,0.05,0.545952
653,4.5024,0.09,6.563,0.1313,0.05,0.638396
654,5.0647,0.1013,6.564,0.1313,0.05,0.621289
655,4.7112,0.0942,6.5131,0.1303,0.05,0.674738
656,7.0786,0.1416,6.5488,0.131,0.05,0.593956
657,5.2423,0.1048,6.5349,0.1307,0.05,0.579454
658,3.1226,0.0625,6.4305,0.1286,0.05,0.555665
659,6.6257,0.1325,6.4594,0.1292,0.05,0.571762
660,4.5278,0.0906,6.4626,0.1293,0.05,0.656746
661,5.2004,0.104,6.4642,0.1293,0.05,0.692114
662,43.2372,0.8647,6.7902,0.1358,0.05,0.572812
663,5.32,0.1064,6.795,0.1359,0.05,0.617374
664,10.4711,0.2094,6.8656,0.1373,0.05,0.494912
665,4.7487,0.095,6.6745,0.1335,0.05,0.72653
666,4.8913,0.0978,6.6692,0.1334,0.05,0.516799
667,7.2166,0.1443,6.6872,0.1337,0.05,0.640793
668,14.321,0.2864,6.7637,0.1353,0.05,0.667116
669,4.9742,0.0995,6.7023,0.134,0.05,0.605521
670,4.7494,0.095,6.6576,0.1332,0.05,0.603179
671,8.4054,0.1681,6.6729,0.1335,0.05,0.638063
672,8.0857,0.1617,6.6863,0.1337,0.05,0.463776
673,4.0032,0.0801,6.6604,0.1332,0.05,0.584751
674,5.0729,0.1015,6.6532,0.1331,0.05,0.668292
675,5.5859,0.1117,6.6797,0.1336,0.05,0.586047
676,7.3694,0.1474,6.7205,0.1344,0.05,0.642171
677,4.8967,0.0979,6.7219,0.1344,0.05,0.576328
678,4.7417,0.0948,6.6168,0.1323,0.05,0.685343
679,3.6186,0.0724,6.584,0.1317,0.05,0.549773
680,3.493,0.0699,6.4757,0.1295,0.05,0.575141
681,5.8843,0.1177,6.4691,0.1294,0.05,0.625304
682,6.649,0.133,6.446,0.1289,0.05,0.636854
683,4.1265,0.0825,6.4346,0.1287,0.05,0.617383
684,7.3422,0.1468,6.4705,0.1294,0.05,0.605837
685,4.8697,0.0974,6.4925,0.1298,0.05,0.6334
686,3.3094,0.0662,6.4287,0.1286,0.05,0.641059
687,3.8625,0.0773,6.3421,0.1268,0.05,0.571134
688,5.537,0.1107,6.3537,0.1271,0.05,0.467566
689,15.0262,0.3005,6.4644,0.1293,0.05,0.630257
690,4.4693,0.0894,6.4568,0.1291,0.05,0.759842
691,12.9967,0.2599,6.5366,0.1307,0.05,0.501767
692,3.7782,0.0756,6.3392,0.1268,0.05,0.616607
693,8.1951,0.1639,6.3879,0.1278,0.05,0.747323
694,5.0864,0.1017,6.1413,0.1228,0.05,0.672192
695,5.1928,0.1039,6.133,0.1227,0.05,0.633123
696,4.3723,0.0874,6.0708,0.1214,0.05,0.754144
697,4.7545,0.0951,6.0717,0.1214,0.05,0.61183
698,6.0794,0.1216,6.0164,0.1203,0.05,0.74913
699,5.8367,0.1167,6.0172,0.1203,0.05,0.592337
700,8.9863,0.1797,6.0385,0.1208,0.05,0.661925
701,6.5224,0.1304,6.0326,0.1207,0.05,0.531035
702,3.7601,0.0752,6.0238,0.1205,0.05,0.717569
703,5.6955,0.1139,6.0272,0.1205,0.05,0.598578
704,4.2819,0.0856,6.0079,0.1202,0.05,0.606329
705,3.76,0.0752,6.0125,0.1202,0.05,0.712612
706,2.3989,0.048,5.9999,0.12,0.05,0.619254
707,3.6959,0.0739,5.974,0.1195,0.05,0.609916
708,8.1776,0.1636,5.98,0.1196,0.05,0.661393
709,3.7413,0.0748,5.885,0.1177,0.05,0.581431
710,30.7944,0.6159,6.149,0.123,0.05,0.522753
711,3.7544,0.0751,6.1328,0.1227,0.05,0.632909
712,6.2693,0.1254,6.1403,0.1228,0.05,0.688109
713,4.6325,0.0926,6.137,0.1227,0.05,0.724652
714,15.0888,0.3018,6.2425,0.1249,0.05,0.604987
715,6.2188,0.1244,6.2569,0.1251,0.05,0.62247
716,6.091,0.1218,6.2921,0.1258,0.05,0.617813
717,16.4672,0.3293,6.4027,0.1281,0.05,0.735274
718,3.4367,0.0687,6.3765,0.1275,0.05,0.638651
719,4.0792,0.0816,6.3739,0.1275,0.05,0.672597
720,5.7743,0.1155,6.3817,0.1276,0.05,0.585403
721,2.4167,0.0483,6.3596,0.1272,0.05,0.667691
722,5.2676,0.1054,6.2486,0.125,0.05,0.633022
723,8.1335,0.1627,6.2859,0.1257,0.05,0.711692
724,3.9835,0.0797,6.287,0.1257,0.05,0.764245
725,4.9615,0.0992,6.2874,0.1257,0.05,0.617962
726,4.5117,0.0902,6.3048,0.1261,0.05,0.704659
727,3.473,0.0695,6.2739,0.1255,0.05,0.536742
728,9.5693,0.1914,6.3076,0.1262,0.05,0.659904
729,3.6575,0.0732,6.2981,0.126,0.05,0.644148
730,7.1109,0.1422,6.3049,0.1261,0.05,0.682138
731,4.8715,0.0974,6.307,0.1261,0.05,0.56942
732,9.73,0.1946,6.3343,0.1267,0.05,0.640484
733,4.2078,0.0842,6.3382,0.1268,0.05,0.751625
734,6.3247,0.1265,6.3567,0.1271,0.05,0.631151
735,4.9417,0.0988,6.361,0.1272,0.05,0.562847
736,3.6941,0.0739,6.3457,0.1269,0.05,0.632759
737,4.537,0.0907,6.3447,0.1269,0.05,0.640416
738,5.3032,0.1061,6.3739,0.1275,0.05,0.685826
739,4.969,0.0994,6.3808,0.1276,0.05,0.671875
740,4.635,0.0927,6.4023,0.128,0.05,0.634769
741,3.1442,0.0629,6.3985,0.128,0.05,0.601131
742,26.3646,0.5273,6.6052,0.1321,0.05,0.515201
743,3.5162,0.0703,6.5957,0.1319,0.05,0.586154
744,4.1439,0.0829,6.594,0.1319,0.05,0.651319
745,4.1154,0.0823,6.6047,0.1321,0.05,0.540115
746,3.3701,0.0674,6.5872,0.1317,0.05,0.775656
747,6.155,0.1231,6.6048,0.1321,0.05,0.627533
748,5.4684,0.1094,6.5907,0.1318,0.05,0.610641
749,5.8405,0.1168,6.6037,0.1321,0.05,0.694399
750,5.7111,0.1142,6.6136,0.1323,0.05,0.676668
751,23.0975,0.4619,6.7483,0.135,0.05,0.514628
752,12.1092,0.2422,6.8161,0.1363,0.05,0.635554
753,3.7759,0.0755,6.8088,0.1362,0.05,0.619505
754,4.9405,0.0988,6.8076,0.1362,0.05,0.565505
755,5.3733,0.1075,6.8142,0.1363,0.05,0.669647
756,7.0569,0.1411,6.814,0.1363,0.05,0.607932
757,7.721,0.1544,6.8388,0.1368,0.05,0.726515
758,3.6609,0.0732,6.8441,0.1369,0.05,0.687627
759,5.6288,0.1126,6.8342,0.1367,0.05,0.753148
760,8.5742,0.1715,6.8746,0.1375,0.05,0.694691
761,6.0507,0.121,6.8831,0.1377,0.05,0.730633
762,3.6489,0.073,6.4873,0.1297,0.05,0.583708
763,43.6685,0.8734,6.8707,0.1374,0.05,0.772163
764,4.2306,0.0846,6.8083,0.1362,0.05,0.586936
765,5.159,0.1032,6.8124,0.1362,0.05,0.700512
766,4.7418,0.0948,6.811,0.1362,0.05,0.638798
767,3.2893,0.0658,6.7717,0.1354,0.05,0.655541
768,3.9042,0.0781,6.6675,0.1334,0.05,0.723243
769,5.5859,0.1117,6.6736,0.1335,0.05,0.728341
770,3.7478,0.075,6.6636,0.1333,0.05,0.628396
771,3.8032,0.0761,6.6176,0.1324,0.05,0.69794
772,4.9747,0.0995,6.5865,0.1317,0.05,0.6214
773,4.9461,0.0989,6.5959,0.1319,0.05,0.762336
774,5.5335,0.1107,6.6005,0.132,0.05,0.616116
775,16.2387,0.706,6.707,0.138,0.05,0.690674
776,24.9903,0.4998,6.8833,0.1415,0.05,0.634759
777,14.2331,0.2847,6.9766,0.1433,0.05,0.808575
778,4.8737,0.0975,6.9779,0.1434,0.05,0.688873
779,5.5787,0.1116,6.9975,0.1438,0.05,0.623925
780,7.2727,0.1455,7.0353,0.1445,0.05,0.728463
781,5.8384,0.1168,7.0349,0.1445,0.05,0.615367
782,4.8935,0.0979,7.0173,0.1442,0.05,0.656993
783,6.595,0.1319,7.042,0.1447,0.05,0.708395
784,6.6575,0.1332,7.0352,0.1445,0.05,0.68118
785,4.5273,0.0905,7.0317,0.1444,0.05,0.628154
786,5.6316,0.1126,7.055,0.1449,0.05,0.758931
787,4.6012,0.092,7.0623,0.1451,0.05,0.543975
788,4.1633,0.0833,7.0486,0.1448,0.05,0.758918
789,6.3086,0.1262,6.9614,0.143,0.05,0.63135
790,4.1197,0.0824,6.9579,0.143,0.05,0.598596
791,4.4557,0.0891,6.8725,0.1413,0.05,0.743354
792,6.0404,0.1208,6.8951,0.1417,0.05,0.693171
793,7.4401,0.1488,6.8876,0.1416,0.05,0.62381
794,5.7997,0.116,6.8947,0.1417,0.05,0.68108
795,14.9772,0.2995,6.9926,0.1437,0.05,0.694085
796,4.3002,0.086,6.9918,0.1436,0.05,0.620634
797,5.7279,0.1146,7.0016,0.1438,0.05,0.684014
798,3.9348,0.0787,6.9801,0.1434,0.05,0.67581
799,5.8668,0.1173,6.9804,0.1434,0.05,0.671811
800,16.4624,0.3292,7.0552,0.1449,0.05,0.631519
801,13.9666,0.2793,7.1296,0.1464,0.05,0.66616
802,4.582,0.0916,7.1379,0.1466,0.05,0.696625
803,5.3203,0.1064,7.1341,0.1465,0.05,0.580688
804,8.8175,0.1763,7.1795,0.1474,0.05,0.696888
805,5.0733,0.1015,7.1926,0.1477,0.05,0.657666
806,3.4848,0.0697,7.2035,0.1479,0.05,0.62345
807,4.1798,0.0836,7.2083,0.148,0.05,0.65832
808,5.4255,0.1085,7.1808,0.1474,0.05,0.64751
809,6.924,0.1385,7.2126,0.1481,0.05,0.594852
810,8.2653,0.1653,6.9873,0.1436,0.05,0.720325
811,13.0032,0.2601,7.0798,0.1454,0.05,0.720716
812,3.8373,0.0767,7.0555,0.1449,0.05,0.637211
813,4.7607,0.0952,7.0568,0.1449,0.05,0.761656
814,4.9837,0.0997,6.9557,0.1429,0.05,0.667545
815,4.8544,0.0971,6.9421,0.1427,0.05,0.702355
816,6.2502,0.125,6.9437,0.1427,0.05,0.635656
817,5.4917,0.1098,6.8339,0.1405,0.05,0.638796
818,9.6065,0.1921,6.8956,0.1417,0.05,0.666215
819,9.1238,0.1825,6.946,0.1427,0.05,0.640886
820,8.095,0.1619,6.9693,0.1432,0.05,0.652005
821,4.5358,0.0907,6.9904,0.1436,0.05,0.704655
822,4.1812,0.0836,6.9796,0.1434,0.05,0.688932
823,5.6297,0.1126,6.9545,0.1429,0.05,0.670702
824,7.5691,0.1514,6.9904,0.1436,0.05,0.628559
825,4.7489,0.095,6.9883,0.1436,0.05,0.679491
826,13.107,0.2621,7.0742,0.1453,0.05,0.702212
827,14.6856,0.2937,7.1864,0.1475,0.05,0.664585
828,20.0551,0.4011,7.2912,0.1496,0.05,0.669872
829,7.7791,0.1556,7.3324,0.1505,0.05,0.531626
830,3.9906,0.0798,7.3012,0.1498,0.05,0.619699
831,15.9246,0.3185,7.4118,0.152,0.05,0.771527
832,5.2379,0.1048,7.3668,0.1511,0.05,0.608255
833,4.1101,0.0822,7.3659,0.1511,0.05,0.668716
834,3.3925,0.0678,7.3365,0.1505,0.05,0.735695
835,4.7974,0.0959,7.3351,0.1505,0.05,0.69793
836,5.7432,0.1149,7.3556,0.1509,0.05,0.650098
837,3.9618,0.0792,7.3498,0.1508,0.05,0.699338
838,4.9548,0.0991,7.3463,0.1507,0.05,0.580544
839,13.9798,0.2796,7.4364,0.1525,0.05,0.731101
840,5.4591,0.1092,7.4447,0.1527,0.05,0.662922
841,18.5086,0.3702,7.5983,0.1558,0.05,0.620439
842,4.5465,0.0909,7.3802,0.1514,0.05,0.733912
843,3.8889,0.0778,7.3839,0.1515,0.05,0.656619
844,4.7133,0.0943,7.3896,0.1516,0.05,0.754036
845,7.7548,0.1551,7.426,0.1523,0.05,0.662369
846,11.8641,0.2373,7.5109,0.154,0.05,0.683838
847,4.7519,0.095,7.4969,0.1538,0.05,0.592085
848,7.3122,0.1462,7.5153,0.1541,0.05,0.661369
849,7.3469,0.1469,7.5304,0.1544,0.05,0.66186
850,6.9755,0.1395,7.543,0.1547,0.05,0.693267
851,4.9577,0.0992,7.3616,0.151,0.05,0.623963
852,5.6529,0.1131,7.2971,0.1498,0.05,0.764426
853,6.9,0.138,7.3283,0.1504,0.05,0.678467
854,4.1243,0.0825,7.3201,0.1502,0.05,0.506944
855,4.068,0.0814,7.3071,0.15,0.05,0.583291
856,7.3896,0.1478,7.3104,0.15,0.05,0.668114
857,6.3838,0.1277,7.297,0.1498,0.05,0.679514
858,3.843,0.0769,7.2989,0.1498,0.05,0.617238
859,5.4789,0.1096,7.2974,0.1498,0.05,0.607246
860,21.2486,0.425,7.4241,0.1523,0.05,0.642081
861,3.9884,0.0798,7.4035,0.1519,0.05,0.725923
862,4.4942,0.0899,7.4119,0.1521,0.05,0.641023
863,7.9546,0.1591,7.0548,0.1449,0.05,0.644112
864,5.1894,0.1038,7.0644,0.1451,0.05,0.645336
865,23.3602,0.4672,7.2464,0.1487,0.05,0.747222
866,11.1548,0.2231,7.3105,0.15,0.05,0.693068
867,4.119,0.0824,7.3188,0.1502,0.05,0.667382
868,6.7967,0.1359,7.3478,0.1508,0.05,0.683013
869,6.2223,0.1244,7.3541,0.1509,0.05,0.625159
870,3.5529,0.0711,7.3522,0.1509,0.05,0.551325
871,8.0582,0.1612,7.3947,0.1517,0.05,0.696699
872,6.945,0.1389,7.4144,0.1521,0.05,0.723473
873,16.382,0.3276,7.5288,0.1544,0.05,0.695559
874,15.8536,0.3171,7.632,0.1565,0.05,0.558052
875,11.3837,0.2277,7.5834,0.1517,0.05,0.682152
876,4.9331,0.0987,7.3829,0.1477,0.05,0.798313
877,6.8761,0.1375,7.3093,0.1462,0.05,0.654874
878,4.8004,0.096,7.3086,0.1462,0.05,0.779426
879,3.4495,0.069,7.2873,0.1457,0.05,0.731824
880,22.6812,0.4536,7.4413,0.1488,0.05,0.704678
881,6.647,0.1329,7.4494,0.149,0.05,0.589702
882,5.0923,0.1018,7.4514,0.149,0.05,0.678836
883,3.5153,0.0703,7.4206,0.1484,0.05,0.737764
884,1.0697,1.0697,7.3647,0.1578,0.05,0.834966
885,8.395,0.1679,7.4034,0.1586,0.05,0.695734
886,4.8091,0.0962,7.3952,0.1584,0.05,0.678819
887,6.8429,0.1369,7.4176,0.1588,0.05,0.668156
888,4.5098,0.0902,7.4211,0.1589,0.05,0.790447
889,6.7399,0.1348,7.4254,0.159,0.05,0.684388
890,7.8412,0.1568,7.4626,0.1597,0.05,0.607871
891,5.4205,0.1084,7.4723,0.1599,0.05,0.796002
892,5.0024,0.1,7.4619,0.1597,0.05,0.72019
893,5.5915,0.1118,7.4434,0.1594,0.05,0.631011
894,7.9298,0.1586,7.4647,0.1598,0.05,0.670326
895,3.5188,0.0704,7.3501,0.1575,0.05,0.630214
896,3.5049,0.0701,7.3422,0.1573,0.05,0.800105
897,6.6084,0.1322,7.351,0.1575,0.05,0.657478
898,4.3583,0.0872,7.3552,0.1576,0.05,0.825402
899,5.7756,0.1155,7.3543,0.1576,0.05,0.742721
900,8.5917,0.1718,7.2756,0.156,0.05,0.761656
901,2.9375,0.0587,7.1653,0.1538,0.05,0.683831
902,8.0737,0.1615,7.2002,0.1545,0.05,0.57517
903,8.2898,0.1658,7.2299,0.1551,0.05,0.738707
904,5.2812,0.1056,7.1945,0.1544,0.05,0.720562
905,4.199,0.084,7.1858,0.1542,0.05,0.55928
906,13.5614,0.2712,7.2866,0.1562,0.05,0.670205
907,33.9222,0.6784,7.584,0.1622,0.05,0.730293
908,16.4503,0.329,7.6942,0.1644,0.05,0.663101
909,2.8862,0.0577,7.6539,0.1636,0.05,0.736984
910,5.1472,0.1029,7.6227,0.1629,0.05,0.691557
911,6.0756,0.1215,7.5534,0.1616,0.05,0.716282
912,5.2103,0.1042,7.5671,0.1618,0.05,0.828249
913,5.6929,0.1139,7.5764,0.162,0.05,0.742991
914,5.1303,0.1026,7.5779,0.162,0.05,0.653889
915,6.3016,0.126,7.5924,0.1623,0.05,0.657365
916,14.5006,0.29,7.6749,0.164,0.05,0.613085
917,6.4836,0.1297,7.6848,0.1642,0.05,0.778522
918,7.281,0.1456,7.6616,0.1637,0.05,0.736101
919,2.7401,0.0548,7.5977,0.1624,0.05,0.684033
920,18.3433,0.3669,7.7002,0.1645,0.05,0.628026
921,5.6124,0.1122,7.711,0.1647,0.05,0.650476
922,5.7512,0.115,7.7267,0.165,0.05,0.648048
923,4.3907,0.0878,7.7143,0.1648,0.05,0.714625
924,9.5988,0.192,7.7346,0.1652,0.05,0.764332
925,7.323,0.1465,7.7603,0.1657,0.05,0.723006
926,2.4781,0.0496,7.654,0.1636,0.05,0.665407
927,10.0924,0.2018,7.6081,0.1626,0.05,0.594624
928,2.3514,0.047,7.4311,0.1591,0.05,0.694495
929,6.3869,0.1277,7.4171,0.1588,0.05,0.584391
930,37.3827,0.7477,7.7511,0.1655,0.05,0.612227
931,8.7082,0.1742,7.6789,0.1641,0.05,0.736802
932,4.7781,0.0956,7.6743,0.164,0.05,0.715636
933,9.4073,0.1881,7.7273,0.165,0.05,0.681806
934,9.3486,0.187,7.7868,0.1662,0.05,0.735139
935,5.8279,0.1166,7.7971,0.1664,0.05,0.64055
936,16.5465,0.3309,7.9052,0.1686,0.05,0.781137
937,5.6665,0.1133,7.9222,0.1689,0.05,0.656602
938,3.9923,0.0798,7.9126,0.1687,0.05,0.725997
939,4.2507,0.085,7.8153,0.1668,0.05,0.679711
940,4.4653,0.0893,7.8054,0.1666,0.05,0.631214
941,4.2633,0.0853,7.6629,0.1637,0.05,0.679533
942,11.4686,0.2294,7.7321,0.1651,0.05,0.69823
943,11.8166,0.2363,7.8114,0.1667,0.05,0.754785
944,5.0241,0.1005,7.8145,0.1668,0.05,0.75569
945,5.59,0.1118,7.7929,0.1663,0.05,0.645077
946,4.3754,0.0875,7.718,0.1648,0.05,0.69284
947,4.499,0.09,7.7154,0.1648,0.05,0.727178
948,5.5469,0.1109,7.6978,0.1644,0.05,0.723902
949,5.4292,0.1086,7.6786,0.1641,0.05,0.710195
950,6.9369,0.1387,7.6782,0.164,0.05,0.757419
951,4.3897,0.0878,7.6726,0.1639,0.05,0.718198
952,4.6344,0.0927,7.6624,0.1637,0.05,0.605749
953,5.591,0.1118,7.6493,0.1635,0.05,0.687125
954,5.9589,0.1192,7.6676,0.1638,0.05,0.677427
955,7.464,0.1493,7.7016,0.1645,0.05,0.72367
956,5.3832,0.1077,7.6815,0.1641,0.05,0.807774
957,5.365,0.1073,7.6713,0.1639,0.05,0.678137
958,4.6173,0.0923,7.6791,0.1641,0.05,0.761553
959,6.2453,0.1249,7.6867,0.1642,0.05,0.678595
960,3.8021,0.076,7.5123,0.1607,0.05,0.652035
961,5.7849,0.1157,7.5302,0.1611,0.05,0.758309
962,6.4424,0.1288,7.5497,0.1615,0.05,0.799774
963,5.2252,0.1045,7.5224,0.1609,0.05,0.745478
964,9.9415,0.1988,7.5699,0.1619,0.05,0.698176
965,5.5235,0.1105,7.3916,0.1583,0.05,0.71685
966,5.664,0.1133,7.3367,0.1572,0.05,0.638019
967,10.5034,0.2101,7.4005,0.1585,0.05,0.766371
968,6.9438,0.1389,7.402,0.1585,0.05,0.673915
969,4.3328,0.0867,7.3831,0.1581,0.05,0.669508
970,14.643,0.2929,7.494,0.1604,0.05,0.710122
971,5.9911,0.1198,7.4733,0.1599,0.05,0.820337
972,7.5089,0.1502,7.479,0.1601,0.05,0.652331
973,4.8098,0.0962,7.3632,0.1577,0.05,0.741124
974,6.4444,0.1289,7.2691,0.1559,0.05,0.704235
975,5.8194,0.1164,7.2135,0.1548,0.05,0.768849
976,7.0001,0.14,7.2342,0.1552,0.05,0.697489
977,5.299,0.106,7.2184,0.1549,0.05,0.69969
978,4.2552,0.0851,7.213,0.1547,0.05,0.642296
979,19.0526,0.3811,7.369,0.1579,0.05,0.717374
980,26.1039,0.5221,7.4032,0.1585,0.05,0.669791
981,3.7543,0.0751,7.3743,0.158,0.05,0.698615
982,8.2994,0.166,7.4064,0.1586,0.05,0.631979
983,5.297,0.1059,7.4242,0.159,0.05,0.667231
984,5.3732,0.1075,7.4672,0.1493,0.05,0.653256
985,8.5801,0.1716,7.4691,0.1494,0.05,0.744429
986,7.0603,0.1412,7.4916,0.1498,0.05,0.727542
987,3.504,0.0701,7.4582,0.1492,0.05,0.748553
988,36.5629,0.7313,7.7787,0.1556,0.05,0.646132
989,8.1427,0.1629,7.7927,0.1559,0.05,0.631149
990,4.3932,0.0879,7.7583,0.1552,0.05,0.691443
991,4.7342,0.0947,7.7514,0.155,0.05,0.705954
992,6.0496,0.121,7.7619,0.1552,0.05,0.707741
993,7.4117,0.1482,7.7801,0.1556,0.05,0.804873
994,7.5167,0.1503,7.7759,0.1555,0.05,0.692954
995,5.5292,0.1106,7.796,0.1559,0.05,0.692829
996,5.1335,0.1027,7.8123,0.1562,0.05,0.706863
997,6.4888,0.1298,7.8111,0.1562,0.05,0.75992
998,8.6402,0.1728,7.854,0.1571,0.05,0.736956
999,9.8104,0.1962,7.8943,0.1579,0.05,0.62697
1000,1.0285,1.0285,7.8187,0.1665,0.05,0.56762
1001,6.2306,0.1246,7.8516,0.1671,0.05,0.623211
1002,7.1711,0.1434,7.8426,0.1669,0.05,0.735831
1003,6.1435,0.1229,7.8211,0.1665,0.05,0.684899
1004,4.9188,0.0984,7.8175,0.1664,0.05,0.732107
1005,4.2428,0.0849,7.8179,0.1664,0.05,0.644613
1006,8.0655,0.1613,7.763,0.1653,0.05,0.725537
1007,11.1894,0.2238,7.5356,0.1608,0.05,0.668086
1008,43.2419,0.8648,7.8036,0.1662,0.05,0.743206
1009,7.2505,0.145,7.8472,0.167,0.05,0.753878
1010,6.369,0.1274,7.8594,0.1673,0.05,0.687924
1011,4.0372,0.0807,7.839,0.1669,0.05,0.717895
1012,10.6187,0.2124,7.8931,0.1679,0.05,0.78146
1013,5.6575,0.1132,7.8928,0.1679,0.05,0.748277
1014,3.7107,0.0742,7.8786,0.1677,0.05,0.732746
1015,3.1986,0.064,7.8475,0.167,0.05,0.686254
1016,27.6953,0.5539,7.9795,0.1697,0.05,0.664754
1017,3.9641,0.0793,7.9543,0.1692,0.05,0.648812
1018,13.7746,0.2755,8.0192,0.1705,0.05,0.841451
1019,5.9151,0.1183,8.051,0.1711,0.05,0.63163
1020,18.3408,0.3668,8.0509,0.1711,0.05,0.678173
1021,6.4864,0.1297,8.0597,0.1713,0.05,0.741161
1022,8.5463,0.1709,8.0876,0.1718,0.05,0.703665
1023,4.9943,0.0999,8.0937,0.172,0.05,0.755029
1024,25.0139,0.5003,8.2478,0.175,0.05,0.66493
1025,25.1415,0.5028,8.426,0.1786,0.05,0.754656
1026,3.6622,0.0732,8.4378,0.1788,0.05,0.588016
1027,5.6062,0.1121,8.393,0.1779,0.05,0.889872
1028,6.0421,0.1208,8.4299,0.1787,0.05,0.732676
1029,5.8519,0.117,8.4245,0.1786,0.05,0.850544
1030,9.2855,0.1857,8.1436,0.173,0.05,0.844127
1031,9.0596,0.1812,8.1471,0.173,0.05,0.805797
1032,7.7781,0.1556,8.1771,0.1736,0.05,0.792561
1033,2.7378,0.0548,8.1104,0.1723,0.05,0.665594
1034,16.0092,0.3202,8.177,0.1736,0.05,0.786411
1035,24.4807,0.4896,8.3635,0.1774,0.05,0.823101
1036,4.5282,0.0906,8.2433,0.1749,0.05,0.649191
1037,5.8956,0.1179,8.2456,0.175,0.05,0.716821
1038,5.075,0.1015,8.2565,0.1752,0.05,0.700906
1039,15.0756,0.3015,8.3647,0.1774,0.05,0.726495
1040,4.561,0.0912,8.3657,0.1774,0.05,0.72081
1041,5.9477,0.119,8.3825,0.1777,0.05,0.650901
1042,7.4027,0.1481,8.3419,0.1769,0.05,0.769285
1043,17.123,0.3425,8.3949,0.178,0.05,0.84589
1044,7.1111,0.1422,8.4158,0.1784,0.05,0.770489
1045,7.1857,0.1437,8.4317,0.1787,0.05,0.813518
1046,5.1127,0.1023,8.4391,0.1789,0.05,0.827643
1047,8.1674,0.1633,8.4758,0.1796,0.05,0.756551
1048,4.815,0.0963,8.4685,0.1794,0.05,0.83489
1049,5.9214,0.1184,8.4734,0.1795,0.05,0.828978
1050,9.0577,0.1812,8.4946,0.18,0.05,0.688589
1051,27.2827,0.5457,8.7235,0.1846,0.05,0.691508
1052,4.8938,0.0979,8.7261,0.1846,0.05,0.818141
1053,5.054,0.1011,8.7208,0.1845,0.05,0.683
1054,22.3025,0.4461,8.8842,0.1878,0.05,0.850122
1055,6.6739,0.1335,8.8763,0.1876,0.05,0.763679
1056,5.5341,0.1107,8.8778,0.1876,0.05,0.75759
1057,20.2859,0.4057,9.027,0.1906,0.05,0.748974
1058,2.241,0.0448,9.0033,0.1901,0.05,0.792736
1059,39.2937,0.7859,9.3337,0.1968,0.05,0.814459
1060,5.234,0.1047,9.3481,0.197,0.05,0.692189
1061,5.6123,0.1122,9.3463,0.197,0.05,0.802349
1062,6.7206,0.1344,9.3491,0.1971,0.05,0.797515
1063,4.2507,0.085,9.3394,0.1969,0.05,0.670278
1064,10.8036,0.2161,9.348,0.197,0.05,0.703408
1065,5.0545,0.1011,9.3433,0.1969,0.05,0.862725
1066,4.7927,0.0959,9.3346,0.1968,0.05,0.745543
1067,4.896,0.0979,9.2785,0.1957,0.05,0.830672
1068,6.3987,0.128,9.2731,0.1955,0.05,0.819279
1069,6.2145,0.1243,9.2919,0.1959,0.05,0.902756
1070,15.5257,0.3105,9.3007,0.1961,0.05,0.699408
1071,12.605,0.2521,9.3668,0.1974,0.05,0.788296
1072,7.588,0.1518,9.3676,0.1974,0.05,0.757114
1073,4.5379,0.0908,9.3649,0.1974,0.05,0.728427
1074,4.5674,0.0913,9.3461,0.197,0.05,0.926203
1075,15.2048,0.3041,9.44,0.1989,0.05,0.78729
1076,5.6934,0.1139,9.4269,0.1986,0.05,0.837984
1077,8.0963,0.1619,9.4549,0.1992,0.05,0.820182
1078,5.5831,0.1117,9.4682,0.1994,0.05,0.763904
1079,3.6239,0.0725,9.3139,0.1964,0.05,0.755223
1080,3.5748,0.0715,9.0886,0.1919,0.05,0.7781
1081,7.775,0.1555,9.1288,0.1927,0.05,0.782102
1082,3.5519,0.071,9.0813,0.1917,0.05,0.68026
1083,8.5141,0.1703,9.1135,0.1923,0.05,0.896909
1084,5.7962,0.1159,9.1177,0.1924,0.05,0.788423
1085,4.7199,0.0944,9.0791,0.1917,0.05,0.743373
1086,5.8242,0.1165,9.0668,0.1914,0.05,0.719318
1087,29.7001,0.594,9.3287,0.1967,0.05,0.760605
1088,5.196,0.1039,9.0151,0.1904,0.05,0.822774
1089,5.1153,0.1023,8.9848,0.1898,0.05,0.685623
1090,6.885,0.1377,9.0097,0.1903,0.05,0.681238
1091,5.0107,0.1002,9.0125,0.1903,0.05,0.78877
1092,30.6347,0.6127,9.2583,0.1952,0.05,0.74601
1093,17.3384,0.3468,9.3576,0.1972,0.05,0.846794
1094,9.945,0.1989,9.3819,0.1977,0.05,0.798398
1095,11.7799,0.2356,9.4444,0.199,0.05,0.89108
1096,17.3425,0.3469,9.5665,0.2014,0.05,0.712992
1097,4.1962,0.0839,9.5436,0.201,0.05,0.88245
1098,23.0547,0.4611,9.6877,0.2038,0.05,0.806563
1099,3.7566,0.0751,9.6272,0.2026,0.05,0.788318
1100,4.066,0.0813,9.6575,0.1932,0.05,0.709481
1101,19.2387,0.3848,9.7876,0.1958,0.05,0.793788
1102,4.4498,0.089,9.7604,0.1952,0.05,0.778412
1103,13.6628,0.2733,9.8356,0.1967,0.05,0.730756
1104,9.2934,0.1859,9.8793,0.1976,0.05,0.839797
1105,7.5251,0.1505,9.9122,0.1982,0.05,0.768968
1106,13.6894,0.2738,9.9684,0.1994,0.05,0.733524
1107,6.3043,0.1261,9.9196,0.1984,0.05,0.83487
1108,6.8997,0.138,9.5561,0.1911,0.05,0.787002
1109,5.1885,0.1038,9.5355,0.1907,0.05,0.90646
1110,6.3958,0.1279,9.5358,0.1907,0.05,0.889088
1111,10.6912,0.2138,9.6023,0.192,0.05,0.83887
1112,9.7323,0.1946,9.5935,0.1919,0.05,0.949147
1113,10.849,0.217,9.6454,0.1929,0.05,0.863114
1114,5.0805,0.1016,9.6591,0.1932,0.05,0.803691
1115,5.5397,0.1108,9.6825,0.1936,0.05,0.773978
1116,10.921,0.2184,9.5147,0.1903,0.05,0.820303
1117,13.1488,0.263,9.6066,0.1921,0.05,0.82409
1118,5.922,0.1184,9.5281,0.1906,0.05,0.845862
1119,8.0183,0.1604,9.5491,0.191,0.05,0.849571
1120,13.72,0.2744,9.5029,0.1901,0.05,0.799289
1121,14.015,0.2803,9.5782,0.1916,0.05,0.718758
1122,5.4823,0.1096,9.5475,0.191,0.05,0.807191
1123,19.6517,0.393,9.6941,0.1939,0.05,0.965154
1124,9.7549,0.1951,9.5415,0.1908,0.05,0.852537
1125,8.094,0.1619,9.371,0.1874,0.05,0.97051
1126,2.912,0.0582,9.3635,0.1873,0.05,0.851887
1127,5.1674,0.1033,9.3591,0.1872,0.05,0.93856
1128,4.4138,0.0883,9.3429,0.1869,0.05,0.79767
1129,2.6324,0.0526,9.3107,0.1862,0.05,0.829137
1130,8.8586,0.1772,9.3064,0.1861,0.05,0.818104
1131,3.835,0.0767,9.2542,0.1851,0.05,0.847751
1132,6.4106,0.1282,9.2405,0.1848,0.05,0.668125
1133,6.973,0.1395,9.2828,0.1857,0.05,0.933294
1134,6.6024,0.132,9.1888,0.1838,0.05,0.882828
1135,16.6333,0.3327,9.1103,0.1822,0.05,0.772642
1136,27.34,0.7594,9.3384,0.1889,0.05,0.833389
1137,9.3896,0.1878,9.3733,0.1896,0.05,0.849654
1138,3.7163,0.0743,9.3598,0.1893,0.05,0.738333
1139,5.8632,0.1173,9.2676,0.1875,0.05,0.767056
1140,4.3175,0.0864,9.2652,0.1874,0.05,0.818199
1141,19.0236,0.3805,9.396,0.19,0.05,0.985918
1142,5.3274,0.1065,9.3752,0.1896,0.05,0.793891
1143,8.944,0.1789,9.2934,0.188,0.05,0.945494
1144,3.2712,0.0654,9.255,0.1872,0.05,0.905905
1145,17.2967,0.3459,9.3561,0.1892,0.05,0.862099
1146,3.7649,0.0753,9.3426,0.189,0.05,0.823625
1147,7.202,0.144,9.333,0.1888,0.05,0.967679
1148,25.0575,0.5011,9.5354,0.1928,0.05,0.8162
1149,22.3306,0.4466,9.6995,0.1961,0.05,0.97407
1150,5.038,0.1008,9.6593,0.1953,0.05,0.790824
1151,5.0352,0.1007,9.4368,0.1909,0.05,0.900513
1152,7.5786,0.1516,9.4637,0.1914,0.05,0.888247
1153,6.223,0.1245,9.4754,0.1916,0.05,0.793058
1154,26.1735,0.5235,9.5141,0.1924,0.05,0.978536
1155,35.6918,0.7138,9.8043,0.1982,0.05,0.869827
1156,5.4442,0.1089,9.8034,0.1982,0.05,0.823577
1157,2.9116,0.0582,9.6296,0.1947,0.05,0.88623
1158,5.8617,0.1172,9.6658,0.1954,0.05,0.872252
1159,8.9829,0.1797,9.3627,0.1894,0.05,0.91458
1160,5.5074,0.1101,9.3655,0.1894,0.05,0.822702
1161,5.4713,0.1094,9.364,0.1894,0.05,1.000538
1162,9.8534,0.1971,9.3954,0.19,0.05,0.918532
1163,7.093,0.1419,9.4238,0.1906,0.05,0.728709
1164,13.5674,0.2713,9.4514,0.1912,0.05,0.90004
1165,6.6741,0.1335,9.4676,0.1915,0.05,1.043138
1166,4.9523,0.099,9.4692,0.1915,0.05,0.982508
1167,12.4912,0.2498,9.5452,0.193,0.05,0.836801
1168,5.6488,0.113,9.5377,0.1929,0.05,1.061587
1169,4.3971,0.0879,9.5195,0.1925,0.05,1.044194
1170,18.9887,0.3798,9.5541,0.1932,0.05,1.000728
1171,9.0203,0.1804,9.5183,0.1925,0.05,0.92536
1172,9.8624,0.1972,9.541,0.1929,0.05,0.981274
1173,6.4807,0.1296,9.5605,0.1933,0.05,0.992274
1174,5.2289,0.1046,9.5671,0.1935,0.05,1.089201
1175,20.1846,0.4037,9.6169,0.1945,0.05,0.893407
1176,7.2617,0.1452,9.6326,0.1948,0.05,0.889205
1177,6.3709,0.1274,9.6153,0.1944,0.05,1.091231
1178,5.9657,0.1193,9.6191,0.1945,0.05,1.003411
1179,6.6226,0.1325,9.6491,0.1951,0.05,0.94019
1180,14.1429,0.2829,9.7548,0.1972,0.05,0.985999
1181,4.5551,0.0911,9.7226,0.1966,0.05,1.124476
1182,4.6056,0.0921,9.7331,0.1968,0.05,0.857
1183,5.2628,0.1053,9.7006,0.1961,0.05,1.01261
1184,6.0733,0.1215,9.7034,0.1962,0.05,0.972997
1185,8.3121,0.1662,9.7393,0.1969,0.05,0.876822
1186,4.6895,0.0938,9.728,0.1967,0.05,0.920747
1187,4.3068,0.0861,9.474,0.1916,0.05,0.878087
1188,10.455,0.2091,9.5266,0.1927,0.05,1.172076
1189,8.6297,0.1726,9.5618,0.1934,0.05,1.118783
1190,13.4945,0.2699,9.6279,0.1947,0.05,1.076862
1191,7.3797,0.1476,9.6516,0.1952,0.05,0.996962
1192,4.9368,0.0987,9.3946,0.19,0.05,0.973781
1193,4.447,0.0889,9.2657,0.1874,0.05,0.930344
1194,6.161,0.1232,9.2278,0.1867,0.05,1.030245
1195,13.1739,0.2635,9.2418,0.187,0.05,0.880207
1196,10.9334,0.2187,9.1777,0.1857,0.05,1.012723
1197,11.9712,0.2394,9.2554,0.1872,0.05,1.385707
1198,13.1838,0.2637,9.1567,0.1853,0.05,1.041768
1199,6.5416,0.1308,9.1846,0.1858,0.05,0.933517
1200,4.0354,0.0807,9.1843,0.1858,0.05,1.119725
1201,8.8666,0.1773,9.0805,0.1837,0.05,0.968815
1202,12.9213,0.2584,9.1653,0.1854,0.05,1.098174
1203,11.6037,0.2321,9.1447,0.185,0.05,1.01095
1204,16.1628,0.3233,9.2134,0.1864,0.05,0.98571
1205,5.3603,0.1072,9.1917,0.186,0.05,1.105832
1206,5.5057,0.1101,9.1099,0.1843,0.05,0.966511
1207,9.6032,0.1921,9.1429,0.185,0.05,1.056844
1208,8.6151,0.2004,9.16,0.1856,0.05,1.062624
1209,4.4271,0.0885,9.1524,0.1855,0.05,1.133202
1210,12.6004,0.252,9.2144,0.1867,0.05,1.047066
1211,6.2542,0.1251,9.1701,0.1858,0.05,1.096815
1212,5.1015,0.102,9.1238,0.1849,0.05,0.993445
1213,6.2493,0.125,9.0778,0.184,0.05,1.035129
1214,4.8178,0.0964,9.0751,0.1839,0.05,0.795467
1215,4.0875,0.0818,9.0606,0.1836,0.05,1.073059
1216,7.6159,0.1523,9.0276,0.183,0.05,0.912936
1217,5.4824,0.1096,8.9509,0.1814,0.05,0.900902
1218,25.5818,0.5116,9.1475,0.1854,0.05,1.01291
1219,3.5216,0.0704,9.1025,0.1845,0.05,1.054781
1220,5.0227,0.1005,9.0156,0.1827,0.05,0.960697
1221,6.3914,0.1278,8.9393,0.1812,0.05,1.213867
1222,4.2499,0.085,8.927,0.1809,0.05,0.981738
1223,4.2056,0.0841,8.7725,0.1779,0.05,1.211781
1224,21.1893,0.4238,8.8869,0.1801,0.05,1.067208
1225,7.9523,0.159,8.8855,0.1801,0.05,1.05228
1226,11.8455,0.2369,8.9748,0.1819,0.05,0.985571
1227,3.3628,0.0673,8.9568,0.1815,0.05,0.960924
1228,30.2004,0.604,9.2146,0.1867,0.05,1.158537
1229,5.3881,0.1078,9.2422,0.1873,0.05,1.057192
1230,5.8474,0.1169,9.2121,0.1866,0.05,0.948842
1231,13.2099,0.2642,9.3058,0.1885,0.05,1.025692
1232,5.6862,0.1137,9.2986,0.1884,0.05,1.006546
1233,5.8141,0.1163,9.287,0.1881,0.05,1.226167
1234,6.7617,0.1352,9.2886,0.1882,0.05,1.115918
1235,8.9599,0.1792,9.2118,0.1866,0.05,0.963828
1236,18.4525,0.369,9.123,0.1827,0.05,0.990926
1237,6.3826,0.1277,9.0929,0.1821,0.05,1.126058
1238,6.7625,0.1352,9.1234,0.1827,0.05,1.109203
1239,3.9385,0.0788,9.1041,0.1824,0.05,1.149298
1240,10.6489,0.213,9.1674,0.1836,0.05,1.263583
1241,4.1743,0.0835,9.0189,0.1807,0.05,1.15841
1242,10.0359,0.2007,9.066,0.1816,0.05,1.166574
1243,19.2507,0.385,9.1691,0.1837,0.05,1.067771
1244,5.9965,0.1199,9.1963,0.1842,0.05,1.079016
1245,9.7512,0.195,9.1209,0.1827,0.05,1.049136
1246,7.9876,0.1598,9.1631,0.1835,0.05,1.084491
1247,7.8275,0.1565,9.1694,0.1837,0.05,0.984662
1248,5.1977,0.104,8.9708,0.1797,0.05,1.003415
1249,9.2408,0.1848,8.8399,0.1771,0.05,1.223631
1250,8.458,0.1692,8.8741,0.1778,0.05,1.240647
1251,8.7655,0.1753,8.9114,0.1785,0.05,0.977516
1252,5.9948,0.1199,8.8955,0.1782,0.05,1.188548
1253,3.3839,0.0677,8.8671,0.1776,0.05,1.139776
1254,4.9221,0.0984,8.6546,0.1734,0.05,1.01894
1255,6.6726,0.1335,8.3644,0.1676,0.05,1.061399
1256,4.0954,0.0819,8.3509,0.1673,0.05,1.189204
1257,3.935,0.0787,8.3612,0.1675,0.05,1.355685
1258,4.1908,0.0838,8.3445,0.1672,0.05,1.230914
1259,5.6664,0.1133,8.3113,0.1665,0.05,1.061409
1260,5.0227,0.1005,8.3065,0.1664,0.05,1.088253
1261,8.4651,0.1693,8.3364,0.167,0.05,0.984921
1262,32.9795,0.6596,8.5677,0.1716,0.05,1.300214
1263,6.451,0.129,8.5612,0.1715,0.05,1.223761
1264,8.7418,0.1748,8.513,0.1705,0.05,1.332757
1265,5.485,0.1097,8.5011,0.1703,0.05,0.95122
1266,7.4418,0.1488,8.526,0.1708,0.05,1.017897
1267,5.6561,0.1131,8.4576,0.1694,0.05,0.966123
1268,8.0384,0.1608,8.4815,0.1699,0.05,1.089606
1269,5.4433,0.1089,8.492,0.1701,0.05,1.169551
1270,17.2341,0.3447,8.4745,0.1698,0.05,1.176414
1271,4.5319,0.0906,8.4296,0.1689,0.05,0.985862
1272,6.0595,0.1212,8.3915,0.1681,0.05,1.158866
1273,9.9574,0.1991,8.4263,0.1688,0.05,1.144035
1274,5.6496,0.113,8.4305,0.1689,0.05,1.334205
1275,7.6827,0.1537,8.3055,0.1664,0.05,1.054781
1276,8.0487,0.161,8.3134,0.1665,0.05,1.205714
1277,5.6307,0.1126,8.306,0.1664,0.05,1.086676
1278,5.1696,0.1034,8.298,0.1662,0.05,1.134144
1279,7.856,0.1571,8.3103,0.1665,0.05,1.142429
1280,8.5193,0.1704,8.2541,0.1654,0.05,1.078083
1281,5.7852,0.1157,8.2664,0.1656,0.05,1.07448
1282,5.2904,0.1058,8.2732,0.1657,0.05,1.134296
1283,10.1375,0.2028,8.322,0.1667,0.05,1.14332
1284,6.128,0.1226,8.3225,0.1667,0.05,1.244937
1285,5.7957,0.1159,8.2974,0.1662,0.05,1.069185
1286,15.7968,0.3159,8.4084,0.1684,0.05,1.158099
1287,6.2117,0.1242,8.4275,0.1688,0.05,1.227926
1288,14.3258,0.2865,8.4662,0.1696,0.05,1.054125
1289,4.0077,0.0802,8.42,0.1687,0.05,1.024298
1290,5.5398,0.1108,8.3404,0.1671,0.05,1.159501
1291,8.5766,0.1715,8.3524,0.1673,0.05,1.268407
1292,8.0886,0.1618,8.3839,0.168,0.05,1.121248
1293,5.8903,0.1178,8.3984,0.1682,0.05,1.280225
1294,27.4352,0.5487,8.6111,0.1725,0.05,1.231175
1295,13.7257,0.2745,8.6166,0.1726,0.05,1.33678
1296,5.8025,0.116,8.5653,0.1716,0.05,1.165668
1297,6.3478,0.127,8.5091,0.1705,0.05,0.974503
1298,11.5811,0.2316,8.493,0.1701,0.05,1.083156
1299,7.6623,0.1532,8.5043,0.1704,0.05,0.907868
1300,10.1055,0.2021,8.565,0.1716,0.05,1.262925
1301,14.1529,0.2831,8.6178,0.1726,0.05,1.31657
1302,28.1911,0.5638,8.7705,0.1757,0.05,1.153378
1303,4.7131,0.0943,8.7016,0.1743,0.05,1.106314
1304,5.1521,0.103,8.5915,0.1721,0.05,1.142194
1305,9.0331,0.1807,8.6282,0.1728,0.05,1.10588
1306,24.5238,0.4905,8.8184,0.1766,0.05,1.032206
1307,9.5178,0.1904,8.8176,0.1766,0.05,1.229678
1308,5.3559,0.1071,8.785,0.1757,0.05,1.132696
1309,12.4371,0.2487,8.8651,0.1773,0.05,1.331121
1310,3.8575,0.0771,8.7776,0.1756,0.05,1.061598
1311,6.9366,0.1387,8.7845,0.1757,0.05,1.219729
1312,5.8026,0.1161,8.7915,0.1758,0.05,1.165174
1313,8.8654,0.1773,8.8176,0.1764,0.05,1.249771
1314,45.9393,0.9188,9.2288,0.1846,0.05,0.940621
1315,11.8129,0.2363,9.3061,0.1861,0.05,1.157933
1316,8.0731,0.1615,9.3107,0.1862,0.05,1.056616
1317,14.9382,0.2988,9.4052,0.1881,0.05,1.120588
1318,7.0839,0.1417,9.2203,0.1844,0.05,1.113152
1319,6.0842,0.1217,9.2459,0.1849,0.05,1.05
1320,4.024,0.0805,9.2359,0.1847,0.05,1.292396
1321,4.6729,0.0935,9.2187,0.1844,0.05,1.268721
1322,7.2593,0.1452,9.2488,0.185,0.05,1.136576
1323,6.9531,0.1391,9.2763,0.1855,0.05,1.13757
1324,6.8376,0.1368,9.1328,0.1827,0.05,1.16214
1325,7.3409,0.1468,9.1266,0.1825,0.05,1.229341
1326,16.4925,0.3299,9.1731,0.1835,0.05,1.197951
1327,5.4165,0.1083,9.1937,0.1839,0.05,1.123566
1328,5.7385,0.1148,8.949,0.179,0.05,1.049742
1329,8.1462,0.1629,8.9766,0.1795,0.05,1.015312
1330,3.8177,0.0764,8.9563,0.1791,0.05,1.05743
1331,6.4855,0.1297,8.8891,0.1778,0.05,1.134404
1332,5.3313,0.1066,8.8855,0.1777,0.05,1.003211
1333,6.5166,0.1303,8.8925,0.1779,0.05,1.081922
1334,5.7391,0.1148,8.8823,0.1776,0.05,1.058906
1335,5.4166,0.1083,8.8469,0.1769,0.05,1.038056
1336,7.6091,0.1522,8.7385,0.1748,0.05,1.153681
1337,16.489,0.3298,8.8395,0.1768,0.05,1.011074
1338,10.0575,0.2011,8.8725,0.1774,0.05,1.047944
1339,6.8533,0.1371,8.9016,0.178,0.05,1.171429
1340,9.5213,0.1904,8.8903,0.1778,0.05,1.081957
1341,7.6225,0.1525,8.9248,0.1785,0.05,1.168848
1342,18.5584,0.3712,9.01,0.1802,0.05,1.137379
1343,10.7007,0.214,8.9245,0.1785,0.05,1.14882
1344,7.9066,0.1581,8.9437,0.1789,0.05,0.980228
1345,18.2152,0.3643,9.0283,0.1806,0.05,1.293496
1346,5.3249,0.1065,9.0017,0.18,0.05,1.215183
1347,27.2444,0.5449,9.1958,0.1839,0.05,1.160304
1348,11.4966,0.2299,9.2588,0.1852,0.05,1.023094
1349,7.4435,0.1489,9.2408,0.1848,0.05,1.200346
1350,8.8865,0.1777,9.2451,0.1849,0.05,1.164025
1351,7.6045,0.1521,9.2335,0.1847,0.05,1.020816
1352,4.2454,0.0849,9.216,0.1843,0.05,1.430917
1353,5.2899,0.1058,9.2351,0.1847,0.05,1.128044
1354,7.1226,0.1425,9.2571,0.1851,0.05,1.071126
1355,8.3403,0.1668,9.2738,0.1855,0.05,1.231224
1356,6.5711,0.1314,9.2985,0.186,0.05,1.259862
1357,18.386,0.3677,9.443,0.1889,0.05,1.113381
1358,4.7181,0.0944,9.4483,0.189,0.05,1.093136
1359,21.2854,0.4257,9.6045,0.1921,0.05,1.180696
1360,14.0623,0.2812,9.6949,0.1939,0.05,1.180138
1361,7.728,0.1546,9.6875,0.1938,0.05,1.222594
1362,10.231,0.2046,9.46,0.1892,0.05,1.173253
1363,6.9098,0.1382,9.4646,0.1893,0.05,1.185129
1364,7.8826,0.1577,9.456,0.1891,0.05,1.143134
1365,6.4689,0.1294,9.4659,0.1893,0.05,1.207697
1366,10.3592,0.2072,9.4951,0.1899,0.05,1.155149
1367,10.6452,0.2129,9.5449,0.1909,0.05,1.295722
1368,7.4127,0.1483,9.5387,0.1908,0.05,1.20296
1369,10.0156,0.2003,9.5844,0.1917,0.05,1.131709
1370,11.5312,0.2306,9.5274,0.1905,0.05,1.199643
1371,4.4755,0.0895,9.5268,0.1905,0.05,1.334112
1372,10.3768,0.2075,9.57,0.1914,0.05,1.139686
1373,7.0912,0.1418,9.5413,0.1908,0.05,1.183086
1374,6.3137,0.1263,9.548,0.191,0.05,1.070761
1375,4.7561,0.0951,9.5187,0.1904,0.05,1.289006
1376,4.2882,0.0858,9.4811,0.1896,0.05,1.276036
1377,5.446,0.1089,9.4792,0.1896,0.05,1.156567
1378,16.885,0.3377,9.5964,0.1919,0.05,1.512429
1379,9.0578,0.1812,9.6084,0.1922,0.05,1.050315
1380,13.1836,0.2637,9.6551,0.1931,0.05,1.195313
1381,4.6127,0.0923,9.6433,0.1929,0.05,1.159942
1382,7.5598,0.1512,9.666,0.1933,0.05,1.146396
1383,3.6266,0.0725,9.6009,0.192,0.05,1.13721
1384,4.8315,0.0966,9.588,0.1918,0.05,1.285377
1385,13.6074,0.2721,9.6661,0.1933,0.05,1.302852
1386,15.2818,0.3056,9.6609,0.1932,0.05,1.137816
1387,18.5683,0.3714,9.7845,0.1957,0.05,1.264796
1388,7.1028,0.1421,9.7123,0.1942,0.05,0.937054
1389,6.4048,0.1281,9.7362,0.1947,0.05,1.129678
1390,14.8525,0.2971,9.8294,0.1966,0.05,1.099353
1391,5.9933,0.1199,9.8035,0.1961,0.05,1.229928
1392,5.7927,0.1159,9.7806,0.1956,0.05,1.180571
1393,8.669,0.1734,9.8084,0.1962,0.05,1.285583
1394,18.0617,0.3612,9.7146,0.1943,0.05,1.286646
1395,26.7177,0.5344,9.8445,0.1969,0.05,1.260499
1396,6.409,0.1282,9.8506,0.197,0.05,1.259192
1397,27.5887,0.5518,10.063,0.2013,0.05,1.422512
1398,6.151,0.123,10.0087,0.2002,0.05,1.399982
1399,5.931,0.1186,9.9914,0.1998,0.05,1.302872
1400,7.6036,0.1521,9.9664,0.1993,0.05,1.174707
1401,4.3137,0.0863,9.868,0.1974,0.05,1.152167
1402,7.6908,0.1538,9.663,0.1933,0.05,1.050526
1403,5.5075,0.1102,9.6709,0.1934,0.05,1.201456
1404,17.4824,0.3496,9.7942,0.1959,0.05,1.060117
1405,5.098,0.102,9.7549,0.1951,0.05,1.120239
1406,6.9981,0.14,9.5796,0.1916,0.05,0.9907
1407,5.235,0.1047,9.5368,0.1907,0.05,1.138925
1408,4.8018,0.096,9.5313,0.1906,0.05,1.035933
1409,24.0794,0.4816,9.6477,0.193,0.05,1.243002
1410,8.7139,0.1743,9.6962,0.1939,0.05,1.097115
1411,3.9273,0.0785,9.6662,0.1933,0.05,1.30103
1412,9.097,0.1819,9.6991,0.194,0.05,1.210447
1413,5.4112,0.1082,9.6646,0.1933,0.05,1.266894
1414,6.095,0.1219,9.2661,0.1853,0.05,1.091318
1415,6.2341,0.1247,9.2103,0.1842,0.05,1.147696
1416,3.7685,0.0754,9.1673,0.1833,0.05,1.130058
1417,5.4521,0.109,9.0724,0.1814,0.05,1.423617
1418,9.521,0.1904,9.0968,0.1819,0.05,1.378716
1419,5.372,0.1074,9.0897,0.1818,0.05,1.089603
1420,8.2324,0.1646,9.1318,0.1826,0.05,1.140071
1421,5.99,0.1198,9.1449,0.1829,0.05,1.321988
1422,6.0457,0.1209,9.1328,0.1827,0.05,0.917352
1423,4.6046,0.0921,9.1093,0.1822,0.05,1.203944
1424,5.0975,0.1019,9.0919,0.1818,0.05,1.243232
1425,10.4287,0.2086,9.1228,0.1825,0.05,1.192616
1426,20.8866,0.4177,9.1667,0.1833,0.05,1.183394
1427,6.1612,0.1232,9.1742,0.1835,0.05,1.356361
1428,6.0003,0.12,9.1768,0.1835,0.05,1.178649
1429,27.9615,0.5592,9.3749,0.1875,0.05,1.269727
1430,7.4301,0.1486,9.4111,0.1882,0.05,1.292051
1431,6.2203,0.1244,9.4084,0.1882,0.05,1.286278
1432,11.8518,0.237,9.4736,0.1895,0.05,1.132745
1433,11.2448,0.2249,9.5209,0.1904,0.05,0.938329
1434,5.4961,0.1099,9.5185,0.1904,0.05,1.158659
1435,7.3336,0.1467,9.5376,0.1908,0.05,1.113885
1436,9.9506,0.199,9.5611,0.1912,0.05,1.144356
1437,8.1696,0.1634,9.4779,0.1896,0.05,1.094166
1438,27.7582,0.5552,9.6549,0.1931,0.05,1.008144
1439,6.1831,0.1237,9.6482,0.193,0.05,1.227801
1440,6.5362,0.1307,9.6183,0.1924,0.05,1.00244
1441,7.0003,0.14,9.6121,0.1922,0.05,1.262927
1442,4.2441,0.0849,9.4689,0.1894,0.05,1.34467
1443,4.6537,0.0931,9.4085,0.1882,0.05,1.211675
1444,6.6141,0.1323,9.3956,0.1879,0.05,1.184074
1445,5.8845,0.1177,9.2722,0.1854,0.05,1.124936
1446,6.9749,0.1395,9.2887,0.1858,0.05,1.125732
1447,9.3736,0.1875,9.11,0.1822,0.05,1.002695
1448,4.6488,0.093,9.0416,0.1808,0.05,0.946823
1449,8.2782,0.1656,9.0499,0.181,0.05,1.078701
1450,5.3052,0.1061,9.0141,0.1803,0.05,1.092142
1451,8.0629,0.1613,9.0187,0.1804,0.05,1.125245
1452,5.7353,0.1147,9.0336,0.1807,0.05,1.135712
1453,2.9055,0.0581,9.0097,0.1802,0.05,1.047148
1454,5.3179,0.1064,8.9917,0.1798,0.05,1.112387
1455,31.1957,0.6239,9.2202,0.1844,0.05,1.16177
1456,9.6779,0.1936,9.2513,0.185,0.05,1.338102
1457,11.4222,0.2284,9.1817,0.1836,0.05,1.222814
1458,10.3715,0.2074,9.2382,0.1848,0.05,1.025717
1459,6.6445,0.1329,9.0918,0.1818,0.05,1.169395
1460,5.0612,0.1012,9.0018,0.18,0.05,1.281182
1461,6.7666,0.1353,8.9922,0.1798,0.05,1.164477
1462,7.1134,0.1423,8.961,0.1792,0.05,1.005483
1463,5.7757,0.1155,8.9497,0.179,0.05,1.221387
1464,16.0877,0.3218,9.0317,0.1806,0.05,1.285052
1465,9.6844,0.1937,9.0639,0.1813,0.05,1.215184
1466,7.1974,0.1439,9.0322,0.1806,0.05,1.14006
1467,14.023,0.2805,9.066,0.1813,0.05,1.248971
1468,3.9252,0.0785,9.0311,0.1806,0.05,1.292464
1469,5.5812,0.1116,8.9868,0.1797,0.05,1.155313
1470,7.4466,0.1489,8.946,0.1789,0.05,1.25721
1471,3.6209,0.0724,8.9374,0.1787,0.05,1.189595
1472,9.2815,0.1856,8.9265,0.1785,0.05,1.169188
1473,9.004,0.1801,8.9456,0.1789,0.05,1.258179
1474,7.7621,0.1552,8.9601,0.1792,0.05,1.235051
1475,4.9531,0.0991,8.962,0.1792,0.05,1.358464
1476,10.6389,0.2128,9.0255,0.1805,0.05,1.086221
1477,7.5528,0.1511,9.0466,0.1809,0.05,1.069489
1478,7.3299,0.1466,8.9511,0.179,0.05,1.305708
1479,6.7692,0.1354,8.9282,0.1786,0.05,1.268008
1480,6.4028,0.1281,8.8604,0.1772,0.05,1.290439
1481,27.539,0.5508,9.0896,0.1818,0.05,1.231442
1482,23.6146,0.4723,9.2502,0.185,0.05,1.084182
1483,7.0355,0.1407,9.2843,0.1857,0.05,1.229888
1484,4.4325,0.0886,9.2803,0.1856,0.05,1.20805
1485,4.8426,0.0969,9.1926,0.1839,0.05,1.269245
1486,6.9589,0.1392,9.1094,0.1822,0.05,1.140251
1487,3.9902,0.0798,8.9636,0.1793,0.05,1.225582
1488,6.6546,0.1331,8.9591,0.1792,0.05,1.094098
1489,15.6618,0.3132,9.0517,0.181,0.05,1.27072
1490,5.4766,0.1095,8.9579,0.1792,0.05,1.1813
1491,10.5434,0.2109,9.0034,0.1801,0.05,0.997874
1492,11.8942,0.2379,9.0645,0.1813,0.05,1.001656
1493,7.2069,0.1441,9.0498,0.181,0.05,1.12366
1494,8.8679,0.1774,8.9579,0.1792,0.05,1.225678
1495,12.6405,0.2528,8.8171,0.1763,0.05,1.383629
1496,4.0416,0.0808,8.7935,0.1759,0.05,1.055877
1497,4.7047,0.0941,8.5646,0.1713,0.05,1.212459
1498,13.2655,0.2653,8.6358,0.1727,0.05,1.377689
1499,34.7467,0.6949,8.9239,0.1785,0.05,0.997607
1500,32.5583,0.6512,9.1735,0.1835,0.05,1.1053
1501,29.6535,0.5931,9.4269,0.1885,0.05,1.119485
1502,8.7976,0.176,9.4379,0.1888,0.05,1.152623
1503,37.845,0.7569,9.7613,0.1952,0.05,1.104034
1504,14.2162,0.2843,9.7286,0.1946,0.05,1.223864
1505,4.1643,0.0833,9.7193,0.1944,0.05,1.307704
1506,4.946,0.0989,9.6988,0.194,0.05,1.216516
1507,5.0594,0.1012,9.697,0.1939,0.05,1.102417
1508,5.1848,0.1037,9.7009,0.194,0.05,1.208251
1509,3.4011,0.068,9.4941,0.1899,0.05,1.082283
1510,5.2773,0.1055,9.4597,0.1892,0.05,1.464052
1511,6.4707,0.1294,9.4851,0.1897,0.05,1.095059
1512,4.3281,0.0866,9.4374,0.1887,0.05,1.057818
1513,4.6693,0.0934,9.43,0.1886,0.05,1.132808
1514,8.9503,0.179,9.4586,0.1892,0.05,1.169822
1515,3.9376,0.0788,9.4356,0.1887,0.05,1.283276
1516,5.0937,0.1019,9.4489,0.189,0.05,1.285442
1517,17.8496,0.357,9.5728,0.1915,0.05,1.329973
1518,5.4825,0.1096,9.5325,0.1906,0.05,1.158172
1519,5.7524,0.115,9.5363,0.1907,0.05,1.177705
1520,5.9713,0.1194,9.5137,0.1903,0.05,1.097608
1521,8.7405,0.1748,9.5412,0.1908,0.05,1.2574
1522,4.8673,0.0973,9.5294,0.1906,0.05,1.254426
1523,4.8959,0.0979,9.5323,0.1906,0.05,1.38655
1524,3.7821,0.0756,9.5191,0.1904,0.05,1.360352
1525,6.967,0.1393,9.4845,0.1897,0.05,1.244924
1526,4.1487,0.083,9.3171,0.1863,0.05,1.255365
1527,5.9377,0.1188,9.3149,0.1863,0.05,1.307172
1528,12.8608,0.2572,9.3835,0.1877,0.05,1.196696
1529,7.3467,0.1469,9.1774,0.1835,0.05,1.225948
1530,5.9224,0.1184,9.1623,0.1832,0.05,1.258102
1531,6.9683,0.1394,9.1698,0.1834,0.05,1.229359
1532,7.1499,0.143,9.1227,0.1825,0.05,1.493243
1533,8.6176,0.1724,9.0965,0.1819,0.05,1.052102
1534,8.7644,0.1753,9.1292,0.1826,0.05,1.228976
1535,3.8915,0.0778,9.0947,0.1819,0.05,1.224076
1536,7.4574,0.1491,9.0698,0.1814,0.05,1.210523
1537,9.5792,0.1916,9.0839,0.1817,0.05,1.325541
1538,3.3188,0.0664,8.8395,0.1768,0.05,1.142055
1539,7.8968,0.1579,8.8566,0.1771,0.05,1.32724
1540,4.4649,0.0893,8.8359,0.1767,0.05,1.172462
1541,4.5909,0.0918,8.8118,0.1762,0.05,1.132348
1542,4.6993,0.094,8.8164,0.1763,0.05,0.982058
1543,8.3456,0.1669,8.8533,0.1771,0.05,1.276828
1544,20.0861,0.4017,8.988,0.1798,0.05,1.110023
1545,12.3882,0.2478,9.0531,0.1811,0.05,1.027483
1546,9.189,0.1838,9.0752,0.1815,0.05,1.276173
1547,6.265,0.1253,9.0441,0.1809,0.05,1.15677
1548,26.6206,0.5324,9.2638,0.1853,0.05,1.080252
1549,6.3003,0.126,9.2441,0.1849,0.05,1.235465
1550,8.3431,0.1669,9.2744,0.1855,0.05,1.174095
1551,4.7549,0.0951,9.2414,0.1848,0.05,1.122165
1552,5.8485,0.117,9.2425,0.1848,0.05,1.086426
1553,4.2575,0.0852,9.256,0.1851,0.05,1.267255
1554,8.5619,0.1712,9.2884,0.1858,0.05,1.233698
1555,5.973,0.1195,9.0362,0.1807,0.05,1.212897
1556,5.5727,0.1115,8.9952,0.1799,0.05,1.138825
1557,5.3233,0.1065,8.9342,0.1787,0.05,1.217901
1558,14.5013,0.29,8.9755,0.1795,0.05,1.247214
1559,6.1869,0.1237,8.9709,0.1794,0.05,1.44626
1560,4.6834,0.0937,8.9671,0.1793,0.05,1.198211
1561,4.8566,0.0971,8.948,0.179,0.05,1.085461
1562,3.8387,0.0768,8.9153,0.1783,0.05,1.264022
1563,5.0835,0.1017,8.9083,0.1782,0.05,1.005892
1564,6.6457,0.1329,8.8139,0.1763,0.05,1.165518
1565,17.6256,0.3525,8.8933,0.1779,0.05,1.372035
1566,6.4896,0.1298,8.8863,0.1777,0.05,1.196515
1567,5.3715,0.1074,8.7997,0.176,0.05,1.129347
1568,4.8683,0.0974,8.8092,0.1762,0.05,1.25092
1569,4.1733,0.0835,8.7951,0.1759,0.05,1.373449
1570,4.5348,0.0907,8.766,0.1753,0.05,1.055717
1571,29.3794,0.5876,9.0236,0.1805,0.05,1.201196
1572,4.8809,0.0976,8.9796,0.1796,0.05,1.415118
1573,5.9417,0.1188,8.9489,0.179,0.05,1.241228
1574,6.1283,0.1226,8.9326,0.1787,0.05,1.157214
1575,5.7668,0.1153,8.9407,0.1788,0.05,1.156373
1576,5.1549,0.1031,8.8859,0.1777,0.05,1.189059
1577,6.4739,0.1295,8.8751,0.1775,0.05,1.030556
1578,6.0841,0.1217,8.8627,0.1773,0.05,0.891497
1579,5.4066,0.1081,8.849,0.177,0.05,1.075033
1580,5.0925,0.1019,8.8359,0.1767,0.05,1.072224
1581,5.6561,0.1131,8.6171,0.1723,0.05,1.203112
1582,4.2066,0.0841,8.423,0.1685,0.05,1.101503
1583,5.8196,0.1164,8.4109,0.1682,0.05,1.166317
1584,7.7837,0.1557,8.4444,0.1689,0.05,1.1107
1585,4.7741,0.0955,8.4437,0.1689,0.05,1.209839
1586,6.3157,0.1263,8.4372,0.1687,0.05,1.283597
1587,8.4333,0.1687,8.4817,0.1696,0.05,1.191843
1588,5.6363,0.1127,8.4715,0.1694,0.05,0.840875
1589,3.5796,0.0716,8.3507,0.167,0.05,1.181431
1590,7.6997,0.154,8.3729,0.1675,0.05,1.140618
1591,6.4598,0.1292,8.3321,0.1666,0.05,1.232223
1592,4.697,0.0939,8.2601,0.1652,0.05,1.38963
1593,11.6243,0.2325,8.3043,0.1661,0.05,1.346451
1594,2.9723,0.0594,8.2453,0.1649,0.05,1.101202
1595,5.4925,0.1098,8.1738,0.1635,0.05,1.183637
1596,3.6027,0.0721,8.1694,0.1634,0.05,1.224303
1597,7.2442,0.1449,8.1948,0.1639,0.05,1.426888
1598,3.5071,0.0701,8.0973,0.1619,0.05,1.008246
1599,4.2685,0.0854,7.7925,0.1558,0.05,1.236234
1600,5.3907,0.1078,7.5208,0.1504,0.05,1.015053
1601,6.4162,0.1283,7.2884,0.1458,0.05,0.976448
1602,6.0305,0.1206,7.2608,0.1452,0.05,1.248306
1603,3.8031,0.0761,6.9203,0.1384,0.05,1.181121
1604,9.9802,0.1996,6.878,0.1376,0.05,1.048104
1605,5.0064,0.1001,6.8864,0.1377,0.05,1.09412
1606,6.579,0.1316,6.9027,0.1381,0.05,1.189996
1607,10.2497,0.205,6.9546,0.1391,0.05,1.170114
1608,5.0703,0.1014,6.9535,0.1391,0.05,1.194047
1609,5.5869,0.1117,6.9753,0.1395,0.05,1.153003
1610,3.027,0.0605,6.9528,0.1391,0.05,1.132896
1611,5.6977,0.114,6.9451,0.1389,0.05,1.232837
1612,5.4976,0.11,6.9568,0.1391,0.05,1.240129
1613,6.808,0.1362,6.9782,0.1396,0.05,1.042769
1614,4.5526,0.0911,6.9342,0.1387,0.05,1.326131
1615,3.7325,0.0747,6.9322,0.1386,0.05,1.062425
1616,3.8272,0.0765,6.9195,0.1384,0.05,1.144454
1617,8.917,0.1783,6.8302,0.1366,0.05,1.229933
1618,3.6616,0.0732,6.812,0.1362,0.05,1.064077
1619,4.959,0.0992,6.804,0.1361,0.05,1.176371
1620,2.9016,0.058,6.7733,0.1355,0.05,1.140134
1621,5.2869,0.1057,6.7388,0.1348,0.05,0.999157
1622,4.0191,0.0804,6.7303,0.1346,0.05,1.092634
1623,13.5576,0.2712,6.8169,0.1363,0.05,1.084908
1624,34.5735,0.6915,7.1249,0.1425,0.05,1.127664
1625,4.3874,0.0877,7.0991,0.142,0.05,1.242288
1626,3.9294,0.0786,7.0969,0.1419,0.05,1.095529
1627,6.2519,0.125,7.1,0.142,0.05,1.333692
1628,7.0415,0.1408,7.0418,0.1408,0.05,1.290203
1629,5.2304,0.1046,7.0206,0.1404,0.05,1.179938
1630,6.7119,0.1342,7.0285,0.1406,0.05,1.262083
1631,4.7599,0.0952,7.0065,0.1401,0.05,1.2855
1632,7.0964,0.1419,7.0059,0.1401,0.05,1.06961
1633,7.405,0.1481,6.9938,0.1399,0.05,1.196297
1634,5.1099,0.1022,6.9573,0.1391,0.05,1.082019
1635,8.6486,0.173,7.0048,0.1401,0.05,1.171406
1636,6.4241,0.1285,6.9945,0.1399,0.05,1.250605
1637,5.2166,0.1043,6.9509,0.139,0.05,1.218954
1638,6.5643,0.1313,6.9833,0.1397,0.05,1.072818
1639,9.7918,0.1958,7.0023,0.14,0.05,1.185598
1640,14.9361,0.2987,7.107,0.1421,0.05,1.257666
1641,6.2064,0.1241,7.1231,0.1425,0.05,1.230042
1642,4.7025,0.0941,7.1232,0.1425,0.05,1.270382
1643,7.6393,0.1528,7.1161,0.1423,0.05,1.035866
1644,7.2241,0.1445,6.9875,0.1397,0.05,0.965137
1645,5.843,0.1169,6.922,0.1384,0.05,1.076996
1646,10.0011,0.2,6.9302,0.1386,0.05,1.240357
1647,10.3807,0.2076,6.9713,0.1394,0.05,1.000982
1648,7.3922,0.1478,6.779,0.1356,0.05,1.149331
1649,3.5872,0.0717,6.7519,0.135,0.05,0.924755
1650,4.6123,0.0922,6.7146,0.1343,0.05,1.187384
1651,8.6478,0.173,6.7535,0.1351,0.05,1.179898
1652,7.1273,0.1425,6.7663,0.1353,0.05,1.20845
1653,6.9281,0.1386,6.793,0.1359,0.05,1.017385
1654,8.123,0.1625,6.7886,0.1358,0.05,1.06447
1655,4.2341,0.0847,6.7712,0.1354,0.05,1.157475
1656,5.6652,0.1133,6.7722,0.1354,0.05,1.011054
1657,12.0077,0.2402,6.839,0.1368,0.05,1.266405
1658,4.7146,0.0943,6.7411,0.1348,0.05,1.29814
1659,7.9649,0.1593,6.7589,0.1352,0.05,1.128591
1660,6.0009,0.12,6.7721,0.1354,0.05,1.074371
1661,10.8246,0.2165,6.8318,0.1366,0.05,1.011756
1662,6.5722,0.1314,6.8591,0.1372,0.05,1.045577
1663,3.9243,0.0785,6.8475,0.137,0.05,1.060219
1664,8.8021,0.176,6.8691,0.1374,0.05,1.031977
1665,8.7868,0.1757,6.7807,0.1356,0.05,0.907639
1666,16.0229,0.3205,6.876,0.1375,0.05,1.158591
1667,11.4872,0.2297,6.9372,0.1387,0.05,1.08724
1668,8.6471,0.1729,6.975,0.1395,0.05,0.959487
1669,5.2501,0.105,6.9857,0.1397,0.05,1.035499
1670,7.7663,0.1553,7.0181,0.1404,0.05,1.117236
1671,13.5129,0.2703,6.8594,0.1372,0.05,1.176509
1672,3.0744,0.0615,6.8413,0.1368,0.05,1.161839
1673,9.1138,0.1823,6.873,0.1375,0.05,1.142654
1674,7.9058,0.1581,6.8908,0.1378,0.05,0.989206
1675,7.801,0.156,6.9112,0.1382,0.05,1.051689
1676,5.5873,0.1117,6.9155,0.1383,0.05,1.158836
1677,21.4214,0.4284,7.065,0.1413,0.05,0.925696
1678,7.6102,0.1522,7.0802,0.1416,0.05,1.06424
1679,6.1619,0.1232,7.0878,0.1418,0.05,1.151637
1680,11.0481,0.221,7.1473,0.1429,0.05,1.264368
1681,2.868,0.0574,7.1195,0.1424,0.05,1.194033
1682,11.6505,0.233,7.1939,0.1439,0.05,1.125582
1683,6.5372,0.1307,7.2011,0.144,0.05,1.139264
1684,4.8371,0.0967,7.1716,0.1434,0.05,1.052631
1685,10.7785,0.2156,7.2316,0.1446,0.05,1.014551
1686,9.3936,0.1879,7.2624,0.1452,0.05,1.166412
1687,4.9911,0.0998,7.228,0.1446,0.05,1.174085
1688,2.5581,0.0512,7.1972,0.1439,0.05,1.145079
1689,9.8841,0.1977,7.2603,0.1452,0.05,1.044851
1690,5.46,0.1092,7.2379,0.1448,0.05,1.087387
1691,18.6028,0.3721,7.3593,0.1472,0.05,0.943479
1692,4.4768,0.0895,7.3571,0.1471,0.05,1.240919
1693,14.5796,0.2916,7.3867,0.1477,0.05,1.124912
1694,16.8685,0.3374,7.5256,0.1505,0.05,1.051328
1695,8.08,0.1616,7.5515,0.151,0.05,1.090245
1696,25.4987,0.51,7.7704,0.1554,0.05,1.036037
1697,6.7046,0.1341,7.7651,0.1553,0.05,1.249643
1698,13.7998,0.276,7.868,0.1574,0.05,1.046315
1699,7.7997,0.156,7.9033,0.1581,0.05,1.021861
1700,8.2376,0.1648,7.9318,0.1586,0.05,1.053227
1701,33.2745,0.6655,8.2003,0.164,0.05,0.978231
1702,7.2429,0.1449,8.2125,0.1642,0.05,1.005453
1703,6.7012,0.134,8.2415,0.1648,0.05,1.126157
1704,3.8922,0.0778,8.1806,0.1636,0.05,1.090018
1705,6.5242,0.1305,8.1957,0.1639,0.05,1.287257
1706,5.6675,0.1133,8.1866,0.1637,0.05,1.169782
1707,5.08,0.1016,8.1349,0.1627,0.05,0.888835
1708,8.3258,0.1665,8.1675,0.1633,0.05,1.078036
1709,9.0889,0.1818,8.2025,0.1641,0.05,1.053555
1710,7.4311,0.1486,8.2466,0.1649,0.05,0.961609
1711,5.2368,0.1047,8.2419,0.1648,0.05,1.127597
1712,8.3103,0.1662,8.2701,0.1654,0.05,1.164738
1713,33.1948,0.6639,8.5339,0.1707,0.05,0.996747
1714,5.7432,0.1149,8.5458,0.1709,0.05,1.130508
1715,7.0201,0.1404,8.5787,0.1716,0.05,0.965182
1716,4.0003,0.08,8.5804,0.1716,0.05,0.979141
1717,3.9801,0.0796,8.5311,0.1706,0.05,1.134542
1718,5.2277,0.1046,8.5467,0.1709,0.05,1.057822
1719,4.3095,0.0862,8.5402,0.1708,0.05,0.938992
1720,4.3875,0.0877,8.5551,0.1711,0.05,1.019704
1721,6.1433,0.1229,8.5637,0.1713,0.05,1.206679
1722,4.3349,0.0867,8.5668,0.1713,0.05,1.021142
1723,7.3656,0.1473,8.5049,0.1701,0.05,1.096561
1724,26.368,0.5274,8.4229,0.1685,0.05,0.98159
1725,5.4612,0.1092,8.4336,0.1687,0.05,1.081871
1726,8.8767,0.1775,8.4831,0.1697,0.05,1.074192
1727,5.3831,0.1077,8.4744,0.1695,0.05,1.029721
1728,3.9206,0.0784,8.4432,0.1689,0.05,1.136987
1729,28.4308,0.5686,8.6752,0.1735,0.05,1.033597
1730,7.9003,0.158,8.6871,0.1737,0.05,1.149725
1731,4.681,0.0936,8.6863,0.1737,0.05,1.025037
1732,4.7812,0.0956,8.6631,0.1733,0.05,1.063697
1733,6.5641,0.1313,8.6547,0.1731,0.05,1.14214
1734,8.4416,0.1688,8.688,0.1738,0.05,0.971642
1735,6.1904,0.1238,8.6634,0.1733,0.05,0.943514
1736,7.1526,0.1431,8.6707,0.1734,0.05,0.919453
1737,22.3068,0.4461,8.8416,0.1768,0.05,0.864093
1738,6.2685,0.1254,8.8387,0.1768,0.05,1.081299
1739,8.4496,0.169,8.8252,0.1765,0.05,1.06511
1740,18.2797,0.3656,8.8587,0.1772,0.05,1.113581
1741,6.9221,0.1384,8.8658,0.1773,0.05,1.065868
1742,4.486,0.0897,8.8637,0.1773,0.05,0.98475
1743,19.9579,0.3992,8.9869,0.1797,0.05,1.070992
1744,6.106,0.1221,8.9757,0.1795,0.05,1.032323
1745,7.3471,0.1469,8.9907,0.1798,0.05,1.06127
1746,7.4576,0.1492,8.9653,0.1793,0.05,1.22861
1747,8.4905,0.1698,8.9464,0.1789,0.05,1.045819
1748,18.3532,0.3671,9.056,0.1811,0.05,1.018726
1749,11.7729,0.2355,9.1378,0.1828,0.05,1.112747
1750,5.8143,0.1163,9.1499,0.183,0.05,1.024616
1751,11.2982,0.226,9.1764,0.1835,0.05,0.918702
1752,4.8625,0.0972,9.1537,0.1831,0.05,1.026396
1753,25.3656,0.5073,9.3381,0.1868,0.05,0.982081
1754,4.6593,0.0932,9.3035,0.1861,0.05,0.986159
1755,7.4552,0.1491,9.3357,0.1867,0.05,1.183916
1756,6.137,0.1227,9.3404,0.1868,0.05,0.910571
1757,6.1825,0.1236,9.2821,0.1856,0.05,1.157441
1758,7.4599,0.1492,9.3096,0.1862,0.05,0.978268
1759,8.4075,0.1681,9.314,0.1863,0.05,0.979958
1760,5.3911,0.1078,9.3079,0.1862,0.05,1.15169
1761,8.9324,0.1786,9.289,0.1858,0.05,0.948614
1762,5.3348,0.1067,9.2766,0.1855,0.05,1.123055
1763,8.604,0.1721,9.3234,0.1865,0.05,1.014133
1764,5.5083,0.1102,9.2905,0.1858,0.05,0.866548
1765,5.5201,0.1104,9.2578,0.1852,0.05,0.98292
1766,8.6692,0.1734,9.1843,0.1837,0.05,0.98923
1767,4.6517,0.093,9.1159,0.1823,0.05,1.124912
1768,2.2729,0.0455,9.0522,0.181,0.05,1.105132
1769,9.4992,0.19,9.0947,0.1819,0.05,1.125108
1770,5.2543,0.1051,9.0695,0.1814,0.05,1.072018
1771,8.909,0.1782,9.0235,0.1805,0.05,1.047716
1772,5.3809,0.1076,9.0466,0.1809,0.05,0.878055
1773,11.7224,0.2344,9.0727,0.1815,0.05,1.159859
1774,4.4788,0.0896,9.0384,0.1808,0.05,0.89735
1775,5.6149,0.1123,9.0165,0.1803,0.05,0.989029
1776,6.4472,0.1289,9.0251,0.1805,0.05,0.99201
1777,3.4504,0.069,8.8454,0.1769,0.05,1.066466
1778,24.6054,0.4921,9.0154,0.1803,0.05,0.925353
1779,6.6652,0.1333,9.0204,0.1804,0.05,0.82759
1780,7.0272,0.1405,8.9802,0.1796,0.05,0.985205
1781,7.4625,0.1492,9.0261,0.1805,0.05,1.009754
1782,6.629,0.1326,8.9759,0.1795,0.05,0.977459
1783,5.7057,0.1141,8.9676,0.1794,0.05,0.860422
1784,3.7621,0.0752,8.9569,0.1791,0.05,0.947717
1785,3.7587,0.0752,8.8867,0.1777,0.05,0.946317
1786,14.0004,0.28,8.9327,0.1787,0.05,1.132169
1787,7.4145,0.1483,8.957,0.1791,0.05,0.892835
1788,8.1856,0.1637,9.0132,0.1803,0.05,1.071944
1789,3.7969,0.0759,8.9524,0.179,0.05,0.990154
1790,15.4146,0.3083,9.0519,0.181,0.05,0.928876
1791,4.8773,0.0975,8.9147,0.1783,0.05,1.023882
1792,7.9153,0.1583,8.949,0.179,0.05,1.161754
1793,4.3475,0.0869,8.8467,0.1769,0.05,1.008676
1794,3.3621,0.0672,8.7117,0.1742,0.05,0.871694
1795,7.5864,0.1517,8.7067,0.1741,0.05,1.053954
1796,12.0121,0.2402,8.5719,0.1714,0.05,1.037715
1797,24.5237,0.4905,8.75,0.175,0.05,1.143224
1798,4.7305,0.0946,8.6594,0.1732,0.05,0.870003
1799,4.8348,0.0967,8.6297,0.1726,0.05,0.946445
1800,3.1568,0.0631,8.5789,0.1716,0.05,0.890283
1801,6.2486,0.125,8.3086,0.1662,0.05,1.096456
1802,12.3478,0.247,8.3597,0.1672,0.05,1.019142
1803,8.865,0.1773,8.3813,0.1676,0.05,0.928189
1804,6.2066,0.1241,8.4045,0.1681,0.05,0.919222
1805,3.7008,0.074,8.3762,0.1675,0.05,1.017966
1806,6.6193,0.1324,8.3857,0.1677,0.05,0.914686
1807,5.0451,0.1009,8.3854,0.1677,0.05,0.936855
1808,5.5136,0.1103,8.3573,0.1671,0.05,1.087779
1809,3.7957,0.0759,8.3043,0.1661,0.05,0.903828
1810,5.1733,0.1035,8.2818,0.1656,0.05,1.17864
1811,5.4017,0.108,8.2834,0.1657,0.05,0.991827
1812,6.5409,0.1308,8.2657,0.1653,0.05,0.839852
1813,5.4664,0.1093,7.9884,0.1598,0.05,1.085991
1814,2.8562,0.0571,7.9596,0.1592,0.05,1.188168
1815,9.6734,0.1935,7.9861,0.1597,0.05,1.124453
1816,4.7807,0.0956,7.9939,0.1599,0.05,0.988271
1817,4.2697,0.0854,7.9968,0.1599,0.05,1.051561
1818,4.3301,0.0866,7.9878,0.1598,0.05,1.034066
1819,5.1709,0.1034,7.9964,0.1599,0.05,0.983777
1820,3.183,0.0637,7.9844,0.1597,0.05,1.02136
1821,7.1209,0.1424,7.9942,0.1599,0.05,1.016439
1822,5.2292,0.1046,8.0031,0.1601,0.05,1.009494
1823,10.0682,0.2014,8.0301,0.1606,0.05,0.923043
1824,3.0254,0.0605,7.7967,0.1559,0.05,1.011045
1825,4.8263,0.0965,7.7904,0.1558,0.05,1.120008
1826,7.4395,0.1488,7.776,0.1555,0.05,0.987166
1827,12.053,0.2411,7.8427,0.1569,0.05,0.886791
1828,6.1225,0.1225,7.8647,0.1573,0.05,0.921691
1829,4.7764,0.0955,7.6282,0.1526,0.05,0.917874
1830,4.5355,0.0907,7.5945,0.1519,0.05,1.013737
1831,12.9669,0.2593,7.6774,0.1535,0.05,0.978826
1832,8.6527,0.1731,7.7161,0.1543,0.05,1.100616
1833,6.6636,0.1333,7.7171,0.1543,0.05,1.120091
1834,1.0251,1.0251,7.6429,0.1629,0.05,2.089234
1835,4.3387,0.0868,7.6244,0.1625,0.05,0.989482
1836,3.5909,0.0718,7.5888,0.1618,0.05,1.053221
1837,4.3392,0.0868,7.4091,0.1582,0.05,1.030234
1838,5.994,0.1199,7.4064,0.1582,0.05,0.963393
1839,9.6048,0.1921,7.4179,0.1584,0.05,1.003172
1840,6.864,0.1373,7.3038,0.1561,0.05,0.979726
1841,5.7218,0.1144,7.2918,0.1559,0.05,1.058593
1842,6.4607,0.1292,7.3115,0.1563,0.05,0.876318
1843,3.4885,0.0698,7.1468,0.153,0.05,0.881916
1844,5.8882,0.1178,7.1446,0.1529,0.05,1.050099
1845,5.6479,0.113,7.1276,0.1526,0.05,0.994166
1846,7.7564,0.1551,7.1306,0.1527,0.05,1.201001
1847,6.2368,0.1247,7.1081,0.1522,0.05,1.102099
1848,7.927,0.1585,7.0038,0.1501,0.05,0.995519
1849,6.9904,0.1398,6.956,0.1492,0.05,1.054831
1850,4.5365,0.0907,6.9432,0.1489,0.05,1.208281
1851,13.5437,0.2709,6.9657,0.1494,0.05,0.962985
1852,4.8257,0.0965,6.9653,0.1494,0.05,0.897435
1853,4.8046,0.0961,6.7597,0.1452,0.05,1.021416
1854,4.6226,0.0925,6.7593,0.1452,0.05,0.939298
1855,4.8476,0.097,6.7333,0.1447,0.05,1.104084
1856,9.2695,0.1854,6.7646,0.1453,0.05,1.061048
1857,13.5652,0.2713,6.8384,0.1468,0.05,0.97618
1858,5.5889,0.1118,6.8197,0.1464,0.05,0.824849
1859,6.5213,0.1304,6.8009,0.1461,0.05,0.990484
1860,11.2393,0.3306,6.8593,0.1483,0.05,1.24748
1861,3.7451,0.0749,6.8075,0.1473,0.05,1.041005
1862,6.314,0.1263,6.8173,0.1474,0.05,1.062268
1863,15.5005,0.31,6.8862,0.1488,0.05,1.176144
1864,15.5359,0.3107,6.9865,0.1508,0.05,1.020603
1865,9.677,0.1935,7.0281,0.1517,0.05,1.077235
1866,4.7298,0.0946,6.9887,0.1509,0.05,0.937453
1867,4.5618,0.0912,6.9878,0.1509,0.05,1.024128
1868,24.0488,0.481,7.2055,0.1552,0.05,0.967879
1869,5.682,0.1136,7.1674,0.1545,0.05,1.046815
1870,5.4879,0.1098,7.1697,0.1545,0.05,1.047142
1871,4.237,0.0847,7.123,0.1536,0.05,1.091899
1872,11.9208,0.2384,7.1884,0.1549,0.05,0.978177
1873,4.9875,0.0998,7.121,0.1535,0.05,1.104478
1874,4.729,0.0946,7.1235,0.1536,0.05,1.041118
1875,3.7565,0.0751,7.1049,0.1532,0.05,1.010203
1876,4.8593,0.0972,7.0891,0.1529,0.05,0.991533
1877,3.2361,0.0647,7.0869,0.1528,0.05,0.91636
1878,8.6275,0.1726,6.9271,0.1496,0.05,0.939888
1879,5.1095,0.1022,6.9116,0.1493,0.05,0.924236
1880,4.4647,0.0893,6.886,0.1488,0.05,1.156325
1881,18.619,0.3724,6.9975,0.1511,0.05,1.000298
1882,3.7832,0.0757,6.9691,0.1505,0.05,0.966713
1883,7.3721,0.1474,6.9857,0.1508,0.05,1.155226
1884,5.2372,0.1047,7.0005,0.1511,0.05,1.006705
1885,4.819,0.0964,7.0111,0.1513,0.05,1.012592
1886,8.6363,0.1727,6.9574,0.1503,0.05,0.978817
1887,7.7428,0.1549,6.9607,0.1503,0.05,1.078599
1888,5.698,0.114,6.9358,0.1498,0.05,1.180672
1889,5.3112,0.1062,6.951,0.1501,0.05,1.306604
1890,7.0304,0.1406,6.8671,0.1484,0.05,0.947536
1891,7.9557,0.1591,6.8979,0.1491,0.05,0.926772
1892,31.2637,0.6253,7.1314,0.1537,0.05,0.975536
1893,3.825,0.0765,7.1262,0.1536,0.05,0.900174
1894,6.8359,0.1367,7.1609,0.1543,0.05,0.890204
1895,5.3859,0.1077,7.1389,0.1539,0.05,1.042094
1896,26.7462,0.5349,7.2863,0.1568,0.05,1.045328
1897,8.5555,0.1711,7.1266,0.1536,0.05,1.108627
1898,11.227,0.2245,7.1915,0.1549,0.05,1.087178
1899,3.8662,0.0773,7.1819,0.1547,0.05,0.984351
1900,5.9805,0.1196,7.2101,0.1553,0.05,0.853824
1901,7.0587,0.1412,7.2182,0.1555,0.05,1.017609
1902,5.8128,0.1163,7.1529,0.1542,0.05,1.033334
1903,6.3967,0.1279,7.1282,0.1537,0.05,0.843279
1904,8.7982,0.176,7.1541,0.1542,0.05,0.798002
1905,9.29,0.1858,7.21,0.1553,0.05,0.987978
1906,3.1669,0.0633,7.1755,0.1546,0.05,1.103068
1907,6.6692,0.1334,7.1917,0.1549,0.05,1.008546
1908,13.8847,0.2777,7.2754,0.1566,0.05,1.013303
1909,6.6982,0.134,7.3044,0.1572,0.05,1.083874
1910,6.5437,0.1309,7.3181,0.1575,0.05,0.909934
1911,7.7741,0.1555,7.3419,0.1579,0.05,0.982063
1912,3.7498,0.075,7.3139,0.1574,0.05,1.080325
1913,4.3829,0.0877,7.3031,0.1572,0.05,1.079504
1914,5.1756,0.1035,7.3263,0.1576,0.05,1.050813
1915,4.3697,0.0874,7.2733,0.1566,0.05,1.037399
1916,5.8356,0.1167,7.2838,0.1568,0.05,0.922837
1917,7.6994,0.154,7.3181,0.1575,0.05,1.093743
1918,4.3754,0.0875,7.3186,0.1575,0.05,0.973806
1919,6.8859,0.1377,7.3357,0.1578,0.05,0.883687
1920,4.4769,0.0895,7.3487,0.1581,0.05,1.007017
1921,4.4134,0.0883,7.3216,0.1575,0.05,0.995278
1922,10.1069,0.2021,7.3704,0.1585,0.05,0.924051
1923,6.5783,0.1316,7.3355,0.1578,0.05,1.012878
1924,3.3016,0.066,7.3382,0.1579,0.05,0.989187
1925,6.0007,0.12,7.35,0.1581,0.05,0.924573
1926,24.4982,0.49,7.5206,0.1615,0.05,1.004205
1927,3.8576,0.0772,7.4386,0.1599,0.05,1.020494
1928,8.6077,0.1722,7.4635,0.1604,0.05,1.00311
1929,5.3483,0.107,7.4692,0.1605,0.05,0.994169
1930,9.4232,0.1885,7.518,0.1615,0.05,0.906423
1931,7.5479,0.151,7.4639,0.1604,0.05,0.91234
1932,4.9895,0.0998,7.4272,0.1596,0.05,0.887887
1933,6.7435,0.1349,7.428,0.1597,0.05,0.88169
1934,3.4255,0.0685,7.452,0.1501,0.05,1.028621
1935,7.7648,0.1553,7.4863,0.1508,0.05,0.906172
1936,13.1832,0.2637,7.5822,0.1527,0.05,0.936796
1937,5.5546,0.1111,7.5944,0.1529,0.05,1.147209
1938,4.3101,0.0862,7.5775,0.1526,0.05,1.106513
1939,6.7811,0.1356,7.5493,0.152,0.05,0.988423
1940,3.0792,0.0616,7.5114,0.1513,0.05,1.061237
1941,6.9257,0.1385,7.5235,0.1515,0.05,1.025906
1942,18.1081,0.3622,7.64,0.1539,0.05,0.830664
1943,10.3272,0.2065,7.7083,0.1552,0.05,1.108915
1944,10.8882,0.2178,7.7583,0.1562,0.05,0.960029
1945,5.2208,0.1044,7.7541,0.1561,0.05,1.070678
1946,5.3743,0.1075,7.7302,0.1557,0.05,0.974426
1947,4.9211,0.0984,7.7171,0.1554,0.05,0.903447
1948,19.0925,0.3819,7.8287,0.1576,0.05,0.96091
1949,7.8457,0.1569,7.8373,0.1578,0.05,0.891323
1950,7.0169,0.1403,7.8621,0.1583,0.05,0.882136
1951,5.3654,0.1073,7.7803,0.1567,0.05,0.925691
1952,6.4889,0.1298,7.797,0.157,0.05,1.060567
1953,6.5069,0.1301,7.814,0.1573,0.05,0.889671
1954,22.7993,0.456,7.9957,0.161,0.05,0.917678
1955,7.9485,0.159,8.0268,0.1616,0.05,1.047063
1956,11.8631,0.2373,8.0527,0.1621,0.05,0.858113
1957,5.0137,0.1003,7.9672,0.1604,0.05,1.044877
1958,11.5207,0.2304,8.0265,0.1616,0.05,0.916453
1959,6.8745,0.1375,8.03,0.1617,0.05,0.99324
1960,5.3342,0.1067,7.971,0.1594,0.05,0.902097
1961,6.3642,0.1273,7.9972,0.1599,0.05,1.052819
1962,4.5828,0.0917,7.9798,0.1596,0.05,0.924456
1963,5.4606,0.1092,7.8795,0.1576,0.05,1.021049
1964,7.7681,0.1554,7.8018,0.156,0.05,1.05687
1965,11.3061,0.2261,7.8181,0.1564,0.05,1.035877
1966,11.167,0.2233,7.8824,0.1576,0.05,1.11518
1967,7.5988,0.152,7.9128,0.1583,0.05,0.841005
1968,6.5994,0.132,7.7383,0.1548,0.05,0.975734
1969,3.8982,0.078,7.7205,0.1544,0.05,0.89897
1970,3.3867,0.0677,7.6995,0.154,0.05,1.006638
1971,34.2532,0.6851,7.9996,0.16,0.05,0.94366
1972,7.6316,0.1526,7.9567,0.1591,0.05,1.017869
1973,8.7101,0.1742,7.994,0.1599,0.05,0.871694
1974,18.2116,0.3642,8.1288,0.1626,0.05,0.980979
1975,5.1249,0.1025,8.1425,0.1628,0.05,0.890395
1976,4.4646,0.0893,8.1385,0.1628,0.05,0.998481
1977,8.5968,0.1719,8.1921,0.1638,0.05,0.928294
1978,8.3659,0.1673,8.1895,0.1638,0.05,1.054348
1979,6.2705,0.1254,8.2011,0.164,0.05,0.965254
1980,5.3243,0.1065,8.2097,0.1642,0.05,0.931856
1981,15.4923,0.3098,8.1784,0.1636,0.05,1.155148
1982,11.2473,0.2249,8.2531,0.1651,0.05,1.103259
1983,13.8675,0.2773,8.318,0.1664,0.05,1.03704
1984,6.7682,0.1354,8.3334,0.1667,0.05,1.047655
1985,4.1197,0.0824,8.3264,0.1665,0.05,0.995992
1986,3.2348,0.0647,8.2723,0.1654,0.05,0.997511
1987,13.3357,0.2667,8.3283,0.1666,0.05,0.958664
1988,6.1352,0.1227,8.3326,0.1667,0.05,1.050423
1989,4.4942,0.0899,8.3245,0.1665,0.05,1.064491
1990,7.9505,0.159,8.3337,0.1667,0.05,0.977165
1991,8.6055,0.1721,8.3402,0.1668,0.05,1.106034
1992,5.887,0.1177,8.0864,0.1617,0.05,1.106619
1993,4.9003,0.098,8.0972,0.1619,0.05,1.016252
1994,5.0803,0.1016,8.0796,0.1616,0.05,1.13665
1995,6.157,0.1231,8.0873,0.1617,0.05,1.038165
1996,3.233,0.0647,7.8522,0.157,0.05,0.975299
1997,4.9254,0.0985,7.8159,0.1563,0.05,1.034549
1998,5.9927,0.1199,7.7635,0.1553,0.05,1.005122
1999,3.592,0.0718,7.7608,0.1552,0.05,0.994106
2000,2.8578,0.0572,7.7296,0.1546,0.05,0.801933
2001,2.9524,0.059,7.6885,0.1538,0.05,0.974853
2002,5.8218,0.1164,7.6886,0.1538,0.05,0.962071
2003,5.084,0.1017,7.6755,0.1535,0.05,0.971011
2004,3.0683,0.0614,7.6182,0.1524,0.05,0.947978
2005,8.0361,0.1607,7.6056,0.1521,0.05,1.159814
2006,5.0196,0.1004,7.6242,0.1525,0.05,1.25116
2007,17.8813,0.3576,7.7363,0.1547,0.05,0.946258
2008,12.2865,0.2457,7.7203,0.1544,0.05,0.969547
2009,6.5132,0.1303,7.7184,0.1544,0.05,1.014719
2010,7.6409,0.1528,7.7294,0.1546,0.05,1.025627
2011,13.9756,0.2795,7.7914,0.1558,0.05,1.100895
2012,12.1036,0.2421,7.875,0.1575,0.05,0.97007
2013,5.7287,0.1146,7.8884,0.1578,0.05,1.031303
2014,9.7991,0.196,7.9347,0.1587,0.05,1.027345
2015,3.4735,0.0695,7.9257,0.1585,0.05,1.080769
2016,4.8704,0.0974,7.9161,0.1583,0.05,1.137051
2017,3.3086,0.0662,7.8721,0.1574,0.05,0.903821
2018,7.2604,0.1452,7.901,0.158,0.05,0.949937
2019,4.6253,0.0925,7.8784,0.1576,0.05,1.097021
2020,7.7989,0.156,7.9116,0.1582,0.05,1.168042
2021,11.0174,0.2203,7.9776,0.1596,0.05,0.92055
2022,28.7501,0.575,8.1641,0.1633,0.05,0.890866
2023,7.3671,0.1473,8.172,0.1634,0.05,0.929867
2024,8.8863,0.1777,8.2278,0.1646,0.05,0.93014
2025,2.6375,0.0528,8.1942,0.1639,0.05,0.946129
2026,26.7438,0.5349,8.2166,0.1643,0.05,0.909973
2027,4.1326,0.0827,8.2194,0.1644,0.05,0.98023
2028,6.2191,0.1244,8.1955,0.1639,0.05,0.952074
2029,4.8661,0.0973,8.1907,0.1638,0.05,0.931425
2030,9.068,0.1814,8.1871,0.1637,0.05,1.078864
2031,8.5349,0.1707,8.197,0.1639,0.05,1.051801
2032,7.0259,0.1405,8.2174,0.1643,0.05,1.014071
2033,4.1867,0.0837,8.1918,0.1638,0.05,1.086264
2034,3.0549,0.0611,8.1881,0.1638,0.05,1.018793
2035,17.602,0.352,8.2865,0.1657,0.05,1.261966
2036,19.4803,0.3896,8.3494,0.167,0.05,0.882566
2037,4.5612,0.0912,8.3395,0.1668,0.05,1.137635
2038,7.4801,0.1496,8.3712,0.1674,0.05,1.266412
2039,3.6911,0.0738,8.3403,0.1668,0.05,0.928295
2040,22.3611,0.4472,8.5331,0.1707,0.05,0.948852
2041,8.264,0.1653,8.5465,0.1709,0.05,1.028329
2042,7.4372,0.1487,8.4398,0.1688,0.05,1.001024
2043,21.6477,0.433,8.553,0.1711,0.05,1.108687
2044,9.4701,0.1894,8.5388,0.1708,0.05,1.130711
2045,6.763,0.1353,8.5542,0.1711,0.05,1.063529
2046,12.8017,0.256,8.6285,0.1726,0.05,1.192631
2047,2.9816,0.0596,8.6091,0.1722,0.05,1.058032
2048,3.686,0.0737,8.4551,0.1691,0.05,0.89653
2049,24.3537,0.4871,8.6201,0.1724,0.05,0.995921
2050,3.2893,0.0658,8.5829,0.1717,0.05,1.162563
2051,2.9502,0.059,8.5587,0.1712,0.05,1.071725
2052,2.7722,0.0554,8.5215,0.1704,0.05,1.050242
2053,5.1818,0.1036,8.5083,0.1702,0.05,1.124457
2054,6.0035,0.1201,8.3403,0.1668,0.05,1.129268
2055,5.2281,0.1046,8.3131,0.1663,0.05,0.94716
2056,7.5704,0.1514,8.2702,0.1654,0.05,0.992989
2057,5.8875,0.1178,8.2789,0.1656,0.05,1.042353
2058,4.1867,0.0837,8.2056,0.1641,0.05,0.98026
2059,4.8509,0.097,8.1854,0.1637,0.05,0.852996
2060,6.0921,0.1218,8.1929,0.1639,0.05,1.028909
2061,3.2888,0.0658,8.1622,0.1632,0.05,0.944412
2062,4.2068,0.0841,8.1584,0.1632,0.05,1.100206
2063,5.9346,0.1187,8.1632,0.1633,0.05,1.028821
2064,4.1851,0.0837,8.1273,0.1625,0.05,1.158651
2065,6.1819,0.1236,8.0761,0.1615,0.05,0.981341
2066,5.689,0.1138,8.0213,0.1604,0.05,1.075742
2067,4.0519,0.081,7.9858,0.1597,0.05,0.969897
2068,7.9294,0.1586,7.9991,0.16,0.05,1.257204
2069,5.1039,0.1021,8.0112,0.1602,0.05,1.020455
2070,9.8004,0.196,8.0753,0.1615,0.05,1.236461
2071,6.2106,0.1242,7.7949,0.1559,0.05,1.076891
2072,5.3471,0.1069,7.7721,0.1554,0.05,1.027793
2073,8.4629,0.1693,7.7696,0.1554,0.05,0.860981
2074,9.3459,0.1869,7.6809,0.1536,0.05,0.876827
2075,6.0427,0.1209,7.6901,0.1538,0.05,0.995853
2076,5.8876,0.1178,7.7043,0.1541,0.05,0.993354
2077,4.6073,0.0921,7.6645,0.1533,0.05,0.853131
2078,6.2989,0.126,7.6438,0.1529,0.05,0.972274
2079,4.3936,0.0879,7.625,0.1525,0.05,1.028305
2080,8.2363,0.1647,7.6541,0.1531,0.05,1.004923
2081,4.9491,0.099,7.5487,0.151,0.05,0.965867
2082,2.8861,0.0577,7.4651,0.1493,0.05,0.968063
2083,5.5742,0.1115,7.3822,0.1476,0.05,0.978694
2084,5.1302,0.1026,7.3658,0.1473,0.05,0.893223
2085,7.1445,0.1429,7.396,0.1479,0.05,1.213504
2086,2.902,0.058,7.3927,0.1479,0.05,0.983969
2087,10.6509,0.213,7.3659,0.1473,0.05,1.103882
2088,4.5879,0.0918,7.3504,0.147,0.05,0.832862
2089,5.3153,0.1063,7.3586,0.1472,0.05,0.973672
2090,6.0648,0.1213,7.3397,0.1468,0.05,1.316259
2091,2.8515,0.057,7.2822,0.1456,0.05,0.942813
2092,6.2295,0.1246,7.2856,0.1457,0.05,1.040493
2093,3.4962,0.0699,7.2716,0.1454,0.05,1.026531
2094,4.1108,0.0822,7.2619,0.1452,0.05,0.823891
2095,4.5219,0.0904,7.2455,0.1449,0.05,1.115977
2096,2.9968,0.0599,7.2432,0.1449,0.05,1.023991
2097,18.6061,0.3721,7.38,0.1476,0.05,1.117948
2098,3.6449,0.0729,7.3565,0.1471,0.05,1.065806
2099,6.0714,0.1214,7.3813,0.1476,0.05,0.934212
2100,7.6037,0.1521,7.4288,0.1486,0.05,0.939994
2101,8.5766,0.1715,7.485,0.1497,0.05,0.950294
2102,4.7933,0.0959,7.4747,0.1495,0.05,0.991457
2103,9.9056,0.1981,7.5229,0.1505,0.05,0.858773
2104,6.1482,0.123,7.5537,0.1511,0.05,1.008816
2105,5.3422,0.1068,7.5268,0.1505,0.05,0.890713
2106,2.8957,0.0579,7.5055,0.1501,0.05,1.118194
2107,4.6365,0.0927,7.3731,0.1475,0.05,1.12354
2108,7.7584,0.1552,7.3278,0.1466,0.05,0.886383
2109,5.2064,0.1041,7.3147,0.1463,0.05,0.876218
2110,3.9935,0.0799,7.2783,0.1456,0.05,0.92043
2111,12.583,0.2517,7.2643,0.1453,0.05,1.067859
2112,7.5321,0.1506,7.2186,0.1444,0.05,0.97542
2113,6.8666,0.1373,7.23,0.1446,0.05,0.879964
2114,2.9947,0.0599,7.162,0.1432,0.05,0.897753
2115,8.4794,0.1696,7.212,0.1442,0.05,0.999903
2116,15.3492,0.307,7.3168,0.1463,0.05,1.018725
2117,4.0762,0.0815,7.3245,0.1465,0.05,1.000662
2118,24.0766,0.4815,7.4927,0.1499,0.05,0.866007
2119,8.7458,0.1749,7.5339,0.1507,0.05,1.07997
2120,4.9693,0.0994,7.5056,0.1501,0.05,0.901418
2121,10.3954,0.2079,7.4993,0.15,0.05,1.07869
2122,3.2765,0.0655,7.2446,0.1449,0.05,0.913589
2123,12.635,0.2527,7.2973,0.1459,0.05,1.053473
2124,3.6703,0.0734,7.2451,0.1449,0.05,1.035561
2125,7.1805,0.1436,7.2906,0.1458,0.05,1.056632
2126,3.9126,0.0783,7.0622,0.1412,0.05,0.958439
2127,4.7112,0.0942,7.068,0.1414,0.05,0.895541
2128,17.5751,0.3515,7.1816,0.1436,0.05,1.089548
2129,5.1743,0.1035,7.1847,0.1437,0.05,0.976605
2130,7.6369,0.1527,7.1704,0.1434,0.05,0.894887
2131,8.2781,0.1656,7.1678,0.1434,0.05,0.98487
2132,3.9013,0.078,7.1365,0.1427,0.05,0.990088
2133,3.3885,0.0678,7.1286,0.1426,0.05,0.967849
2134,4.3088,0.0862,7.1411,0.1428,0.05,1.037473
2135,6.748,0.135,7.0326,0.1407,0.05,0.935116
2136,9.5563,0.1911,6.9333,0.1387,0.05,1.063391
2137,6.028,0.1206,6.948,0.139,0.05,1.00221
2138,2.7959,0.0559,6.9011,0.138,0.05,1.087564
2139,7.402,0.148,6.9383,0.1388,0.05,0.8815
2140,3.8387,0.0768,6.753,0.1351,0.05,0.830545
2141,3.965,0.0793,6.71,0.1342,0.05,0.931469
2142,11.0525,0.2211,6.7462,0.1349,0.05,1.013742
2143,11.8991,0.238,6.6487,0.133,0.05,1.00076
2144,3.8729,0.0775,6.5927,0.1319,0.05,0.894304
2145,2.8746,0.0575,6.5538,0.1311,0.05,1.04579
2146,6.4244,0.1285,6.4901,0.1298,0.05,0.855859
2147,5.3751,0.1075,6.514,0.1303,0.05,0.943931
2148,4.6362,0.0927,6.5235,0.1305,0.05,1.048383
2149,8.3605,0.1672,6.3636,0.1273,0.05,1.059028
2150,3.2268,0.0645,6.363,0.1273,0.05,0.876769
2151,11.2867,0.2257,6.4463,0.1289,0.05,0.965859
2152,7.2592,0.1452,6.4912,0.1298,0.05,1.126923
2153,3.3394,0.0668,6.4728,0.1295,0.05,0.889964
2154,8.0583,0.1612,6.4933,0.1299,0.05,0.90889
2155,5.9191,0.1184,6.5002,0.13,0.05,1.042548
2156,2.9358,0.0587,6.4539,0.1291,0.05,1.010061
2157,5.8104,0.1162,6.4531,0.1291,0.05,0.974484
2158,11.0679,0.2214,6.5219,0.1304,0.05,1.008729
2159,11.2037,0.2241,6.5854,0.1317,0.05,0.904771
2160,10.311,0.2062,6.6276,0.1326,0.05,0.95489
2161,3.1228,0.0625,6.626,0.1325,0.05,0.934892
2162,4.2538,0.0851,6.6264,0.1325,0.05,0.983166
2163,23.0527,0.4611,6.7976,0.136,0.05,0.946819
2164,9.3678,0.1874,6.8495,0.137,0.05,0.988389
2165,3.3111,0.0662,6.8207,0.1364,0.05,0.963242
2166,3.7835,0.0757,6.8017,0.136,0.05,0.89398
2167,4.4362,0.0887,6.8055,0.1361,0.05,0.910604
2168,3.5645,0.0713,6.7619,0.1352,0.05,1.028824
2169,6.8682,0.1374,6.7795,0.1356,0.05,0.981613
2170,7.2662,0.1453,6.7542,0.1351,0.05,0.853033
2171,2.9167,0.0583,6.7212,0.1344,0.05,0.788374
2172,3.2686,0.0654,6.7005,0.134,0.05,0.970064
2173,5.4691,0.1094,6.6705,0.1334,0.05,1.144355
2174,6.0889,0.1218,6.638,0.1328,0.05,0.847744
2175,8.2305,0.1646,6.6598,0.1332,0.05,0.899366
2176,2.4962,0.0499,6.6259,0.1325,0.05,0.90626
2177,6.1942,0.1239,6.6418,0.1328,0.05,0.859233
2178,26.2128,0.5243,6.8409,0.1368,0.05,0.936294
2179,4.797,0.0959,6.845,0.1369,0.05,0.725812
2180,4.2127,0.0843,6.8047,0.1361,0.05,0.822176
2181,3.4264,0.0685,6.7895,0.1358,0.05,1.049181
2182,4.2038,0.0841,6.8027,0.1361,0.05,0.841365
2183,23.4618,0.4692,6.9815,0.1396,0.05,0.943587
2184,6.2361,0.1247,6.9926,0.1399,0.05,0.988024
2185,35.9134,0.7183,7.2803,0.1456,0.05,0.858888
2186,7.9878,0.1598,7.3312,0.1466,0.05,0.894108
2187,3.5233,0.0705,7.2599,0.1452,0.05,0.876816
2188,4.5078,0.0902,7.2591,0.1452,0.05,0.867652
2189,4.0958,0.0819,7.2469,0.1449,0.05,0.756099
2190,3.5656,0.0713,7.2219,0.1444,0.05,0.944143
2191,5.5088,0.1102,7.2485,0.145,0.05,0.871807
2192,4.4962,0.0899,7.2311,0.1446,0.05,0.835845
2193,16.6546,0.3331,7.3627,0.1473,0.05,1.065592
2194,6.3232,0.1265,7.3848,0.1477,0.05,0.941257
2195,7.7865,0.1557,7.4175,0.1483,0.05,0.86963
2196,4.8881,0.0978,7.4364,0.1487,0.05,0.788221
2197,6.1614,0.1232,7.312,0.1462,0.05,0.941353
2198,9.9392,0.1988,7.3749,0.1475,0.05,1.018301
2199,4.1937,0.0839,7.3561,0.1471,0.05,0.903612
2200,3.4319,0.0686,7.3144,0.1463,0.05,0.766365
2201,3.2743,0.0655,7.2614,0.1452,0.05,0.891321
2202,4.7129,0.0943,7.2606,0.1452,0.05,0.826767
2203,3.1169,0.0623,7.1927,0.1439,0.05,0.897739
2204,4.0437,0.0809,7.1716,0.1434,0.05,0.790592
2205,6.5275,0.1305,7.1835,0.1437,0.05,0.730992
2206,4.0111,0.0802,7.1946,0.1439,0.05,0.83344
2207,3.1687,0.0634,7.18,0.1436,0.05,0.896862
2208,4.1168,0.0823,7.1436,0.1429,0.05,0.707189
2209,5.3969,0.1079,7.1455,0.1429,0.05,0.908865
2210,5.9491,0.119,7.165,0.1433,0.05,0.754048
2211,10.5917,0.2118,7.1451,0.1429,0.05,0.718199
2212,5.2202,0.1044,7.122,0.1424,0.05,0.915712
2213,7.5589,0.1512,7.1289,0.1426,0.05,0.739264
2214,3.9856,0.0797,7.1388,0.1428,0.05,0.730285
2215,2.4132,0.0483,7.0782,0.1416,0.05,0.812424
2216,5.1012,0.102,6.9757,0.1395,0.05,1.011207
2217,3.6486,0.073,6.9714,0.1394,0.05,0.917291
2218,2.5543,0.0511,6.7562,0.1351,0.05,0.895048
2219,4.037,0.0807,6.7091,0.1342,0.05,0.859324
2220,5.1749,0.1035,6.7111,0.1342,0.05,0.730881
2221,3.8446,0.0769,6.6456,0.1329,0.05,0.847089
2222,11.068,0.2214,6.7236,0.1345,0.05,0.844923
2223,8.1597,0.1632,6.6788,0.1336,0.05,0.757522
2224,4.2262,0.0845,6.6844,0.1337,0.05,0.722308
2225,6.6975,0.134,6.6795,0.1336,0.05,0.880682
2226,4.1889,0.0838,6.6823,0.1336,0.05,0.862121
2227,3.2763,0.0655,6.6679,0.1334,0.05,0.842167
2228,6.0037,0.1201,6.5522,0.131,0.05,0.784464
2229,2.6111,0.0522,6.5266,0.1305,0.05,0.817363
2230,3.4853,0.0697,6.4851,0.1297,0.05,0.723203
2231,6.0493,0.121,6.4628,0.1293,0.05,0.731538
2232,4.1262,0.0825,6.465,0.1293,0.05,0.794452
2233,3.3738,0.0675,6.4649,0.1293,0.05,0.78719
2234,5.8205,0.1164,6.48,0.1296,0.05,0.932162
2235,3.3796,0.0676,6.4463,0.1289,0.05,0.777331
2236,3.686,0.0737,6.3876,0.1278,0.05,0.739094
2237,2.3213,0.0464,6.3506,0.127,0.05,0.958361
2238,10.0422,0.2008,6.423,0.1285,0.05,0.875789
2239,2.8536,0.0571,6.3775,0.1276,0.05,1.009133
2240,3.2082,0.0642,6.3712,0.1274,0.05,0.752732
2241,3.3635,0.0673,6.3652,0.1273,0.05,0.806624
2242,7.0403,0.1408,6.3251,0.1265,0.05,0.670555
2243,17.284,0.3457,6.3789,0.1276,0.05,0.833076
2244,8.7934,0.1759,6.4282,0.1286,0.05,0.883032
2245,3.3465,0.0669,6.4329,0.1287,0.05,0.799701
2246,5.4442,0.1089,6.4231,0.1285,0.05,0.802917
2247,4.111,0.0822,6.4104,0.1282,0.05,0.661517
2248,8.2574,0.1651,6.4466,0.1289,0.05,0.805892
2249,4.4336,0.0887,6.4074,0.1281,0.05,0.773895
2250,5.3133,0.1063,6.4282,0.1286,0.05,0.776557
2251,2.3185,0.0464,6.3386,0.1268,0.05,0.851056
2252,3.2488,0.065,6.2984,0.126,0.05,0.860272
2253,3.0003,0.06,6.2951,0.1259,0.05,0.791218
2254,3.8098,0.0762,6.2526,0.1251,0.05,0.747114
2255,5.6253,0.1125,6.2496,0.125,0.05,0.731305
2256,4.6976,0.094,6.2673,0.1253,0.05,0.645004
2257,5.1024,0.102,6.2602,0.1252,0.05,0.773593
2258,6.6883,0.1338,6.2164,0.1243,0.05,0.828128
2259,4.3217,0.0864,6.1476,0.123,0.05,0.876439
2260,7.724,0.1545,6.1217,0.1224,0.05,0.708406
2261,4.8606,0.0972,6.1391,0.1228,0.05,0.710227
2262,2.8624,0.0572,6.1252,0.1225,0.05,0.75098
2263,5.2818,0.1056,5.9474,0.1189,0.05,0.716749
2264,7.4281,0.1486,5.928,0.1186,0.05,0.783435
2265,3.6499,0.073,5.9314,0.1186,0.05,0.789873
2266,5.1933,0.1039,5.9455,0.1189,0.05,0.759522
2267,3.8017,0.076,5.9392,0.1188,0.05,0.71742
2268,2.061,0.0412,5.9242,0.1185,0.05,0.870557
2269,5.932,0.1186,5.9148,0.1183,0.05,0.681178
2270,4.1144,0.0823,5.8833,0.1177,0.05,0.918851
2271,5.7257,0.1145,5.9114,0.1182,0.05,0.874074
2272,5.6594,0.1132,5.9353,0.1187,0.05,0.722122
2273,8.2922,0.1658,5.9635,0.1193,0.05,0.579769
2274,21.4475,0.4289,6.1171,0.1223,0.05,0.835878
2275,3.9683,0.0794,6.0745,0.1215,0.05,0.882893
2276,5.8229,0.1165,6.1077,0.1222,0.05,0.866713
2277,2.9778,0.0596,6.0756,0.1215,0.05,0.896966
2278,4.8335,0.0967,5.8618,0.1172,0.05,0.804527
2279,3.0465,0.0609,5.8443,0.1169,0.05,0.701819
2280,2.961,0.0592,5.8318,0.1166,0.05,0.783778
2281,6.3136,0.1263,5.8606,0.1172,0.05,0.767547
2282,21.1718,0.4234,6.0303,0.1206,0.05,0.822827
2283,6.8924,0.1378,5.8646,0.1173,0.05,0.759942
2284,9.7085,0.1942,5.8993,0.118,0.05,0.698173
2285,7.4249,0.1485,5.6144,0.1123,0.05,0.945898
2286,5.4533,0.1091,5.5891,0.1118,0.05,0.823974
2287,5.0577,0.1012,5.6044,0.1121,0.05,0.679357
2288,6.2304,0.1246,5.6217,0.1124,0.05,0.804986
2289,10.8937,0.2179,5.6896,0.1138,0.05,0.807262
2290,13.6301,0.2726,5.7903,0.1158,0.05,0.737731
2291,4.8977,0.098,5.7842,0.1157,0.05,0.822418
2292,6.4158,0.1283,5.8034,0.1161,0.05,0.881253
2293,10.1356,0.2027,5.7382,0.1148,0.05,0.755708
2294,7.6198,0.1524,5.7512,0.115,0.05,0.806175
2295,7.5834,0.1517,5.7491,0.115,0.05,0.851776
2296,7.2889,0.1458,5.7731,0.1155,0.05,0.873299
2297,5.3325,0.1066,5.7648,0.1153,0.05,0.769541
2298,3.0688,0.0614,5.6961,0.1139,0.05,0.81619
2299,3.7454,0.0749,5.6917,0.1138,0.05,0.868194
2300,8.2202,0.1644,5.7395,0.1148,0.05,0.849918
2301,3.5821,0.0716,5.7426,0.1149,0.05,0.965136
2302,5.094,0.1019,5.7464,0.1149,0.05,0.749673
2303,6.1131,0.1223,5.7764,0.1155,0.05,0.72677
2304,5.2323,0.1046,5.7883,0.1158,0.05,0.777518
2305,8.1524,0.163,5.8045,0.1161,0.05,0.781686
2306,2.2887,0.0458,5.7873,0.1157,0.05,0.79436
2307,5.2825,0.1057,5.8084,0.1162,0.05,0.803015
2308,3.1146,0.0623,5.7984,0.116,0.05,0.730973
2309,2.9725,0.0595,5.7742,0.1155,0.05,0.783893
2310,5.1617,0.1032,5.7663,0.1153,0.05,0.787847
2311,3.4732,0.0695,5.6951,0.1139,0.05,0.768212
2312,12.8955,0.2579,5.7719,0.1154,0.05,0.820298
2313,2.5639,0.0513,5.7219,0.1144,0.05,0.759519
2314,6.8221,0.1364,5.7503,0.115,0.05,0.689188
2315,2.646,0.0529,5.7526,0.1151,0.05,0.839141
2316,4.4048,0.0881,5.7456,0.1149,0.05,0.746974
2317,6.8086,0.1362,5.7772,0.1155,0.05,0.779259
2318,4.0252,0.0805,5.792,0.1158,0.05,0.683035
2319,9.3843,0.1877,5.8454,0.1169,0.05,0.817728
2320,4.742,0.0948,5.8411,0.1168,0.05,0.69614
2321,3.9861,0.0797,5.8425,0.1169,0.05,0.842308
2322,4.6672,0.0933,5.7785,0.1156,0.05,0.705137
2323,5.644,0.1129,5.7533,0.1151,0.05,0.859805
2324,4.3507,0.087,5.7546,0.1151,0.05,0.733035
2325,29.76,0.5952,5.9852,0.1197,0.05,0.792817
2326,3.7846,0.0757,5.9812,0.1196,0.05,0.755144
2327,2.5631,0.0513,5.974,0.1195,0.05,0.826689
2328,3.5264,0.0705,5.9493,0.119,0.05,0.846171
2329,3.5077,0.0702,5.9582,0.1192,0.05,0.787662
2330,4.5723,0.0914,5.9691,0.1194,0.05,0.847564
2331,7.9978,0.16,5.9886,0.1198,0.05,0.875623
2332,5.9383,0.1188,6.0067,0.1201,0.05,0.70218
2333,3.0416,0.0608,6.0034,0.1201,0.05,0.826613
2334,1.8811,0.627,5.964,0.1252,0.05,0.607551
2335,4.8623,0.0972,5.9788,0.1255,0.05,0.763378
2336,5.0607,0.1012,5.9926,0.1257,0.05,0.740027
2337,3.404,0.0681,6.0034,0.126,0.05,0.827901
2338,6.9297,0.1386,5.9723,0.1253,0.05,0.847522
2339,6.1958,0.1239,6.0057,0.126,0.05,0.705669
2340,5.3209,0.1064,6.0268,0.1264,0.05,0.758237
2341,2.4262,0.0485,6.0174,0.1262,0.05,0.926052
2342,6.8129,0.1363,6.0152,0.1262,0.05,0.863732
2343,4.3763,0.0875,5.8861,0.1236,0.05,0.877507
2344,6.779,0.1356,5.8659,0.1232,0.05,0.715458
2345,5.798,0.116,5.8905,0.1237,0.05,0.81903
2346,7.086,0.1417,5.9069,0.124,0.05,0.740402
2347,4.0186,0.0804,5.906,0.124,0.05,0.650814
2348,2.8666,0.0573,5.852,0.1229,0.05,0.786388
2349,10.1588,0.2032,5.9093,0.1241,0.05,0.712828
2350,7.5417,0.1508,5.9316,0.1245,0.05,0.855211
2351,3.4384,0.0688,5.9428,0.1247,0.05,0.761576
2352,7.9395,0.1588,5.9897,0.1257,0.05,0.778975
2353,5.2052,0.1041,6.0117,0.1261,0.05,0.811461
2354,6.3504,0.127,6.0371,0.1266,0.05,0.811014
2355,5.1242,0.1025,6.0321,0.1265,0.05,0.646173
2356,4.2643,0.0853,6.0278,0.1265,0.05,0.927009
2357,5.064,0.1013,6.0274,0.1264,0.05,0.850514
2358,8.8073,0.1761,6.0486,0.1269,0.05,0.772755
2359,3.4025,0.0681,6.0394,0.1267,0.05,0.643311
2360,6.0782,0.1216,6.023,0.1264,0.05,0.807476
2361,5.265,0.1053,6.027,0.1264,0.05,0.712069
2362,8.3802,0.1676,6.0822,0.1275,0.05,0.794028
2363,3.8144,0.0763,6.0675,0.1272,0.05,0.788733
2364,5.2494,0.105,6.0457,0.1268,0.05,0.498969
2365,7.0271,0.1405,6.0795,0.1275,0.05,0.666827
2366,5.0735,0.1015,6.0783,0.1275,0.05,0.708927
2367,7.8181,0.1564,6.1185,0.1283,0.05,0.794656
2368,4.3283,0.0866,6.1411,0.1287,0.05,0.795951
2369,4.7569,0.0951,6.1294,0.1285,0.05,0.766022
2370,4.7415,0.0948,6.1356,0.1286,0.05,0.758457
2371,6.2253,0.1245,6.1406,0.1287,0.05,0.751403
2372,5.8876,0.1178,6.1429,0.1288,0.05,0.649693
2373,11.3448,0.2269,6.1735,0.1294,0.05,0.844165
2374,8.4091,0.1682,6.0431,0.1268,0.05,0.727759
2375,2.8856,0.0577,6.0322,0.1265,0.05,0.792008
2376,2.8053,0.0561,6.0021,0.1259,0.05,0.771692
2377,5.4997,0.11,6.0273,0.1264,0.05,0.696513
2378,7.3314,0.1466,6.0523,0.1269,0.05,0.788744
2379,5.6844,0.1137,6.0786,0.1275,0.05,0.677104
2380,5.229,0.1046,6.1013,0.1279,0.05,0.725869
2381,4.3595,0.0872,6.0818,0.1275,0.05,0.757554
2382,2.8904,0.0578,5.899,0.1239,0.05,0.775157
2383,3.4951,0.0699,5.865,0.1232,0.05,0.69253
2384,2.9316,0.0586,5.7972,0.1218,0.05,0.688407
2385,6.6166,0.1323,5.7891,0.1217,0.05,0.727865
2386,12.6914,0.2538,5.8615,0.1231,0.05,0.710006
2387,4.3381,0.0868,5.8543,0.123,0.05,0.679315
2388,3.606,0.0721,5.8281,0.1225,0.05,0.695507
2389,4.4104,0.0882,5.7633,0.1212,0.05,0.680627
2390,3.3194,0.0664,5.6601,0.1191,0.05,0.674953
2391,3.3872,0.0677,5.645,0.1188,0.05,0.6214
2392,5.0636,0.1013,5.6315,0.1185,0.05,0.697681
2393,4.209,0.0842,5.5723,0.1173,0.05,0.699208
2394,11.4803,0.2296,5.6109,0.1181,0.05,0.736397
2395,4.3384,0.0868,5.5784,0.1175,0.05,0.622188
2396,6.3083,0.1262,5.5686,0.1173,0.05,0.656069
2397,5.5794,0.1116,5.5711,0.1173,0.05,0.731001
2398,4.6907,0.0938,5.5873,0.1176,0.05,0.80969
2399,9.8932,0.1979,5.6488,0.1189,0.05,0.69361
2400,6.2204,0.1244,5.6288,0.1185,0.05,0.756345
2401,3.3937,0.0679,5.6269,0.1184,0.05,0.749654
2402,5.7465,0.1149,5.6334,0.1186,0.05,0.858909
2403,9.5523,0.191,5.6678,0.1193,0.05,0.700506
2404,4.823,0.0965,5.6637,0.1192,0.05,0.778866
2405,15.0614,0.3012,5.7328,0.1206,0.05,0.806649
2406,2.9947,0.0599,5.7399,0.1207,0.05,0.658714
2407,3.055,0.0611,5.7176,0.1202,0.05,0.654887
2408,3.5625,0.0713,5.7221,0.1203,0.05,0.80558
2409,3.4951,0.0699,5.7273,0.1204,0.05,0.647569
2410,5.1012,0.102,5.7267,0.1204,0.05,0.659309
2411,17.9233,0.3585,5.8712,0.1233,0.05,0.726809
2412,4.2743,0.0855,5.785,0.1216,0.05,0.757418
2413,3.5771,0.0715,5.7951,0.1218,0.05,0.670252
2414,21.6282,0.4326,5.9432,0.1248,0.05,0.704299
2415,4.1814,0.0836,5.9585,0.1251,0.05,0.680649
2416,5.701,0.114,5.9715,0.1253,0.05,0.724634
2417,11.5576,0.2312,6.019,0.1263,0.05,0.718759
2418,6.2042,0.1241,6.0408,0.1267,0.05,0.692384
2419,2.6776,0.0536,5.9737,0.1254,0.05,0.729763
2420,4.5554,0.0911,5.9718,0.1253,0.05,0.678935
2421,4.1019,0.082,5.973,0.1254,0.05,0.787386
2422,5.2534,0.1051,5.9789,0.1255,0.05,0.6954
2423,15.0139,0.3003,6.0726,0.1273,0.05,0.592825
2424,5.1885,0.1038,6.0809,0.1275,0.05,0.726644
2425,6.4171,0.1283,5.8475,0.1228,0.05,0.688892
2426,11.0407,0.2208,5.9201,0.1243,0.05,0.710904
2427,2.7244,0.0545,5.9217,0.1243,0.05,0.664067
2428,3.2043,0.0641,5.9185,0.1243,0.05,0.609899
2429,3.4178,0.0684,5.9176,0.1242,0.05,0.708609
2430,3.8148,0.0763,5.91,0.1241,0.05,0.699343
2431,6.5566,0.1311,5.8956,0.1238,0.05,0.799295
2432,5.2274,0.1045,5.8885,0.1237,0.05,0.81114
2433,4.6488,0.093,5.9045,0.124,0.05,0.719652
2434,4.6128,0.0923,5.9318,0.1186,0.05,0.653456
2435,3.9947,0.0799,5.9232,0.1185,0.05,0.663941
2436,6.0322,0.1206,5.9329,0.1187,0.05,0.728374
2437,2.8643,0.0573,5.9275,0.1185,0.05,0.667066
2438,5.009,0.1002,5.9083,0.1182,0.05,0.820696
2439,3.8093,0.0762,5.8844,0.1177,0.05,0.675303
2440,2.9722,0.0594,5.8609,0.1172,0.05,0.641833
2441,3.2695,0.0654,5.8694,0.1174,0.05,0.643186
2442,10.4556,0.2091,5.9058,0.1181,0.05,0.740199
2443,6.6891,0.1338,5.9289,0.1186,0.05,0.621874
2444,4.9326,0.0987,5.9105,0.1182,0.05,0.690601
2445,17.8446,0.3569,6.0309,0.1206,0.05,0.626287
2446,3.637,0.0727,5.9964,0.1199,0.05,0.675299
2447,3.0633,0.0613,5.9869,0.1197,0.05,0.66924
2448,3.6918,0.0738,5.9951,0.1199,0.05,0.66678
2449,5.0315,0.1006,5.9439,0.1189,0.05,0.61872
2450,5.4775,0.1096,5.9232,0.1185,0.05,0.644192
2451,5.3675,0.1074,5.9425,0.1189,0.05,0.695882
2452,8.7079,0.1742,5.9502,0.119,0.05,0.540194
2453,4.6833,0.0937,5.945,0.1189,0.05,0.668602
2454,7.9966,0.1599,5.9614,0.1192,0.05,0.651464
2455,5.3875,0.1078,5.9641,0.1193,0.05,0.731869
2456,8.3605,0.1672,6.005,0.1201,0.05,0.639441
2457,2.4924,0.0498,5.9793,0.1196,0.05,0.797999
2458,2.3866,0.0477,5.9151,0.1183,0.05,0.600161
2459,2.8356,0.0567,5.9094,0.1182,0.05,0.696793
2460,4.4343,0.0887,5.893,0.1179,0.05,0.709236
2461,2.9541,0.0591,5.8699,0.1174,0.05,0.659468
2462,4.6166,0.0923,5.8323,0.1166,0.05,0.669165
2463,10.4824,0.2096,5.8989,0.118,0.05,0.679671
2464,4.0062,0.0801,5.8865,0.1177,0.05,0.469534
2465,7.4241,0.1485,5.8905,0.1178,0.05,0.762309
2466,11.2324,0.2246,5.9521,0.119,0.05,0.653626
2467,6.669,0.1334,5.9406,0.1188,0.05,0.754919
2468,2.6581,0.0532,5.9239,0.1185,0.05,0.661068
2469,5.3693,0.1074,5.93,0.1186,0.05,0.713391
2470,4.3582,0.0872,5.9262,0.1185,0.05,0.583177
2471,7.8211,0.1564,5.9421,0.1188,0.05,0.722425
2472,3.7761,0.0755,5.921,0.1184,0.05,0.670172
2473,12.3906,0.2478,5.9315,0.1186,0.05,0.618856
2474,3.5806,0.0716,5.8832,0.1177,0.05,0.565503
2475,2.4831,0.0497,5.8791,0.1176,0.05,0.568602
2476,3.7025,0.074,5.8881,0.1178,0.05,0.620818
2477,7.2191,0.1444,5.9053,0.1181,0.05,0.662425
2478,8.5135,0.1703,5.9171,0.1183,0.05,0.642938
2479,3.0494,0.061,5.8908,0.1178,0.05,0.747727
2480,5.4927,0.1099,5.8934,0.1179,0.05,0.733786
2481,3.0124,0.0602,5.88,0.1176,0.05,0.623068
2482,9.0803,0.1816,5.9418,0.1188,0.05,0.744894
2483,7.1084,0.1422,5.978,0.1196,0.05,0.66524
2484,3.8624,0.0772,5.9873,0.1197,0.05,0.624602
2485,9.8095,0.1962,6.0192,0.1204,0.05,0.638505
2486,3.8151,0.0763,5.9305,0.1186,0.05,0.519423
2487,2.7083,0.0542,5.9142,0.1183,0.05,0.724361
2488,2.776,0.0555,5.9059,0.1181,0.05,0.6533
2489,6.2087,0.1242,5.9238,0.1185,0.05,0.682243
2490,5.682,0.1136,5.9475,0.1189,0.05,0.667067
2491,3.3896,0.0678,5.9475,0.1189,0.05,0.615484
2492,3.5514,0.071,5.9324,0.1186,0.05,0.616036
2493,10.5955,0.2119,5.9962,0.1199,0.05,0.540105
2494,4.6578,0.0932,5.928,0.1186,0.05,0.684869
2495,4.9191,0.0984,5.9338,0.1187,0.05,0.675026
2496,10.0674,0.2013,5.9714,0.1194,0.05,0.720208
2497,2.9456,0.0589,5.9451,0.1189,0.05,0.603506
2498,3.7149,0.0743,5.9353,0.1187,0.05,0.563706
2499,7.0626,0.1413,5.907,0.1181,0.05,0.532636
2500,3.6139,0.0723,5.8809,0.1176,0.05,0.582076
