episode,total_reward,rps,avg_reward_100,avg_rps_100,epsilon,loss
1,1.9072,0.0381,1.9072,0.0381,0.8992,0.0
2,9.8239,0.1965,5.8656,0.1173,0.8983,0.0
3,3.569,0.0714,5.1,0.102,0.8974,0.078496
4,6.3024,0.126,5.4006,0.108,0.8966,0.058511
5,2.2145,0.0443,4.7634,0.0953,0.8958,0.034027
6,4.419,0.0884,4.706,0.0941,0.8949,0.017908
7,4.2278,0.0846,4.6377,0.0928,0.8941,0.011299
8,2.2667,0.0453,4.3413,0.0868,0.8932,0.00911
9,4.7899,0.0958,4.3911,0.0878,0.8923,0.007604
10,2.9374,0.0587,4.2458,0.0849,0.8915,0.008755
11,3.0406,0.0608,4.1362,0.0827,0.8907,0.007506
12,6.7008,0.134,4.3499,0.087,0.8898,0.005957
13,9.0803,0.1816,4.7138,0.0943,0.889,0.007613
14,2.6759,0.0535,4.5682,0.0914,0.8881,0.007411
15,4.0603,0.0812,4.5344,0.0907,0.8872,0.006674
16,3.2299,0.0646,4.4529,0.0891,0.8864,0.007821
17,6.7297,0.1346,4.5868,0.0917,0.8856,0.007745
18,5.4475,0.1089,4.6346,0.0927,0.8847,0.007066
19,5.7707,0.1154,4.6944,0.0939,0.8839,0.007851
20,6.9546,0.1391,4.8074,0.0961,0.883,0.008319
21,3.6932,0.0739,4.7543,0.0951,0.8821,0.008084
22,4.2273,0.0845,4.7304,0.0946,0.8813,0.009279
23,2.6231,0.0525,4.6388,0.0928,0.8804,0.009457
24,6.8816,0.1376,4.7322,0.0946,0.8796,0.010253
25,5.1356,0.1027,4.7483,0.095,0.8788,0.009212
26,3.9919,0.0798,4.7193,0.0944,0.8779,0.012048
27,4.9016,0.098,4.726,0.0945,0.877,0.011501
28,2.5362,0.0507,4.6478,0.093,0.8762,0.01211
29,1.9251,0.0385,4.5539,0.0911,0.8753,0.012097
30,2.6388,0.0528,4.4901,0.0898,0.8745,0.012464
31,3.4935,0.0699,4.4579,0.0892,0.8737,0.015753
32,3.5153,0.0703,4.4285,0.0886,0.8728,0.014669
33,4.4908,0.0898,4.4304,0.0886,0.872,0.014698
34,2.9088,0.0582,4.3856,0.0877,0.8711,0.014611
35,4.4839,0.0897,4.3884,0.0878,0.8702,0.017082
36,3.7121,0.0742,4.3696,0.0874,0.8694,0.015738
37,14.2453,0.2849,4.6365,0.0927,0.8686,0.016918
38,3.4755,0.0695,4.606,0.0921,0.8677,0.017907
39,3.5014,0.07,4.5777,0.0916,0.8669,0.022413
40,2.2242,0.0445,4.5188,0.0904,0.866,0.020014
41,2.9026,0.0581,4.4794,0.0896,0.8651,0.020865
42,8.9451,0.1789,4.5857,0.0917,0.8643,0.01901
43,2.0941,0.0419,4.5278,0.0906,0.8634,0.022076
44,2.9877,0.0598,4.4928,0.0899,0.8626,0.026758
45,12.2686,0.2454,4.6656,0.0933,0.8618,0.023766
46,9.947,0.1989,4.7804,0.0956,0.8609,0.024531
47,3.7943,0.0759,4.7594,0.0952,0.86,0.026183
48,2.4649,0.0493,4.7116,0.0942,0.8592,0.025527
49,2.5321,0.0506,4.6671,0.0933,0.8583,0.027657
50,3.7898,0.0758,4.6496,0.093,0.8575,0.029968
51,6.0674,0.1213,4.6774,0.0935,0.8567,0.031116
52,7.5789,0.1516,4.7332,0.0947,0.8558,0.032339
53,2.9074,0.0581,4.6987,0.094,0.8549,0.030675
54,5.2684,0.1054,4.7093,0.0942,0.8541,0.034102
55,3.3345,0.0667,4.6843,0.0937,0.8532,0.033456
56,8.5902,0.1718,4.754,0.0951,0.8524,0.035434
57,5.1405,0.1028,4.7608,0.0952,0.8516,0.030329
58,2.2104,0.0442,4.7168,0.0943,0.8507,0.037682
59,2.4112,0.0482,4.6778,0.0936,0.8498,0.040305
60,5.4092,0.1082,4.69,0.0938,0.849,0.034686
61,3.8126,0.0763,4.6756,0.0935,0.8481,0.037877
62,4.4244,0.0885,4.6715,0.0934,0.8473,0.037904
63,4.9656,0.0993,4.6762,0.0935,0.8465,0.036878
64,4.0721,0.0814,4.6668,0.0933,0.8456,0.043796
65,4.8462,0.0969,4.6695,0.0934,0.8448,0.045552
66,5.545,0.1109,4.6828,0.0937,0.8439,0.047761
67,3.31,0.0662,4.6623,0.0932,0.8431,0.035762
68,2.1644,0.0433,4.6256,0.0925,0.8422,0.046713
69,12.4342,0.2487,4.7387,0.0948,0.8414,0.052016
70,4.6519,0.093,4.7375,0.0947,0.8405,0.058823
71,6.045,0.1209,4.7559,0.0951,0.8397,0.054987
72,3.1843,0.0637,4.7341,0.0947,0.8388,0.048066
73,1.8849,0.0377,4.695,0.0939,0.838,0.052603
74,3.5437,0.0709,4.6795,0.0936,0.8371,0.057998
75,5.8512,0.117,4.6951,0.0939,0.8363,0.055366
76,1.9204,0.0384,4.6586,0.0932,0.8354,0.060496
77,3.6593,0.0732,4.6456,0.0929,0.8346,0.054264
78,5.1854,0.1037,4.6525,0.0931,0.8337,0.059776
79,5.5924,0.1118,4.6644,0.0933,0.8329,0.055529
80,3.107,0.0621,4.645,0.0929,0.832,0.063404
81,3.6255,0.0725,4.6324,0.0926,0.8312,0.064943
82,2.8763,0.0575,4.611,0.0922,0.8303,0.070494
83,6.6427,0.1329,4.6354,0.0927,0.8295,0.068588
84,3.5307,0.0706,4.6223,0.0924,0.8286,0.054746
85,2.7183,0.0544,4.5999,0.092,0.8278,0.07097
86,4.1779,0.0836,4.595,0.0919,0.8269,0.060222
87,4.2963,0.0859,4.5916,0.0918,0.8261,0.06962
88,6.3316,0.1266,4.6113,0.0922,0.8252,0.072332
89,2.0376,0.0408,4.5824,0.0916,0.8244,0.061357
90,3.171,0.0634,4.5667,0.0913,0.8235,0.07425
91,3.8157,0.0763,4.5585,0.0912,0.8227,0.072795
92,7.8535,0.1571,4.5943,0.0919,0.8218,0.079244
93,2.1448,0.0429,4.5679,0.0914,0.821,0.073637
94,7.8896,0.1578,4.6033,0.0921,0.8201,0.075556
95,17.3931,0.3479,4.7379,0.0948,0.8193,0.079989
96,6.3045,0.1261,4.7542,0.0951,0.8184,0.091614
97,5.8727,0.1175,4.7658,0.0953,0.8175,0.071896
98,2.8313,0.0566,4.746,0.0949,0.8167,0.07423
99,6.0956,0.1219,4.7597,0.0952,0.8159,0.085524
100,5.884,0.1177,4.7709,0.0954,0.815,0.085964
101,2.8183,0.0564,4.78,0.0956,0.8142,0.087617
102,10.1011,0.202,4.7828,0.0957,0.8133,0.094888
103,5.3888,0.1078,4.801,0.096,0.8125,0.080586
104,3.4063,0.0681,4.772,0.0954,0.8116,0.109823
105,8.6492,0.173,4.8364,0.0967,0.8108,0.086736
106,2.3636,0.0473,4.8158,0.0963,0.8099,0.078028
107,4.0592,0.0812,4.8141,0.0963,0.8091,0.098637
108,3.4272,0.0685,4.8257,0.0965,0.8082,0.088069
109,11.319,0.2264,4.891,0.0978,0.8074,0.082691
110,2.2378,0.0448,4.884,0.0977,0.8065,0.083756
111,8.1809,0.1636,4.9354,0.0987,0.8057,0.091639
112,5.5935,0.1119,4.9244,0.0985,0.8048,0.090883
113,2.9731,0.0595,4.8633,0.0973,0.804,0.107806
114,2.9586,0.0592,4.8661,0.0973,0.8031,0.112525
115,3.6695,0.0734,4.8622,0.0972,0.8023,0.100748
116,5.5033,0.1101,4.8849,0.0977,0.8014,0.115209
117,2.7531,0.0551,4.8452,0.0969,0.8005,0.105534
118,2.2966,0.0459,4.8137,0.0963,0.7997,0.120984
119,3.6748,0.0735,4.7927,0.0959,0.7989,0.103644
120,4.4088,0.0882,4.7672,0.0953,0.798,0.116719
121,3.7784,0.0756,4.7681,0.0954,0.7972,0.105734
122,4.7748,0.0955,4.7736,0.0955,0.7963,0.114705
123,3.7266,0.0745,4.7846,0.0957,0.7954,0.125763
124,3.257,0.0651,4.7484,0.095,0.7946,0.104129
125,4.4581,0.0892,4.7416,0.0948,0.7938,0.115907
126,3.0185,0.0604,4.7319,0.0946,0.7929,0.114362
127,5.0231,0.1005,4.7331,0.0947,0.7921,0.1187
128,2.092,0.0418,4.7286,0.0946,0.7912,0.111457
129,6.6647,0.1333,4.776,0.0955,0.7903,0.122446
130,3.7164,0.0743,4.7868,0.0957,0.7895,0.116
131,5.6605,0.1132,4.8085,0.0962,0.7887,0.11835
132,2.23,0.0446,4.7956,0.0959,0.7878,0.103672
133,13.9534,0.2791,4.8902,0.0978,0.787,0.112053
134,6.3571,0.1271,4.9247,0.0985,0.7861,0.127161
135,4.0192,0.0804,4.9201,0.0984,0.7853,0.125715
136,3.6175,0.0724,4.9191,0.0984,0.7844,0.128724
137,6.4756,0.1295,4.8414,0.0968,0.7835,0.118075
138,6.7549,0.1351,4.8742,0.0975,0.7827,0.136453
139,2.2104,0.0442,4.8613,0.0972,0.7819,0.114278
140,7.5101,0.1502,4.9142,0.0983,0.781,0.132256
141,4.5043,0.0901,4.9302,0.0986,0.7802,0.14356
142,3.9758,0.0795,4.8805,0.0976,0.7793,0.128649
143,9.1818,0.1836,4.9514,0.099,0.7784,0.128229
144,5.7831,0.1157,4.9793,0.0996,0.7776,0.134492
145,6.4398,0.1288,4.921,0.0984,0.7768,0.128514
146,8.8076,0.1762,4.9097,0.0982,0.7759,0.129562
147,7.0429,0.1409,4.9421,0.0988,0.7751,0.159259
148,2.9674,0.0593,4.9472,0.0989,0.7742,0.141338
149,3.0078,0.0602,4.9519,0.099,0.7733,0.148774
150,6.1327,0.1227,4.9753,0.0995,0.7725,0.16308
151,2.1317,0.0426,4.936,0.0987,0.7717,0.145688
152,2.4741,0.0495,4.8849,0.0977,0.7708,0.143906
153,4.6446,0.0929,4.9023,0.098,0.77,0.151328
154,4.3487,0.087,4.8931,0.0979,0.7691,0.155089
155,12.6416,0.2528,4.9862,0.0997,0.7682,0.142526
156,2.4561,0.0491,4.9248,0.0985,0.7674,0.151237
157,2.7761,0.0555,4.9012,0.098,0.7665,0.176689
158,10.7373,0.2147,4.9865,0.0997,0.7657,0.158806
159,7.4122,0.1482,5.0365,0.1007,0.7649,0.162833
160,10.7665,0.2153,5.0901,0.1018,0.764,0.183119
161,4.6423,0.0928,5.0984,0.102,0.7631,0.153673
162,4.0729,0.0815,5.0948,0.1019,0.7623,0.161015
163,3.4586,0.0692,5.0798,0.1016,0.7614,0.169005
164,5.0586,0.1012,5.0896,0.1018,0.7606,0.156775
165,8.6141,0.1723,5.1273,0.1025,0.7598,0.173287
166,4.1629,0.0833,5.1135,0.1023,0.7589,0.188319
167,4.8994,0.098,5.1294,0.1026,0.7581,0.161322
168,4.7433,0.0949,5.1552,0.1031,0.7572,0.14878
169,5.8941,0.1179,5.0898,0.1018,0.7563,0.181336
170,3.7075,0.0741,5.0803,0.1016,0.7555,0.157905
171,14.6473,0.2929,5.1664,0.1033,0.7547,0.185273
172,4.4276,0.0886,5.1788,0.1036,0.7538,0.190378
173,3.4608,0.0692,5.1945,0.1039,0.753,0.165245
174,3.0313,0.0606,5.1894,0.1038,0.7521,0.190155
175,3.0349,0.0607,5.1613,0.1032,0.7512,0.192873
176,5.671,0.1134,5.1988,0.104,0.7504,0.190482
177,2.7035,0.0541,5.1892,0.1038,0.7495,0.171244
178,6.3652,0.1273,5.201,0.104,0.7487,0.202924
179,3.0908,0.0618,5.176,0.1035,0.7479,0.183053
180,3.7812,0.0756,5.1827,0.1037,0.747,0.172257
181,1.9276,0.0386,5.1658,0.1033,0.7461,0.205371
182,9.151,0.183,5.2285,0.1046,0.7453,0.208277
183,3.1873,0.0637,5.1939,0.1039,0.7444,0.196236
184,3.9655,0.0793,5.1983,0.104,0.7436,0.226183
185,10.05,0.201,5.2716,0.1054,0.7428,0.19589
186,5.5231,0.1105,5.2851,0.1057,0.7419,0.214332
187,2.892,0.0578,5.271,0.1054,0.741,0.213452
188,1.7303,0.0346,5.225,0.1045,0.7402,0.188506
189,3.4967,0.0699,5.2396,0.1048,0.7394,0.216309
190,10.8826,0.2177,5.3167,0.1063,0.7385,0.204493
191,1.9674,0.0393,5.2982,0.106,0.7377,0.17411
192,5.8058,0.1161,5.2778,0.1056,0.7368,0.173979
193,3.7333,0.0747,5.2936,0.1059,0.736,0.186373
194,1.9044,0.0381,5.2338,0.1047,0.7351,0.207863
195,8.9227,0.1785,5.1491,0.103,0.7343,0.2097
196,4.8916,0.0978,5.135,0.1027,0.7334,0.217467
197,2.9492,0.059,5.1057,0.1021,0.7326,0.211107
198,8.8002,0.176,5.1654,0.1033,0.7317,0.228236
199,8.5401,0.1708,5.1899,0.1038,0.7309,0.241376
200,2.3995,0.048,5.155,0.1031,0.73,0.193975
201,4.6741,0.0935,5.1736,0.1035,0.7292,0.193166
202,5.1321,0.1026,5.1239,0.1025,0.7283,0.257538
203,5.1973,0.1039,5.122,0.1024,0.7275,0.231673
204,5.1455,0.1029,5.1394,0.1028,0.7266,0.239035
205,9.2794,0.1856,5.1457,0.1029,0.7258,0.198225
206,2.7657,0.0553,5.1497,0.103,0.7249,0.20825
207,4.3519,0.087,5.1526,0.1031,0.7241,0.233993
208,3.9537,0.0791,5.1579,0.1032,0.7232,0.225695
209,3.1426,0.0629,5.0761,0.1015,0.7224,0.268042
210,3.7647,0.0753,5.0914,0.1018,0.7215,0.216058
211,1.0285,1.0285,5.0198,0.1105,0.7215,0.18048
212,6.0047,0.1201,5.024,0.1106,0.7206,0.289145
213,2.5612,0.0512,5.0198,0.1105,0.7198,0.205918
214,4.3092,0.0862,5.0333,0.1107,0.7189,0.248914
215,5.6973,0.1139,5.0536,0.1112,0.7181,0.214811
216,7.1552,0.1431,5.0701,0.1115,0.7172,0.242293
217,4.4219,0.0884,5.0868,0.1118,0.7164,0.249587
218,5.7285,0.1146,5.1211,0.1125,0.7155,0.247803
219,4.8092,0.0962,5.1325,0.1127,0.7147,0.287195
220,3.2149,0.0643,5.1206,0.1125,0.7138,0.265241
221,5.802,0.116,5.1408,0.1129,0.713,0.225645
222,2.0584,0.0412,5.1136,0.1124,0.7121,0.227772
223,6.705,0.1341,5.1434,0.1129,0.7113,0.276259
224,4.5097,0.0902,5.1559,0.1132,0.7104,0.278458
225,4.5634,0.0913,5.157,0.1132,0.7096,0.27037
226,2.06,0.0412,5.1474,0.113,0.7087,0.24135
227,5.6369,0.1127,5.1535,0.1131,0.7079,0.28965
228,2.5911,0.0518,5.1585,0.1132,0.707,0.281133
229,2.4057,0.0481,5.1159,0.1124,0.7062,0.252148
230,3.6959,0.0739,5.1157,0.1124,0.7053,0.270126
231,4.9923,0.0998,5.1091,0.1123,0.7045,0.251578
232,2.565,0.0513,5.1124,0.1123,0.7036,0.256986
233,5.014,0.1003,5.023,0.1105,0.7028,0.2661
234,3.0161,0.0603,4.9896,0.1099,0.7019,0.270479
235,17.8586,0.3572,5.128,0.1126,0.7011,0.237272
236,12.6093,0.2522,5.2179,0.1144,0.7002,0.251442
237,3.7192,0.0744,5.1903,0.1139,0.6994,0.296505
238,3.3759,0.0675,5.1566,0.1132,0.6985,0.261073
239,6.1511,0.123,5.196,0.114,0.6977,0.287135
240,4.1775,0.0835,5.1626,0.1133,0.6968,0.298797
241,4.77,0.0954,5.1653,0.1134,0.696,0.264685
242,2.7667,0.0553,5.1532,0.1131,0.6951,0.285503
243,3.3425,0.0668,5.0948,0.112,0.6943,0.284639
244,2.8051,0.0561,5.065,0.1114,0.6934,0.257595
245,4.164,0.0833,5.0423,0.1109,0.6926,0.282687
246,13.2196,0.2644,5.0864,0.1118,0.6917,0.264129
247,5.8187,0.1164,5.0742,0.1116,0.6909,0.309751
248,2.1945,0.0439,5.0664,0.1114,0.69,0.302199
249,12.1186,0.2424,5.1575,0.1132,0.6892,0.279701
250,4.597,0.0919,5.1422,0.1129,0.6883,0.312806
251,2.3746,0.0475,5.1446,0.113,0.6875,0.310591
252,4.9907,0.0998,5.1698,0.1135,0.6866,0.336815
253,2.868,0.0574,5.152,0.1131,0.6858,0.250276
254,5.464,0.1093,5.1632,0.1133,0.6849,0.30944
255,4.3539,0.0871,5.0803,0.1117,0.6841,0.302144
256,3.3215,0.0664,5.0889,0.1119,0.6832,0.265037
257,3.8373,0.0767,5.0995,0.1121,0.6824,0.292788
258,4.3519,0.087,5.0357,0.1108,0.6815,0.314374
259,4.603,0.0921,5.0076,0.1102,0.6807,0.252379
260,3.4063,0.0681,4.934,0.1088,0.6798,0.309082
261,3.5111,0.0702,4.9227,0.1085,0.679,0.297198
262,3.4589,0.0692,4.9165,0.1084,0.6781,0.316
263,5.5294,0.1106,4.9373,0.1088,0.6773,0.359389
264,3.3476,0.067,4.9201,0.1085,0.6764,0.274146
265,3.1649,0.0633,4.8657,0.1074,0.6756,0.30606
266,2.9979,0.06,4.854,0.1072,0.6747,0.318528
267,5.7135,0.1143,4.8621,0.1073,0.6739,0.271397
268,2.8666,0.0573,4.8434,0.1069,0.673,0.284721
269,6.0127,0.1203,4.8446,0.107,0.6722,0.301163
270,5.2138,0.1043,4.8596,0.1073,0.6713,0.322083
271,3.1699,0.0634,4.7449,0.105,0.6705,0.267011
272,3.2427,0.0649,4.733,0.1047,0.6696,0.236232
273,6.4104,0.1282,4.7625,0.1053,0.6688,0.328689
274,8.7136,0.1743,4.8193,0.1065,0.6679,0.316038
275,2.143,0.0429,4.8104,0.1063,0.6671,0.347696
276,2.2545,0.0451,4.7762,0.1056,0.6662,0.346478
277,2.891,0.0578,4.7781,0.1056,0.6654,0.314223
278,5.1789,0.1036,4.7662,0.1054,0.6645,0.321414
279,4.87,0.0974,4.784,0.1058,0.6637,0.29235
280,5.4088,0.1082,4.8003,0.1061,0.6628,0.320564
281,3.5019,0.07,4.8161,0.1064,0.662,0.339652
282,7.2663,0.1453,4.7972,0.106,0.6611,0.30869
283,10.2316,0.2046,4.8677,0.1074,0.6603,0.362048
284,3.2087,0.0642,4.8601,0.1073,0.6594,0.385105
285,16.5729,0.3315,4.9253,0.1086,0.6586,0.343359
286,3.3739,0.0675,4.9038,0.1082,0.6577,0.339236
287,3.6711,0.0734,4.9116,0.1083,0.6569,0.357367
288,2.5839,0.0517,4.9202,0.1085,0.656,0.303431
289,4.95,0.099,4.9347,0.1088,0.6552,0.397744
290,6.1683,0.1234,4.8875,0.1078,0.6543,0.341814
291,4.2845,0.0857,4.9107,0.1083,0.6535,0.304979
292,3.0058,0.0601,4.8827,0.1077,0.6526,0.387529
293,4.6011,0.092,4.8914,0.1079,0.6518,0.32114
294,4.015,0.0803,4.9125,0.1083,0.6509,0.37795
295,2.2566,0.0451,4.8458,0.107,0.6501,0.332287
296,2.9101,0.0582,4.826,0.1066,0.6492,0.318788
297,4.6246,0.0925,4.8428,0.1069,0.6484,0.29052
298,9.2439,0.1849,4.8472,0.107,0.6475,0.336768
299,4.6721,0.0934,4.8085,0.1062,0.6467,0.325336
300,2.7474,0.0549,4.812,0.1063,0.6458,0.354892
301,3.875,0.0775,4.804,0.1062,0.645,0.337446
302,3.3438,0.0669,4.7861,0.1058,0.6441,0.327976
303,3.542,0.0708,4.7696,0.1055,0.6433,0.33581
304,4.8249,0.0965,4.7664,0.1054,0.6424,0.445997
305,12.4867,0.2497,4.7985,0.106,0.6416,0.351879
306,4.9013,0.098,4.8198,0.1065,0.6407,0.388872
307,4.3135,0.0863,4.8194,0.1065,0.6399,0.297002
308,2.9689,0.0594,4.8096,0.1063,0.639,0.336221
309,3.5979,0.072,4.8141,0.1064,0.6382,0.363556
310,5.2683,0.1054,4.8292,0.1067,0.6373,0.383231
311,4.3259,0.0865,4.8621,0.0972,0.6365,0.337806
312,4.5347,0.0907,4.8474,0.0969,0.6356,0.388322
313,2.6875,0.0538,4.8487,0.097,0.6348,0.346652
314,4.0185,0.0804,4.8458,0.0969,0.6339,0.363105
315,3.3943,0.0679,4.8228,0.0965,0.6331,0.377772
316,8.6417,0.1728,4.8376,0.0968,0.6322,0.347641
317,3.2382,0.0648,4.8258,0.0965,0.6314,0.352623
318,3.2657,0.0653,4.8012,0.096,0.6305,0.384638
319,3.5809,0.0716,4.7889,0.0958,0.6297,0.35462
320,2.9517,0.059,4.7862,0.0957,0.6288,0.415208
321,2.0592,0.0412,4.7488,0.095,0.628,0.355914
322,11.8604,0.2372,4.8468,0.0969,0.6271,0.385203
323,6.411,0.1282,4.8439,0.0969,0.6263,0.359305
324,9.8128,0.1963,4.8969,0.0979,0.6254,0.354289
325,6.4732,0.1295,4.916,0.0983,0.6246,0.394344
326,3.0258,0.0605,4.9257,0.0985,0.6237,0.38658
327,8.1466,0.1629,4.9508,0.099,0.6229,0.371566
328,5.3354,0.1067,4.9782,0.0996,0.622,0.357655
329,2.6567,0.0531,4.9807,0.0996,0.6212,0.363519
330,5.7191,0.1144,5.001,0.1,0.6203,0.387406
331,7.0392,0.1408,5.0214,0.1004,0.6195,0.319723
332,2.3523,0.047,5.0193,0.1004,0.6186,0.361161
333,4.8932,0.0979,5.0181,0.1004,0.6178,0.309375
334,2.7458,0.0549,5.0154,0.1003,0.6169,0.408453
335,17.8517,0.357,5.0153,0.1003,0.6161,0.417635
336,9.2704,0.1854,4.9819,0.0996,0.6152,0.350479
337,5.9945,0.1199,5.0047,0.1001,0.6144,0.361005
338,5.2723,0.1054,5.0237,0.1005,0.6135,0.361853
339,10.7903,0.2158,5.0701,0.1014,0.6127,0.353083
340,2.5468,0.0509,5.0537,0.1011,0.6118,0.364867
341,10.5262,0.2105,5.1113,0.1022,0.611,0.389352
342,4.9553,0.0991,5.1332,0.1027,0.6101,0.339678
343,7.1084,0.1422,5.1709,0.1034,0.6093,0.378652
344,2.1396,0.0428,5.1642,0.1033,0.6084,0.438755
345,6.8546,0.1371,5.1911,0.1038,0.6076,0.386737
346,11.8966,0.2379,5.1779,0.1036,0.6067,0.389488
347,8.772,0.1754,5.2074,0.1041,0.6059,0.352211
348,5.6627,0.1133,5.2421,0.1048,0.605,0.385506
349,3.8472,0.0769,5.1594,0.1032,0.6042,0.459633
350,3.9732,0.0795,5.1531,0.1031,0.6033,0.445617
351,3.5838,0.0717,5.1652,0.1033,0.6025,0.381121
352,8.063,0.1613,5.196,0.1039,0.6016,0.41655
353,21.5928,0.4319,5.3832,0.1077,0.6008,0.35355
354,4.1428,0.0829,5.37,0.1074,0.5999,0.45607
355,3.944,0.0789,5.3659,0.1073,0.5991,0.4352
356,3.2938,0.0659,5.3656,0.1073,0.5982,0.454935
357,5.948,0.119,5.3867,0.1077,0.5974,0.370331
358,2.5118,0.0502,5.3683,0.1074,0.5965,0.355433
359,3.511,0.0702,5.3574,0.1071,0.5957,0.371504
360,5.9738,0.1195,5.3831,0.1077,0.5948,0.41006
361,7.645,0.1529,5.4244,0.1085,0.594,0.433423
362,4.3278,0.0866,5.4331,0.1087,0.5931,0.370835
363,7.0273,0.1405,5.4481,0.109,0.5923,0.369968
364,3.4671,0.0693,5.4493,0.109,0.5914,0.419668
365,4.1689,0.0834,5.4593,0.1092,0.5906,0.406003
366,5.4918,0.1098,5.4843,0.1097,0.5897,0.336568
367,3.3302,0.0666,5.4604,0.1092,0.5889,0.342826
368,14.6659,0.2933,5.5784,0.1116,0.588,0.372434
369,6.5807,0.1316,5.5841,0.1117,0.5872,0.374598
370,4.0258,0.0805,5.5722,0.1114,0.5863,0.378903
371,4.8563,0.0971,5.5891,0.1118,0.5855,0.413049
372,4.5561,0.0911,5.6022,0.112,0.5846,0.37445
373,3.7512,0.075,5.5756,0.1115,0.5838,0.328754
374,6.5728,0.1315,5.5542,0.1111,0.5829,0.309268
375,3.8683,0.0774,5.5715,0.1114,0.5821,0.402877
376,2.3225,0.0465,5.5721,0.1114,0.5812,0.407055
377,4.2036,0.0841,5.5853,0.1117,0.5804,0.376114
378,9.9322,0.1986,5.6328,0.1127,0.5795,0.39133
379,6.0381,0.1208,5.6445,0.1129,0.5787,0.354312
380,15.5875,0.3117,5.7463,0.1149,0.5778,0.319959
381,8.1245,0.1625,5.7925,0.1158,0.577,0.466772
382,4.1693,0.0834,5.7615,0.1152,0.5761,0.36249
383,2.6941,0.0539,5.6862,0.1137,0.5753,0.410549
384,6.1263,0.1225,5.7153,0.1143,0.5744,0.375503
385,14.8792,0.2976,5.6984,0.114,0.5736,0.448736
386,4.9307,0.0986,5.714,0.1143,0.5727,0.388908
387,4.8767,0.0975,5.726,0.1145,0.5719,0.39477
388,3.8646,0.0773,5.7388,0.1148,0.571,0.402809
389,15.6807,0.3136,5.8461,0.1169,0.5702,0.440758
390,2.8472,0.0569,5.8129,0.1163,0.5693,0.397756
391,5.2943,0.1059,5.823,0.1165,0.5685,0.371093
392,2.1343,0.0427,5.8143,0.1163,0.5676,0.478661
393,4.6276,0.0926,5.8146,0.1163,0.5668,0.336852
394,3.3415,0.0668,5.8078,0.1162,0.5659,0.404679
395,4.6593,0.0932,5.8319,0.1166,0.5651,0.394046
396,20.5792,0.4116,6.0086,0.1202,0.5642,0.39614
397,4.5581,0.0912,6.0079,0.1202,0.5634,0.325222
398,7.5982,0.152,5.9914,0.1198,0.5625,0.362321
399,3.5023,0.07,5.9797,0.1196,0.5617,0.439758
400,3.0161,0.0603,5.9824,0.1196,0.5608,0.356979
401,7.4639,0.1493,6.0183,0.1204,0.56,0.407089
402,3.4407,0.0688,6.0193,0.1204,0.5591,0.411202
403,5.4744,0.1095,6.0386,0.1208,0.5583,0.416328
404,3.3464,0.0669,6.0238,0.1205,0.5574,0.428867
405,9.1574,0.1831,5.9905,0.1198,0.5566,0.407986
406,3.216,0.0643,5.9737,0.1195,0.5557,0.419006
407,7.5462,0.1509,6.006,0.1201,0.5549,0.354909
408,5.4685,0.1094,6.031,0.1206,0.554,0.37874
409,2.5475,0.051,6.0205,0.1204,0.5532,0.44489
410,6.1931,0.1239,6.0297,0.1206,0.5523,0.393949
411,4.2481,0.085,6.029,0.1206,0.5515,0.384403
412,5.0444,0.1009,6.0341,0.1207,0.5506,0.381639
413,8.7643,0.1753,6.0948,0.1219,0.5498,0.437639
414,6.6743,0.1335,6.1214,0.1224,0.5489,0.418914
415,4.9725,0.0994,6.1372,0.1227,0.5481,0.405034
416,6.4361,0.1287,6.1151,0.1223,0.5472,0.403869
417,5.285,0.1057,6.1356,0.1227,0.5464,0.467073
418,3.2515,0.065,6.1354,0.1227,0.5455,0.394363
419,7.0902,0.1418,6.1705,0.1234,0.5447,0.410559
420,4.4623,0.0892,6.1856,0.1237,0.5438,0.458354
421,7.3121,0.1462,6.2382,0.1248,0.543,0.363881
422,3.8204,0.0764,6.1578,0.1232,0.5421,0.457728
423,7.548,0.151,6.1691,0.1234,0.5413,0.444489
424,4.0975,0.0819,6.112,0.1222,0.5404,0.39159
425,5.172,0.1034,6.099,0.122,0.5396,0.403384
426,13.3284,0.2666,6.202,0.124,0.5387,0.464323
427,4.1101,0.0822,6.1616,0.1232,0.5379,0.448891
428,2.9673,0.0593,6.1379,0.1228,0.537,0.430062
429,2.8161,0.0563,6.1395,0.1228,0.5362,0.426434
430,3.1189,0.0624,6.1135,0.1223,0.5353,0.468608
431,3.8251,0.0765,6.0814,0.1216,0.5345,0.363101
432,18.9292,0.3786,6.2472,0.1249,0.5336,0.464103
433,4.8998,0.098,6.2472,0.1249,0.5328,0.445836
434,2.8786,0.0576,6.2486,0.125,0.5319,0.427406
435,3.7168,0.0743,6.1072,0.1221,0.5311,0.501251
436,2.8141,0.0563,6.0427,0.1209,0.5302,0.387879
437,5.6179,0.1124,6.0389,0.1208,0.5294,0.445258
438,3.5125,0.0702,6.0213,0.1204,0.5285,0.400463
439,4.8108,0.0962,5.9615,0.1192,0.5277,0.440579
440,4.4114,0.0882,5.9801,0.1196,0.5268,0.510525
441,4.792,0.0958,5.9228,0.1185,0.526,0.451993
442,11.3199,0.2264,5.9864,0.1197,0.5251,0.361882
443,8.9887,0.1798,6.0052,0.1201,0.5243,0.474804
444,5.3885,0.1078,6.0377,0.1208,0.5234,0.373431
445,3.8094,0.0762,6.0073,0.1201,0.5226,0.452092
446,3.0792,0.0616,5.9191,0.1184,0.5217,0.415866
447,3.9596,0.0792,5.871,0.1174,0.5209,0.480683
448,13.1482,0.263,5.9458,0.1189,0.52,0.468708
449,2.4769,0.0495,5.9321,0.1186,0.5192,0.43073
450,4.5045,0.0901,5.9374,0.1187,0.5183,0.440194
451,4.6314,0.0926,5.9479,0.119,0.5175,0.50119
452,7.4094,0.1482,5.9414,0.1188,0.5166,0.404617
453,14.8369,0.2967,5.8738,0.1175,0.5158,0.451822
454,2.7684,0.0554,5.8601,0.1172,0.5149,0.44864
455,4.3616,0.0872,5.8643,0.1173,0.5141,0.43105
456,4.6631,0.0933,5.878,0.1176,0.5132,0.481469
457,5.8069,0.1161,5.8765,0.1175,0.5124,0.405894
458,3.573,0.0715,5.8872,0.1177,0.5115,0.419159
459,5.7835,0.1157,5.9099,0.1182,0.5107,0.456921
460,5.6665,0.1133,5.9068,0.1181,0.5098,0.433765
461,3.6709,0.0734,5.8671,0.1173,0.509,0.460361
462,5.6095,0.1122,5.8799,0.1176,0.5081,0.455144
463,4.8724,0.0974,5.8583,0.1172,0.5073,0.35439
464,5.4167,0.1083,5.8778,0.1176,0.5064,0.463979
465,5.8954,0.1179,5.8951,0.1179,0.5056,0.436493
466,6.0773,0.1215,5.9009,0.118,0.5047,0.418625
467,4.7775,0.0956,5.9154,0.1183,0.5039,0.410239
468,6.5807,0.1316,5.8346,0.1167,0.503,0.450803
469,8.7352,0.1747,5.8561,0.1171,0.5022,0.447639
470,7.7095,0.1542,5.893,0.1179,0.5013,0.442047
471,5.059,0.1012,5.895,0.1179,0.5005,0.417795
472,4.3739,0.0875,5.8932,0.1179,0.4996,0.463556
473,2.6347,0.0527,5.882,0.1176,0.4988,0.464555
474,4.2881,0.0858,5.8591,0.1172,0.4979,0.446416
475,9.0101,0.1802,5.9106,0.1182,0.4971,0.459869
476,11.9433,0.2389,6.0068,0.1201,0.4962,0.444886
477,2.5782,0.0516,5.9905,0.1198,0.4954,0.511238
478,2.5044,0.0501,5.9162,0.1183,0.4945,0.449406
479,3.9363,0.0787,5.8952,0.1179,0.4937,0.45986
480,2.0604,0.0412,5.7599,0.1152,0.4928,0.377592
481,4.1171,0.0823,5.7199,0.1144,0.492,0.462463
482,2.8383,0.0568,5.7066,0.1141,0.4911,0.407968
483,3.0808,0.0616,5.7104,0.1142,0.4903,0.443106
484,4.2331,0.0847,5.6915,0.1138,0.4894,0.458229
485,7.5345,0.1507,5.6181,0.1124,0.4886,0.476496
486,2.6234,0.0525,5.595,0.1119,0.4877,0.466268
487,6.9853,0.1397,5.6161,0.1123,0.4869,0.538916
488,4.363,0.0873,5.6211,0.1124,0.486,0.507921
489,3.9781,0.0796,5.504,0.1101,0.4852,0.427569
490,3.8218,0.0764,5.5138,0.1103,0.4843,0.564553
491,3.3122,0.0662,5.4939,0.1099,0.4835,0.47216
492,5.0923,0.1018,5.5235,0.1105,0.4826,0.539611
493,11.833,0.2367,5.5956,0.1119,0.4818,0.510654
494,5.2225,0.1045,5.6144,0.1123,0.4809,0.453308
495,4.1553,0.0831,5.6094,0.1122,0.4801,0.403726
496,4.3764,0.0875,5.4473,0.1089,0.4792,0.543479
497,3.0171,0.0603,5.4319,0.1086,0.4784,0.529603
498,7.5856,0.1517,5.4318,0.1086,0.4775,0.45627
499,11.7069,0.2341,5.5138,0.1103,0.4767,0.510685
500,3.5499,0.071,5.5192,0.1104,0.4758,0.475193
501,3.3115,0.0662,5.4777,0.1096,0.475,0.517448
502,3.1303,0.0626,5.4745,0.1095,0.4741,0.432835
503,4.5529,0.0911,5.4653,0.1093,0.4733,0.448358
504,4.1585,0.0832,5.4735,0.1095,0.4724,0.484857
505,6.7929,0.1359,5.4498,0.109,0.4716,0.419212
506,4.8764,0.0975,5.4664,0.1093,0.4707,0.494435
507,5.041,0.1008,5.4414,0.1088,0.4699,0.547753
508,5.1691,0.1034,5.4384,0.1088,0.469,0.494922
509,3.0296,0.0606,5.4432,0.1089,0.4682,0.498007
510,2.5002,0.05,5.4063,0.1081,0.4673,0.499292
511,4.5635,0.0913,5.4094,0.1082,0.4665,0.487381
512,8.2257,0.1645,5.4412,0.1088,0.4656,0.458072
513,3.6643,0.0733,5.3902,0.1078,0.4648,0.495612
514,3.9378,0.0788,5.3629,0.1073,0.4639,0.480023
515,4.2623,0.0852,5.3558,0.1071,0.4631,0.58063
516,5.8027,0.1161,5.3494,0.107,0.4622,0.488156
517,4.3222,0.0864,5.3398,0.1068,0.4614,0.506186
518,6.2902,0.1258,5.3702,0.1074,0.4605,0.55135
519,6.2798,0.1256,5.3621,0.1072,0.4597,0.535303
520,3.3634,0.0673,5.3511,0.107,0.4588,0.485564
521,4.895,0.0979,5.3269,0.1065,0.458,0.556421
522,3.5109,0.0702,5.3238,0.1065,0.4571,0.553221
523,4.3694,0.0874,5.292,0.1058,0.4563,0.526078
524,4.8283,0.0966,5.2993,0.106,0.4554,0.471244
525,15.2163,0.3043,5.3998,0.108,0.4546,0.455404
526,4.2609,0.0852,5.3091,0.1062,0.4537,0.490666
527,3.9212,0.0784,5.3072,0.1061,0.4529,0.472632
528,3.685,0.0737,5.3144,0.1063,0.452,0.480333
529,3.1806,0.0636,5.318,0.1064,0.4512,0.512941
530,16.2518,0.325,5.4494,0.109,0.4503,0.477588
531,4.9275,0.0985,5.4604,0.1092,0.4495,0.396268
532,4.4408,0.0888,5.3155,0.1063,0.4486,0.598178
533,6.9967,0.1399,5.3365,0.1067,0.4478,0.483831
534,19.0869,0.3817,5.4986,0.11,0.4469,0.441974
535,23.2703,0.4654,5.6941,0.1139,0.4461,0.446726
536,3.1042,0.0621,5.697,0.1139,0.4452,0.448055
537,3.6797,0.0736,5.6776,0.1136,0.4444,0.577428
538,5.2169,0.1043,5.6947,0.1139,0.4435,0.465402
539,2.9434,0.0589,5.676,0.1135,0.4427,0.548496
540,4.2186,0.0844,5.6741,0.1135,0.4418,0.50749
541,2.8393,0.0568,5.6545,0.1131,0.441,0.524829
542,12.6406,0.2528,5.6677,0.1134,0.4401,0.589722
543,3.8271,0.0765,5.6161,0.1123,0.4393,0.519825
544,7.3288,0.1466,5.6355,0.1127,0.4384,0.443381
545,5.2486,0.105,5.6499,0.113,0.4376,0.560614
546,3.2523,0.065,5.6517,0.113,0.4367,0.449974
547,3.5712,0.0714,5.6478,0.113,0.4359,0.527278
548,7.7076,0.1542,5.5934,0.1119,0.435,0.454985
549,5.5464,0.1109,5.6241,0.1125,0.4342,0.489325
550,3.9902,0.0798,5.6189,0.1124,0.4333,0.421525
551,6.468,0.1294,5.6373,0.1127,0.4325,0.542828
552,4.0759,0.0815,5.6039,0.1121,0.4316,0.556188
553,4.4827,0.0897,5.5004,0.11,0.4308,0.504374
554,23.9137,0.4783,5.7119,0.1142,0.4299,0.504049
555,3.2337,0.0647,5.7006,0.114,0.4291,0.497261
556,5.7357,0.1147,5.7113,0.1142,0.4282,0.527931
557,3.2615,0.0652,5.6859,0.1137,0.4274,0.526942
558,4.1239,0.0825,5.6914,0.1138,0.4265,0.513728
559,4.8056,0.0961,5.6816,0.1136,0.4257,0.467035
560,3.7528,0.0751,5.6624,0.1132,0.4248,0.548798
561,16.8057,0.3361,5.7938,0.1159,0.424,0.57012
562,6.4859,0.1297,5.8026,0.1161,0.4231,0.556632
563,4.8721,0.0974,5.8026,0.1161,0.4223,0.494335
564,3.4414,0.0688,5.7828,0.1157,0.4214,0.558453
565,6.5412,0.1308,5.7893,0.1158,0.4206,0.542158
566,6.3341,0.1267,5.7918,0.1158,0.4197,0.456706
567,4.4007,0.088,5.7881,0.1158,0.4189,0.544501
568,7.0208,0.1404,5.7925,0.1158,0.418,0.559807
569,4.2473,0.0849,5.7476,0.115,0.4172,0.562284
570,5.4268,0.1085,5.7248,0.1145,0.4163,0.530394
571,10.1023,0.202,5.7752,0.1155,0.4155,0.543111
572,18.8489,0.377,5.9199,0.1184,0.4146,0.513065
573,5.145,0.1029,5.945,0.1189,0.4138,0.55074
574,10.1317,0.2026,6.0035,0.1201,0.4129,0.649184
575,3.7691,0.0754,5.9511,0.119,0.4121,0.547514
576,4.5278,0.0906,5.8769,0.1175,0.4112,0.543634
577,4.506,0.0901,5.8962,0.1179,0.4104,0.59546
578,5.8993,0.118,5.9301,0.1186,0.4095,0.489668
579,7.8591,0.1572,5.9694,0.1194,0.4087,0.564075
580,7.7861,0.1557,6.0266,0.1205,0.4078,0.50449
581,5.2178,0.1044,6.0376,0.1208,0.407,0.563025
582,4.0854,0.0817,6.0501,0.121,0.4061,0.535547
583,2.6958,0.0539,6.0462,0.1209,0.4053,0.592734
584,4.6417,0.0928,6.0503,0.121,0.4044,0.542933
585,4.9158,0.0983,6.0241,0.1205,0.4036,0.586586
586,5.4408,0.1088,6.0523,0.121,0.4027,0.601736
587,4.5756,0.0915,6.0282,0.1206,0.4019,0.503637
588,3.415,0.0683,6.0187,0.1204,0.401,0.50171
589,4.9329,0.0987,6.0283,0.1206,0.4002,0.549107
590,6.5461,0.1309,6.0555,0.1211,0.3993,0.498638
591,4.6525,0.0931,6.0689,0.1214,0.3985,0.540229
592,5.1449,0.1029,6.0695,0.1214,0.3976,0.607745
593,3.3642,0.0673,5.9848,0.1197,0.3968,0.57727
594,10.0708,0.2014,6.0333,0.1207,0.3959,0.634165
595,8.906,0.1781,6.0808,0.1216,0.3951,0.602125
596,3.1633,0.0633,6.0686,0.1214,0.3942,0.642926
597,4.5982,0.092,6.0844,0.1217,0.3934,0.580853
598,5.9736,0.1195,6.0683,0.1214,0.3925,0.517971
599,7.5851,0.1517,6.0271,0.1205,0.3917,0.595435
600,2.361,0.0472,6.0152,0.1203,0.3908,0.620197
601,11.7152,0.2343,6.0993,0.122,0.39,0.692641
602,3.275,0.0655,6.1007,0.122,0.3891,0.510935
603,4.1215,0.0824,6.0964,0.1219,0.3883,0.574357
604,5.3567,0.1071,6.1084,0.1222,0.3874,0.563068
605,4.6592,0.0932,6.087,0.1217,0.3866,0.507122
606,5.7357,0.1147,6.0956,0.1219,0.3857,0.612452
607,5.204,0.1041,6.0973,0.1219,0.3849,0.515764
608,4.4205,0.0884,6.0898,0.1218,0.384,0.60849
609,3.3674,0.0673,6.0931,0.1219,0.3832,0.546665
610,3.8566,0.0771,6.1067,0.1221,0.3823,0.544079
611,8.6278,0.1726,6.1474,0.1229,0.3815,0.593656
612,5.2679,0.1054,6.1178,0.1224,0.3806,0.51744
613,16.1524,0.323,6.2427,0.1249,0.3798,0.497004
614,8.3103,0.1662,6.2864,0.1257,0.3789,0.528992
615,6.0747,0.1215,6.3045,0.1261,0.3781,0.604795
616,3.8196,0.0764,6.2847,0.1257,0.3772,0.494052
617,5.0438,0.1009,6.2919,0.1258,0.3764,0.550864
618,11.9321,0.2386,6.3483,0.127,0.3755,0.599322
619,3.7141,0.0743,6.3227,0.1265,0.3747,0.528228
620,4.8694,0.0974,6.3377,0.1268,0.3738,0.537589
621,7.473,0.1495,6.3635,0.1273,0.373,0.588592
622,8.6804,0.1736,6.4152,0.1283,0.3721,0.64537
623,4.3051,0.0861,6.4145,0.1283,0.3713,0.590087
624,5.5933,0.1119,6.4222,0.1284,0.3704,0.540115
625,3.0133,0.0603,6.3002,0.126,0.3696,0.54157
626,6.3556,0.1271,6.3211,0.1264,0.3687,0.619917
627,8.9778,0.1796,6.3717,0.1274,0.3679,0.506434
628,8.3274,0.1665,6.4181,0.1284,0.367,0.517741
629,6.9271,0.1385,6.4556,0.1291,0.3662,0.637495
630,4.8558,0.0971,6.3416,0.1268,0.3653,0.599818
631,11.276,0.2255,6.4051,0.1281,0.3645,0.544045
632,19.7177,0.3944,6.5579,0.1312,0.3636,0.589195
633,3.8517,0.077,6.5264,0.1305,0.3628,0.650021
634,10.0776,0.2016,6.4363,0.1287,0.3619,0.590003
635,7.7008,0.154,6.2806,0.1256,0.3611,0.55124
636,7.9722,0.1594,6.3293,0.1266,0.3602,0.750214
637,4.4661,0.0893,6.3372,0.1267,0.3594,0.504154
638,3.4242,0.0685,6.3192,0.1264,0.3585,0.602382
639,5.1705,0.1034,6.3415,0.1268,0.3577,0.530863
640,13.1002,0.262,6.4303,0.1286,0.3568,0.534254
641,10.4568,0.2091,6.5065,0.1301,0.356,0.499457
642,4.5925,0.0918,6.426,0.1285,0.3551,0.603042
643,7.7724,0.1554,6.4655,0.1293,0.3543,0.518595
644,7.7736,0.1555,6.4699,0.1294,0.3534,0.521471
645,6.8899,0.1378,6.4863,0.1297,0.3526,0.650709
646,4.2723,0.0854,6.4965,0.1299,0.3517,0.662933
647,5.1808,0.1036,6.5126,0.1303,0.3509,0.542722
648,6.5596,0.1312,6.5012,0.13,0.35,0.621629
649,5.6074,0.1121,6.5018,0.13,0.3492,0.576226
650,2.8489,0.057,6.4904,0.1298,0.3483,0.607478
651,13.082,0.2616,6.5565,0.1311,0.3475,0.584376
652,4.4451,0.0889,6.5602,0.1312,0.3466,0.563301
653,5.9558,0.1191,6.5749,0.1315,0.3458,0.700981
654,12.2723,0.2454,6.4585,0.1292,0.3449,0.602047
655,3.5026,0.0701,6.4612,0.1292,0.3441,0.661007
656,3.3128,0.0663,6.437,0.1287,0.3432,0.659684
657,6.6588,0.1332,6.4709,0.1294,0.3424,0.610899
658,3.1328,0.0627,6.461,0.1292,0.3415,0.613385
659,11.1677,0.2234,6.5246,0.1305,0.3407,0.575986
660,11.6281,0.2326,6.6034,0.1321,0.3398,0.671276
661,9.1741,0.1835,6.5271,0.1305,0.339,0.650855
662,6.0988,0.122,6.5232,0.1305,0.3381,0.582404
663,10.2301,0.2046,6.5768,0.1315,0.3373,0.554139
664,6.9359,0.1387,6.6117,0.1322,0.3364,0.606452
665,6.3126,0.1263,6.6094,0.1322,0.3356,0.585377
666,20.9647,0.4193,6.7558,0.1351,0.3347,0.67611
667,4.4876,0.0898,6.7566,0.1351,0.3339,0.521956
668,5.5155,0.1103,6.7416,0.1348,0.333,0.697836
669,5.1449,0.1029,6.7505,0.135,0.3322,0.704881
670,6.6188,0.1324,6.7625,0.1352,0.3313,0.641213
671,3.7645,0.0753,6.6991,0.134,0.3305,0.590962
672,14.5361,0.2907,6.656,0.1331,0.3296,0.530588
673,5.1165,0.1023,6.6557,0.1331,0.3288,0.620142
674,5.8154,0.1163,6.6125,0.1323,0.3279,0.624963
675,7.4884,0.1498,6.6497,0.133,0.3271,0.634172
676,4.299,0.086,6.6474,0.1329,0.3262,0.546019
677,7.596,0.1519,6.6783,0.1336,0.3254,0.683934
678,5.0613,0.1012,6.6699,0.1334,0.3245,0.551051
679,10.2005,0.204,6.6934,0.1339,0.3237,0.701466
680,5.5207,0.1104,6.6707,0.1334,0.3228,0.612099
681,2.3672,0.0473,6.6422,0.1328,0.322,0.664938
682,9.5488,0.191,6.6968,0.1339,0.3211,0.580275
683,7.4749,0.1495,6.7446,0.1349,0.3203,0.700434
684,9.9961,0.1999,6.7982,0.136,0.3194,0.643486
685,2.5815,0.0516,6.7748,0.1355,0.3186,0.514099
686,8.2077,0.1642,6.8025,0.136,0.3177,0.707804
687,8.2606,0.1652,6.8393,0.1368,0.3169,0.582664
688,4.8116,0.0962,6.8533,0.1371,0.316,0.509088
689,4.5001,0.09,6.849,0.137,0.3152,0.67501
690,9.6567,0.1931,6.8801,0.1376,0.3143,0.593732
691,2.4595,0.0492,6.8582,0.1372,0.3135,0.729408
692,5.9357,0.1187,6.8661,0.1373,0.3126,0.648539
693,7.7653,0.1553,6.9101,0.1382,0.3118,0.544257
694,4.7512,0.095,6.8569,0.1371,0.3109,0.697795
695,15.7963,0.3159,6.9258,0.1385,0.3101,0.635821
696,6.2124,0.1242,6.9563,0.1391,0.3092,0.634629
697,7.0401,0.1408,6.9807,0.1396,0.3084,0.61049
698,6.0336,0.1207,6.9813,0.1396,0.3075,0.537843
699,3.5278,0.0706,6.9407,0.1388,0.3067,0.722288
700,4.1454,0.0829,6.9586,0.1392,0.3058,0.57207
701,4.8295,0.0966,6.8897,0.1378,0.305,0.598945
702,10.6619,0.2132,6.9636,0.1393,0.3041,0.56664
703,7.1041,0.1421,6.9934,0.1399,0.3033,0.687968
704,8.1584,0.1632,7.0214,0.1404,0.3024,0.609357
705,4.7113,0.0942,7.0219,0.1404,0.3016,0.645176
706,5.9109,0.1182,7.0237,0.1405,0.3007,0.609769
707,13.7942,0.2759,7.1096,0.1422,0.2999,0.581096
708,3.6543,0.0731,7.1019,0.142,0.299,0.562041
709,5.2725,0.1054,7.121,0.1424,0.2982,0.610582
710,4.4114,0.0882,7.1265,0.1425,0.2973,0.665242
711,6.3629,0.1273,7.1039,0.1421,0.2965,0.776593
712,4.328,0.0866,7.0945,0.1419,0.2956,0.708862
713,4.963,0.0993,6.9826,0.1397,0.2948,0.616635
714,22.7433,0.4549,7.1269,0.1425,0.2939,0.595471
715,4.1829,0.0837,7.108,0.1422,0.2931,0.633071
716,4.8429,0.0969,7.1182,0.1424,0.2922,0.678037
717,6.1002,0.122,7.1288,0.1426,0.2914,0.651051
718,6.1881,0.1238,7.0714,0.1414,0.2905,0.721466
719,9.0144,0.1803,7.1244,0.1425,0.2897,0.641654
720,6.6014,0.132,7.1417,0.1428,0.2888,0.612842
721,4.6619,0.0932,7.1136,0.1423,0.288,0.683813
722,7.3634,0.1473,7.1004,0.142,0.2871,0.603943
723,4.9206,0.0984,7.1065,0.1421,0.2863,0.675939
724,1.9769,0.0395,7.0704,0.1414,0.2854,0.662524
725,3.7302,0.0746,7.0776,0.1416,0.2846,0.598603
726,2.9919,0.0598,7.0439,0.1409,0.2837,0.632528
727,2.9171,0.0583,6.9833,0.1397,0.2829,0.742845
728,5.8766,0.1175,6.9588,0.1392,0.282,0.611811
729,7.5474,0.1509,6.965,0.1393,0.2812,0.554146
730,2.6081,0.0522,6.9425,0.1389,0.2803,0.598602
731,6.035,0.1207,6.8901,0.1378,0.2795,0.711856
732,9.8707,0.1974,6.7916,0.1358,0.2786,0.737745
733,3.1843,0.0637,6.785,0.1357,0.2778,0.675833
734,5.8727,0.1175,6.7429,0.1349,0.2769,0.680999
735,7.7208,0.1544,6.7431,0.1349,0.2761,0.563076
736,3.9507,0.079,6.7029,0.1341,0.2752,0.672563
737,7.6858,0.1537,6.7351,0.1347,0.2744,0.654212
738,8.3418,0.1668,6.7843,0.1357,0.2735,0.643358
739,6.2244,0.1245,6.7948,0.1359,0.2727,0.613379
740,4.8674,0.0973,6.7125,0.1342,0.2718,0.623375
741,6.2124,0.1242,6.67,0.1334,0.271,0.605869
742,6.0852,0.1217,6.685,0.1337,0.2701,0.629134
743,6.7035,0.1341,6.6743,0.1335,0.2693,0.661153
744,4.2883,0.0858,6.6394,0.1328,0.2684,0.614155
745,12.576,0.2515,6.6963,0.1339,0.2676,0.54643
746,5.7065,0.1141,6.7106,0.1342,0.2667,0.604053
747,6.6003,0.132,6.7248,0.1345,0.2659,0.644641
748,6.8024,0.136,6.7273,0.1345,0.265,0.598034
749,5.8236,0.1165,6.7294,0.1346,0.2642,0.733717
750,3.4464,0.0689,6.7354,0.1347,0.2633,0.728378
751,4.464,0.0893,6.6492,0.133,0.2625,0.607017
752,5.8011,0.116,6.6628,0.1333,0.2616,0.675557
753,8.1829,0.1637,6.685,0.1337,0.2608,0.694521
754,4.6293,0.0926,6.6086,0.1322,0.2599,0.78502
755,3.6688,0.0734,6.6103,0.1322,0.2591,0.594418
756,7.1853,0.1437,6.649,0.133,0.2582,0.720435
757,5.6703,0.1134,6.6391,0.1328,0.2574,0.648294
758,4.3313,0.0866,6.6511,0.133,0.2565,0.727546
759,7.0558,0.1411,6.61,0.1322,0.2557,0.665467
760,7.7074,0.1541,6.5708,0.1314,0.2548,0.500115
761,9.9604,0.1992,6.5786,0.1316,0.254,0.67628
762,5.398,0.108,6.5716,0.1314,0.2531,0.707341
763,6.3475,0.1269,6.5328,0.1307,0.2523,0.704905
764,2.6423,0.0528,6.4899,0.1298,0.2514,0.58643
765,6.2756,0.1255,6.4895,0.1298,0.2506,0.656378
766,12.5201,0.2504,6.4051,0.1281,0.2497,0.702022
767,5.2261,0.1045,6.4124,0.1282,0.2489,0.679503
768,4.8405,0.0968,6.4057,0.1281,0.248,0.590043
769,27.1292,0.5426,6.6255,0.1325,0.2472,0.528659
770,5.8613,0.1172,6.618,0.1324,0.2463,0.619193
771,4.4228,0.0885,6.6245,0.1325,0.2455,0.618187
772,7.0291,0.1406,6.5495,0.131,0.2446,0.658493
773,5.3072,0.1061,6.5514,0.131,0.2438,0.586933
774,7.8862,0.1577,6.5721,0.1314,0.2429,0.555521
775,4.9397,0.0988,6.5466,0.1309,0.2421,0.594436
776,2.9935,0.0599,6.5335,0.1307,0.2412,0.683735
777,5.4356,0.1087,6.5119,0.1302,0.2404,0.623995
778,3.4794,0.0696,6.4961,0.1299,0.2395,0.690069
779,5.2348,0.1047,6.4465,0.1289,0.2387,0.590343
780,18.0064,0.3601,6.5713,0.1314,0.2378,0.67357
781,5.0156,0.1003,6.5978,0.132,0.237,0.557305
782,5.3215,0.1064,6.5555,0.1311,0.2361,0.662086
783,5.0341,0.1007,6.5311,0.1306,0.2353,0.596719
784,17.4018,0.348,6.6052,0.1321,0.2344,0.615134
785,5.1742,0.1035,6.6311,0.1326,0.2336,0.546679
786,9.7618,0.1952,6.6467,0.1329,0.2327,0.660148
787,10.7813,0.2156,6.6719,0.1334,0.2319,0.493223
788,4.9569,0.0991,6.6733,0.1335,0.231,0.694903
789,6.6591,0.1332,6.6949,0.1339,0.2302,0.59409
790,2.4997,0.05,6.6233,0.1325,0.2293,0.728232
791,5.8781,0.1176,6.6575,0.1332,0.2285,0.644402
792,5.6024,0.112,6.6542,0.1331,0.2276,0.612061
793,6.9051,0.1381,6.6456,0.1329,0.2268,0.610237
794,18.7683,0.3754,6.7858,0.1357,0.2259,0.515121
795,4.1081,0.0822,6.6689,0.1334,0.2251,0.563039
796,5.738,0.1148,6.6641,0.1333,0.2242,0.619439
797,17.3063,0.3461,6.7668,0.1353,0.2234,0.621899
798,5.5282,0.1106,6.7617,0.1352,0.2225,0.689032
799,6.0053,0.1201,6.7865,0.1357,0.2217,0.565153
800,5.0801,0.1016,6.7959,0.1359,0.2208,0.582821
801,4.5584,0.0912,6.7931,0.1359,0.22,0.717225
802,7.6707,0.1534,6.7632,0.1353,0.2191,0.599429
803,7.8972,0.1579,6.7712,0.1354,0.2183,0.584621
804,4.6643,0.0933,6.7362,0.1347,0.2174,0.744849
805,2.7419,0.0548,6.7165,0.1343,0.2166,0.676425
806,5.7297,0.1146,6.7147,0.1343,0.2157,0.587408
807,4.5065,0.0901,6.6218,0.1324,0.2149,0.598409
808,4.6802,0.0936,6.6321,0.1326,0.214,0.721589
809,5.5117,0.1102,6.6345,0.1327,0.2132,0.690258
810,15.2673,0.3053,6.7431,0.1349,0.2123,0.656985
811,4.6842,0.0937,6.7263,0.1345,0.2115,0.56399
812,2.9462,0.0589,6.7124,0.1342,0.2106,0.675103
813,3.7881,0.0758,6.7007,0.134,0.2098,0.632082
814,6.8839,0.1377,6.5421,0.1308,0.2089,0.569683
815,6.9876,0.1398,6.5702,0.1314,0.2081,0.742011
816,8.3468,0.1669,6.6052,0.1321,0.2072,0.642579
817,9.9753,0.3837,6.6439,0.1347,0.2068,0.65742
818,8.3293,0.1666,6.6654,0.1351,0.2059,0.690696
819,3.4448,0.0689,6.6097,0.134,0.2051,0.719641
820,6.9979,0.14,6.6136,0.1341,0.2042,0.608343
821,4.8075,0.0962,6.6151,0.1341,0.2034,0.584663
822,5.6197,0.1124,6.5976,0.1338,0.2025,0.699783
823,5.9771,0.1195,6.6082,0.134,0.2017,0.597713
824,3.8082,0.0762,6.6265,0.1344,0.2008,0.63492
825,4.2945,0.0859,6.6322,0.1345,0.2,0.629907
826,4.2707,0.0854,6.6449,0.1347,0.1991,0.607933
827,5.7106,0.1142,6.6729,0.1353,0.1983,0.652419
828,6.0587,0.1212,6.6747,0.1353,0.1974,0.642546
829,5.2897,0.1058,6.6521,0.1349,0.1966,0.573417
830,9.6359,0.1927,6.7224,0.1363,0.1957,0.676852
831,4.848,0.097,6.7105,0.1361,0.1949,0.549614
832,3.7325,0.0747,6.6492,0.1348,0.194,0.647511
833,11.0102,0.2202,6.7274,0.1364,0.1932,0.694326
834,8.0992,0.162,6.7497,0.1368,0.1923,0.695783
835,4.496,0.0899,6.7174,0.1362,0.1915,0.62828
836,22.2827,0.4457,6.9007,0.1399,0.1906,0.591959
837,3.6729,0.0735,6.8606,0.1391,0.1898,0.669054
838,13.7094,0.2742,6.9143,0.1401,0.1889,0.620442
839,5.2405,0.1048,6.9045,0.1399,0.1881,0.826574
840,7.4426,0.1489,6.9302,0.1404,0.1872,0.757144
841,10.4438,0.2089,6.9725,0.1413,0.1864,0.612455
842,2.9429,0.0589,6.9411,0.1407,0.1855,0.647661
843,6.098,0.122,6.935,0.1405,0.1847,0.597515
844,5.2056,0.1041,6.9442,0.1407,0.1838,0.673667
845,4.8164,0.0963,6.8666,0.1392,0.183,0.696128
846,5.7614,0.1152,6.8672,0.1392,0.1821,0.582719
847,8.3241,0.1665,6.8844,0.1395,0.1813,0.593458
848,5.7616,0.1152,6.874,0.1393,0.1804,0.667009
849,6.52,0.1304,6.881,0.1395,0.1796,0.642611
850,5.1447,0.1029,6.8979,0.1398,0.1787,0.673808
851,9.3209,0.1864,6.9465,0.1408,0.1779,0.559333
852,5.675,0.1135,6.9453,0.1407,0.177,0.672403
853,5.5784,0.1116,6.9192,0.1402,0.1762,0.731194
854,4.2401,0.0848,6.9153,0.1401,0.1753,0.737156
855,1.9951,0.0399,6.8986,0.1398,0.1745,0.680287
856,3.7647,0.0753,6.8644,0.1391,0.1736,0.668715
857,3.5124,0.0702,6.8428,0.1387,0.1728,0.655483
858,3.5824,0.0716,6.8353,0.1385,0.1719,0.654146
859,10.2585,0.2052,6.8673,0.1392,0.1711,0.716815
860,4.0969,0.0819,6.8312,0.1385,0.1702,0.614656
861,2.8603,0.0572,6.7602,0.137,0.1694,0.592828
862,3.8283,0.0766,6.7445,0.1367,0.1685,0.534234
863,22.8985,0.458,6.91,0.14,0.1677,0.640616
864,5.673,0.1135,6.9404,0.1406,0.1668,0.605956
865,5.866,0.1173,6.9363,0.1406,0.166,0.713227
866,9.505,0.1901,6.9061,0.14,0.1651,0.63703
867,9.6042,0.1921,6.9499,0.1408,0.1643,0.668742
868,4.4905,0.0898,6.9464,0.1408,0.1634,0.637441
869,3.3349,0.0667,6.7084,0.136,0.1626,0.725572
870,4.1436,0.0829,6.6913,0.1357,0.1617,0.624579
871,6.4757,0.1295,6.7118,0.1361,0.1609,0.672933
872,18.2306,0.3646,6.8238,0.1383,0.16,0.591844
873,5.2726,0.1055,6.8235,0.1383,0.1592,0.624843
874,8.7449,0.1749,6.832,0.1385,0.1583,0.595793
875,9.5813,0.1916,6.8785,0.1394,0.1575,0.687053
876,4.1746,0.0835,6.8903,0.1396,0.1566,0.610652
877,3.3288,0.0666,6.8692,0.1392,0.1558,0.703311
878,3.7627,0.0753,6.872,0.1393,0.1549,0.655166
879,10.6856,0.2137,6.9265,0.1404,0.1541,0.642539
880,6.7224,0.1344,6.8137,0.1381,0.1532,0.549947
881,6.7204,0.1344,6.8308,0.1385,0.1524,0.614657
882,5.5694,0.1114,6.8332,0.1385,0.1515,0.644662
883,2.6142,0.0523,6.809,0.138,0.1507,0.667474
884,5.1952,0.1039,6.687,0.1356,0.1498,0.728922
885,5.0019,0.1,6.6852,0.1355,0.149,0.558719
886,4.7926,0.0959,6.6356,0.1346,0.1481,0.688278
887,27.0597,0.5412,6.7983,0.1378,0.1473,0.620708
888,3.4827,0.0697,6.7836,0.1375,0.1464,0.618601
889,9.3394,0.1868,6.8104,0.138,0.1456,0.659891
890,5.867,0.1173,6.8441,0.1387,0.1447,0.6697
891,4.999,0.1,6.8353,0.1385,0.1439,0.597833
892,4.1983,0.084,6.8212,0.1383,0.143,0.755478
893,4.6613,0.0932,6.7988,0.1378,0.1422,0.676304
894,7.5289,0.1506,6.6864,0.1356,0.1413,0.691311
895,10.3591,0.2072,6.7489,0.1368,0.1405,0.701476
896,2.7165,0.0543,6.7187,0.1362,0.1396,0.621106
897,3.9004,0.078,6.5846,0.1335,0.1388,0.708485
898,3.5248,0.0705,6.5646,0.1331,0.1379,0.568929
899,6.2329,0.1247,6.5669,0.1332,0.1371,0.704559
900,7.8885,0.1578,6.595,0.1337,0.1362,0.579848
901,27.4069,0.5481,6.8235,0.1383,0.1354,0.597104
902,8.6545,0.1731,6.8333,0.1385,0.1345,0.704729
903,14.0288,0.2806,6.8946,0.1397,0.1337,0.545327
904,11.2674,0.2253,6.9606,0.1411,0.1328,0.641507
905,5.3581,0.1072,6.9868,0.1416,0.132,0.717022
906,2.4905,0.0498,6.9544,0.1409,0.1311,0.632105
907,11.1674,0.2233,7.021,0.1423,0.1303,0.762597
908,7.2823,0.1456,7.047,0.1428,0.1294,0.621298
909,14.1396,0.2828,7.1333,0.1445,0.1286,0.637426
910,20.4334,0.4087,7.185,0.1455,0.1277,0.634464
911,3.1677,0.0634,7.1698,0.1452,0.1269,0.667047
912,3.8821,0.0776,7.1792,0.1454,0.126,0.643064
913,10.5727,0.2115,7.247,0.1468,0.1252,0.731753
914,11.9938,0.2399,7.2981,0.1478,0.1243,0.642474
915,11.4954,0.2299,7.3432,0.1487,0.1235,0.639127
916,3.729,0.0746,7.297,0.1478,0.1226,0.613869
917,6.0635,0.1213,7.2579,0.1452,0.1218,0.633686
918,3.7542,0.0751,7.2122,0.1442,0.1209,0.635993
919,6.8981,0.138,7.2467,0.1449,0.1201,0.740705
920,6.5183,0.1304,7.2419,0.1448,0.1192,0.561305
921,2.9377,0.0588,7.2232,0.1445,0.1184,0.581849
922,48.9576,0.9792,7.6566,0.1531,0.1175,0.663477
923,40.0424,0.8008,7.9972,0.1599,0.1167,0.70015
924,3.0961,0.0619,7.9901,0.1598,0.1158,0.706588
925,6.5229,0.1305,8.0124,0.1602,0.115,0.767231
926,3.4928,0.0699,8.0046,0.1601,0.1141,0.724952
927,8.6792,0.1736,8.0343,0.1607,0.1133,0.648396
928,7.5316,0.1506,8.049,0.161,0.1124,0.599704
929,9.2459,0.1849,8.0886,0.1618,0.1116,0.567675
930,11.608,0.2322,8.1083,0.1622,0.1107,0.681919
931,3.0793,0.0616,8.0906,0.1618,0.1099,0.74677
932,9.4322,0.1886,8.1476,0.163,0.109,0.83033
933,4.3391,0.0868,8.0809,0.1616,0.1082,0.670549
934,5.8396,0.1168,8.0583,0.1612,0.1073,0.513788
935,6.6013,0.132,8.0794,0.1616,0.1065,0.71391
936,12.7518,0.255,7.9841,0.1597,0.1056,0.608563
937,5.7674,0.1153,8.005,0.1601,0.1048,0.695271
938,10.1409,0.2028,7.9693,0.1594,0.1039,0.690793
939,12.6513,0.253,8.0434,0.1609,0.1031,0.609204
940,2.4047,0.0481,7.993,0.1599,0.1022,0.654471
941,4.2354,0.0847,7.931,0.1586,0.1014,0.605118
942,5.5345,0.1107,7.9569,0.1591,0.1005,0.63459
943,4.9689,0.0994,7.9456,0.1589,0.0997,0.689893
944,5.0216,0.1004,7.9437,0.1589,0.0988,0.697968
945,23.9725,0.4794,8.1353,0.1627,0.098,0.651704
946,11.1317,0.2226,8.189,0.1638,0.0971,0.685082
947,10.4191,0.2084,8.21,0.1642,0.0963,0.693508
948,8.5046,0.1701,8.2374,0.1647,0.0954,0.709785
949,4.5835,0.0917,8.218,0.1644,0.0946,0.749355
950,3.61,0.0722,8.2027,0.1641,0.0937,0.683994
951,4.9417,0.0988,8.1589,0.1632,0.0929,0.697228
952,4.4831,0.0897,8.147,0.1629,0.092,0.667235
953,5.4711,0.1094,8.1459,0.1629,0.0912,0.675539
954,25.5903,0.5118,8.3594,0.1672,0.0903,0.718486
955,7.9539,0.1591,8.419,0.1684,0.0895,0.697417
956,6.4048,0.1281,8.4454,0.1689,0.0886,0.802613
957,7.224,0.1445,8.4825,0.1696,0.0878,0.694549
958,10.6634,0.2133,8.5533,0.1711,0.0869,0.642453
959,3.8966,0.0779,8.4897,0.1698,0.0861,0.67486
960,3.5387,0.0708,8.4841,0.1697,0.0852,0.680919
961,4.6321,0.0926,8.5018,0.17,0.0844,0.702321
962,6.0398,0.1208,8.5239,0.1705,0.0835,0.685618
963,6.2852,0.1257,8.3578,0.1672,0.0827,0.677489
964,20.398,0.408,8.5051,0.1701,0.0818,0.819361
965,16.1162,0.3223,8.6076,0.1722,0.081,0.629124
966,7.5794,0.1516,8.5883,0.1718,0.0801,0.706044
967,16.6286,0.3326,8.6585,0.1732,0.0793,0.579178
968,10.1423,0.2028,8.7151,0.1743,0.0784,0.661297
969,13.8851,0.2777,8.8206,0.1764,0.0776,0.667191
970,6.0961,0.1219,8.8401,0.1768,0.0767,0.659237
971,3.4798,0.0696,8.8101,0.1762,0.0759,0.706028
972,3.6895,0.0738,8.6647,0.1733,0.075,0.591957
973,3.9025,0.0781,8.651,0.173,0.0742,0.714546
974,4.7335,0.0947,8.6109,0.1722,0.0733,0.769684
975,5.3344,0.1067,8.5684,0.1714,0.0725,0.723707
976,14.4875,0.2897,8.6716,0.1734,0.0716,0.690093
977,9.1575,0.1832,8.7299,0.1746,0.0708,0.664327
978,7.7595,0.1552,8.7698,0.1754,0.0699,0.751554
979,4.4639,0.0893,8.7076,0.1742,0.0691,0.651385
980,14.0694,0.2814,8.7811,0.1756,0.0682,0.699789
981,6.3242,0.1265,8.7771,0.1755,0.0674,0.669702
982,30.9604,0.6192,9.031,0.1806,0.0665,0.658487
983,3.9634,0.0793,9.0445,0.1809,0.0657,0.706855
984,5.8288,0.1166,9.0509,0.181,0.0648,0.623059
985,5.6315,0.1126,9.0571,0.1811,0.064,0.660385
986,4.6577,0.0932,9.0558,0.1811,0.0631,0.753191
987,9.2744,0.1855,8.8779,0.1776,0.0623,0.761636
988,3.472,0.0694,8.8778,0.1776,0.0614,0.782814
989,3.133,0.0627,8.8158,0.1763,0.0606,0.71702
990,4.0322,0.0806,8.7974,0.1759,0.0597,0.803928
991,12.8217,0.2564,8.8757,0.1775,0.0589,0.741249
992,4.7826,0.0957,8.8815,0.1776,0.058,0.76321
993,5.5975,0.1119,8.8909,0.1778,0.0572,0.689456
994,11.3366,0.2267,8.9289,0.1786,0.0563,0.641172
995,2.2887,0.0458,8.8482,0.177,0.0555,0.690066
996,9.3908,0.1878,8.915,0.1783,0.0546,0.657019
997,36.4074,0.7281,9.24,0.1848,0.0538,0.716784
998,5.5223,0.1104,9.26,0.1852,0.0529,0.667438
999,6.9931,0.1399,9.2676,0.1854,0.0521,0.874712
1000,9.69,0.1938,9.2856,0.1857,0.0512,0.780096
1001,11.6679,0.2334,9.1282,0.1826,0.0504,0.733826
1002,12.4648,0.2493,9.1664,0.1833,0.05,0.84057
1003,7.7899,0.1558,9.104,0.1821,0.05,0.721411
1004,2.6339,0.0527,9.0176,0.1804,0.05,0.770679
1005,14.5329,0.2907,9.1094,0.1822,0.05,0.777046
1006,6.7544,0.1351,9.152,0.183,0.05,0.818112
1007,4.6017,0.092,9.0864,0.1817,0.05,0.679661
1008,6.6821,0.1336,9.0804,0.1816,0.05,0.700252
1009,7.7461,0.1549,9.0164,0.1803,0.05,0.710731
1010,5.9024,0.118,8.8711,0.1774,0.05,0.777726
1011,9.0601,0.1812,8.93,0.1786,0.05,0.703482
1012,4.5564,0.0911,8.9368,0.1787,0.05,0.770438
1013,6.7723,0.1354,8.8988,0.178,0.05,0.797714
1014,18.0388,0.3608,8.9592,0.1792,0.05,0.666256
1015,16.306,0.3261,9.0073,0.1801,0.05,0.67955
1016,6.4743,0.1295,9.0348,0.1807,0.05,0.787541
1017,7.2611,0.1452,9.0468,0.1809,0.05,0.672575
1018,7.7405,0.1548,9.0866,0.1817,0.05,0.850444
1019,6.6289,0.1326,9.0839,0.1817,0.05,0.621207
1020,15.2717,0.3054,9.1715,0.1834,0.05,0.744809
1021,5.4821,0.1096,9.1969,0.1839,0.05,0.63303
1022,13.7891,0.2758,8.8452,0.1769,0.05,0.782178
1023,4.778,0.0956,8.4926,0.1699,0.05,0.75297
1024,8.7377,0.1748,8.549,0.171,0.05,0.767688
1025,10.9859,0.2197,8.5936,0.1719,0.05,0.752803
1026,14.9355,0.2987,8.7081,0.1742,0.05,0.630586
1027,9.4881,0.1898,8.7161,0.1743,0.05,0.715116
1028,7.3952,0.1479,8.7148,0.1743,0.05,0.703956
1029,4.4263,0.0885,8.6666,0.1733,0.05,0.710633
1030,8.6683,0.1734,8.6372,0.1727,0.05,0.638966
1031,6.8306,0.1366,8.6747,0.1735,0.05,0.734819
1032,6.1659,0.1233,8.642,0.1728,0.05,0.69052
1033,4.8959,0.0979,8.6476,0.173,0.05,0.713606
1034,10.7332,0.2147,8.6965,0.1739,0.05,0.676285
1035,6.7179,0.1344,8.6977,0.174,0.05,0.786294
1036,12.2083,0.2442,8.6923,0.1738,0.05,0.75355
1037,5.963,0.1193,8.6942,0.1739,0.05,0.67218
1038,4.3833,0.0877,8.6366,0.1727,0.05,0.79794
1039,5.9391,0.1188,8.5695,0.1714,0.05,0.874042
1040,6.3342,0.1267,8.6088,0.1722,0.05,0.843095
1041,5.1048,0.1021,8.6175,0.1724,0.05,0.582958
1042,5.0893,0.1018,8.6131,0.1723,0.05,0.722925
1043,5.3184,0.1064,8.6166,0.1723,0.05,0.838119
1044,3.2583,0.0652,8.5989,0.172,0.05,0.715748
1045,17.3884,0.3478,8.5331,0.1707,0.05,0.777941
1046,10.5398,0.2108,8.5272,0.1705,0.05,0.779751
1047,6.7519,0.135,8.4905,0.1698,0.05,0.625599
1048,30.5107,0.6102,8.7106,0.1742,0.05,0.71138
1049,2.9048,0.0581,8.6938,0.1739,0.05,0.728675
1050,19.1578,0.3832,8.8492,0.177,0.05,0.737075
1051,4.302,0.086,8.8428,0.1769,0.05,0.895294
1052,3.5494,0.071,8.8335,0.1767,0.05,0.814815
1053,5.3646,0.1073,8.8324,0.1766,0.05,0.771352
1054,8.9149,0.1783,8.6657,0.1733,0.05,0.795129
1055,4.3743,0.0875,8.6299,0.1726,0.05,0.714558
1056,5.955,0.1191,8.6254,0.1725,0.05,0.598341
1057,17.9648,0.3593,8.7328,0.1747,0.05,0.76555
1058,4.7565,0.0951,8.6737,0.1735,0.05,0.767968
1059,19.4162,0.3883,8.8289,0.1766,0.05,0.760429
1060,31.9573,0.6391,9.1131,0.1823,0.05,0.767369
1061,3.9524,0.079,9.1063,0.1821,0.05,0.797857
1062,6.4516,0.129,9.1104,0.1822,0.05,0.795057
1063,16.021,0.3204,9.2078,0.1842,0.05,0.751875
1064,8.8185,0.1764,9.092,0.1818,0.05,0.789979
1065,9.6952,0.1939,9.0278,0.1806,0.05,0.9172
1066,6.8214,0.1364,9.0202,0.1804,0.05,0.833141
1067,5.0379,0.1008,8.9043,0.1781,0.05,0.961127
1068,7.7595,0.1552,8.8805,0.1776,0.05,0.601986
1069,29.0612,0.5812,9.0322,0.1806,0.05,1.026901
1070,6.6206,0.1324,9.0375,0.1807,0.05,0.761588
1071,21.6509,0.433,9.2192,0.1844,0.05,0.745848
1072,4.8376,0.0968,9.2307,0.1846,0.05,0.735146
1073,24.2212,0.4844,9.4339,0.1887,0.05,0.809146
1074,4.8527,0.0971,9.4351,0.1887,0.05,0.846683
1075,4.9716,0.0994,9.4314,0.1886,0.05,0.722351
1076,12.4393,0.2488,9.4109,0.1882,0.05,0.84851
1077,6.4317,0.1286,9.3837,0.1877,0.05,0.917591
1078,5.2001,0.104,9.3581,0.1872,0.05,0.939835
1079,7.1141,0.1423,9.3846,0.1877,0.05,0.764034
1080,5.4964,0.4997,9.2989,0.1899,0.05,0.693608
1081,6.2563,0.1251,9.2982,0.1899,0.05,0.858961
1082,7.9369,0.1587,9.0679,0.1853,0.05,0.913621
1083,10.9622,0.2192,9.1379,0.1867,0.05,0.722354
1084,5.3897,0.1078,9.1335,0.1866,0.05,0.86453
1085,10.3324,0.2066,9.1806,0.1875,0.05,0.804896
1086,36.9031,0.7381,9.503,0.194,0.05,0.913663
1087,3.9427,0.0789,9.4497,0.1929,0.05,0.955177
1088,4.6836,0.0937,9.4618,0.1931,0.05,0.866663
1089,9.7345,0.1947,9.5278,0.1945,0.05,0.97589
1090,5.7422,0.1148,9.5449,0.1948,0.05,0.777903
1091,3.5974,0.0719,9.4527,0.193,0.05,0.871265
1092,6.8335,0.1367,9.4732,0.1934,0.05,0.826616
1093,4.9816,0.0996,9.467,0.1932,0.05,0.744515
1094,6.2294,0.1246,9.416,0.1922,0.05,0.726234
1095,5.4548,0.1091,9.4476,0.1928,0.05,0.899826
1096,7.0339,0.1407,9.424,0.1924,0.05,0.744725
1097,9.4573,0.1891,9.1545,0.187,0.05,0.811059
1098,4.3459,0.0869,9.1428,0.1868,0.05,0.930612
1099,13.6827,0.2737,9.2097,0.1881,0.05,0.82717
1100,12.4899,0.2498,9.2377,0.1887,0.05,0.787667
1101,5.1766,0.1035,9.1728,0.1874,0.05,0.866291
1102,5.4815,0.1096,9.1029,0.186,0.05,0.832962
1103,3.9639,0.0793,9.0647,0.1852,0.05,0.822831
1104,5.987,0.1197,9.0982,0.1859,0.05,0.863697
1105,7.4316,0.1486,9.0272,0.1844,0.05,0.998288
1106,8.0177,0.1604,9.0398,0.1847,0.05,0.827928
1107,12.2499,0.245,9.1163,0.1862,0.05,0.774596
1108,7.7936,0.1559,9.1274,0.1864,0.05,0.780642
1109,24.4776,0.4896,9.2947,0.1898,0.05,0.763747
1110,11.1587,0.2232,9.3473,0.1908,0.05,0.91227
1111,5.6311,0.1126,9.313,0.1902,0.05,0.980222
1112,13.1522,0.263,9.399,0.1919,0.05,0.953556
1113,16.7087,0.3342,9.4983,0.1939,0.05,1.004307
1114,4.3431,0.0869,9.3614,0.1911,0.05,0.726446
1115,6.9132,0.1383,9.2674,0.1892,0.05,0.761371
1116,9.5045,0.1901,9.2977,0.1899,0.05,0.836026
1117,12.2665,0.2453,9.3478,0.1909,0.05,0.971908
1118,4.3721,0.0874,9.3141,0.1902,0.05,0.950052
1119,19.5829,0.3917,9.4437,0.1928,0.05,0.892844
1120,15.8632,0.3173,9.4496,0.1929,0.05,0.688132
1121,4.1849,0.0837,9.4366,0.1926,0.05,0.967857
1122,8.8088,0.1762,9.3868,0.1916,0.05,0.846465
1123,3.5826,0.0717,9.3748,0.1914,0.05,0.766535
1124,21.394,0.4279,9.5014,0.1939,0.05,0.934183
1125,12.1778,0.2436,9.5133,0.1942,0.05,0.914471
1126,10.8002,0.216,9.472,0.1933,0.05,0.91791
1127,14.1159,0.2823,9.5182,0.1943,0.05,0.994284
1128,8.7972,0.1759,9.5323,0.1945,0.05,1.064162
1129,7.1561,0.1431,9.5596,0.1951,0.05,0.942962
1130,11.3306,0.2266,9.5862,0.1956,0.05,1.002042
1131,19.9489,0.399,9.7174,0.1982,0.05,1.031567
1132,3.2759,0.0655,9.6885,0.1977,0.05,0.884814
1133,18.0611,0.3612,9.8201,0.2003,0.05,0.924364
1134,9.8873,0.1977,9.8117,0.2001,0.05,0.917506
1135,9.0895,0.1818,9.8354,0.2006,0.05,0.884495
1136,4.3503,0.087,9.7568,0.199,0.05,0.799023
1137,4.6386,0.0928,9.7436,0.1988,0.05,0.884229
1138,6.3056,0.1261,9.7628,0.1992,0.05,0.981156
1139,17.7058,0.3541,9.8804,0.2015,0.05,0.815201
1140,4.1757,0.0835,9.8589,0.2011,0.05,0.936451
1141,10.2887,0.2058,9.9107,0.2021,0.05,0.851405
1142,8.2315,0.1646,9.9421,0.2027,0.05,0.919568
1143,9.278,0.1856,9.9817,0.2035,0.05,1.000902
1144,10.9899,0.2198,10.059,0.2051,0.05,0.815046
1145,7.1797,0.4487,9.957,0.2061,0.05,0.83004
1146,2.5429,0.0509,9.877,0.2045,0.05,0.896827
1147,13.5992,0.272,9.9455,0.2059,0.05,0.879045
1148,7.556,0.1511,9.7159,0.2013,0.05,0.850643
1149,6.0273,0.1205,9.7471,0.2019,0.05,0.909093
1150,5.976,0.1195,9.6153,0.1993,0.05,0.865704
1151,8.8582,0.1772,9.6609,0.2002,0.05,0.814413
1152,9.7254,0.1945,9.7226,0.2014,0.05,0.891102
1153,7.0787,0.1416,9.7398,0.2017,0.05,0.937763
1154,5.9388,0.1188,9.71,0.2011,0.05,0.91434
1155,5.0188,0.1004,9.7165,0.2013,0.05,1.003362
1156,2.5197,0.0504,9.6821,0.2006,0.05,1.045223
1157,4.4821,0.0896,9.5473,0.1979,0.05,0.909697
1158,13.5409,0.2708,9.6351,0.1997,0.05,1.03803
1159,6.4684,0.1294,9.5056,0.1971,0.05,0.958657
1160,2.6596,0.0532,9.2127,0.1912,0.05,0.866656
1161,9.1795,0.1836,9.2649,0.1922,0.05,0.954092
1162,9.3633,0.1873,9.2941,0.1928,0.05,1.034494
1163,7.2816,0.1456,9.2067,0.1911,0.05,0.933319
1164,6.9038,0.1381,9.1875,0.1907,0.05,1.005866
1165,5.555,0.1111,9.1461,0.1899,0.05,0.975517
1166,34.1438,0.6829,9.4193,0.1953,0.05,0.89024
1167,10.0787,0.2016,9.4697,0.1963,0.05,0.966631
1168,6.4258,0.1285,9.4564,0.1961,0.05,1.03985
1169,4.8275,0.0965,9.2141,0.1912,0.05,0.911315
1170,4.6083,0.0922,9.194,0.1908,0.05,0.942191
1171,8.7361,0.1747,9.0648,0.1882,0.05,1.017079
1172,12.6002,0.252,9.1424,0.1898,0.05,1.020969
1173,8.9953,0.1799,8.9902,0.1868,0.05,0.904789
1174,11.5384,0.2308,9.057,0.1881,0.05,0.945244
1175,13.3473,0.2669,9.1408,0.1898,0.05,0.942367
1176,2.9723,0.0594,9.0461,0.1879,0.05,0.985607
1177,10.464,0.2093,9.0864,0.1887,0.05,1.008787
1178,15.7163,0.3143,9.1916,0.1908,0.05,1.061274
1179,3.3399,0.0668,9.1539,0.19,0.05,0.902865
1180,5.7636,0.1153,9.1565,0.1862,0.05,0.883813
1181,6.437,0.1287,9.1583,0.1862,0.05,0.952704
1182,2.8882,0.0578,9.1079,0.1852,0.05,1.120082
1183,14.2108,0.2842,9.1403,0.1859,0.05,0.936261
1184,11.0758,0.2215,9.1972,0.187,0.05,1.017087
1185,7.3124,0.1462,9.167,0.1864,0.05,0.903582
1186,7.829,0.1566,8.8763,0.1806,0.05,1.013753
1187,19.9229,0.3985,9.0361,0.1838,0.05,1.121768
1188,4.5681,0.0914,9.0349,0.1837,0.05,1.035182
1189,8.4729,0.1695,9.0223,0.1835,0.05,0.916637
1190,12.403,0.2481,9.0889,0.1848,0.05,0.990643
1191,14.0871,0.2817,9.1938,0.1869,0.05,0.96533
1192,22.1524,0.443,9.347,0.19,0.05,0.937965
1193,6.6918,0.1338,9.3641,0.1903,0.05,0.865726
1194,7.9318,0.1586,9.3811,0.1907,0.05,0.942646
1195,9.7172,0.1943,9.4237,0.1915,0.05,1.117996
1196,11.1479,0.223,9.4649,0.1923,0.05,0.892076
1197,14.4195,0.2884,9.5145,0.1933,0.05,0.848687
1198,10.3956,0.2079,9.575,0.1946,0.05,0.828376
1199,40.0733,0.8015,9.8389,0.1998,0.05,1.103482
1200,8.2489,0.165,9.7965,0.199,0.05,1.040574
1201,13.4734,0.2695,9.8795,0.2006,0.05,0.91
1202,25.7992,0.516,10.0826,0.2047,0.05,1.067796
1203,6.5855,0.1317,10.1088,0.2052,0.05,0.893073
1204,20.6383,0.4128,10.2554,0.2082,0.05,0.984361
1205,24.7083,0.4942,10.4281,0.2116,0.05,0.851518
1206,3.6727,0.0735,10.3847,0.2107,0.05,1.065466
1207,5.2615,0.1052,10.3148,0.2093,0.05,1.050781
1208,10.7927,0.2159,10.3448,0.2099,0.05,0.945549
1209,9.8852,0.1977,10.1989,0.207,0.05,0.862541
1210,3.8918,0.0778,10.1262,0.2056,0.05,1.002079
1211,5.0944,0.1019,10.1208,0.2055,0.05,1.101951
1212,10.0298,0.2006,10.0896,0.2048,0.05,0.990148
1213,4.6741,0.0935,9.9693,0.2024,0.05,0.992994
1214,7.5572,0.1511,10.0014,0.2031,0.05,0.925367
1215,11.6443,0.2329,10.0487,0.204,0.05,0.968682
1216,11.1339,0.2227,10.065,0.2044,0.05,1.022774
1217,3.8725,0.0775,9.9811,0.2027,0.05,1.029427
1218,6.5582,0.1312,10.0029,0.2031,0.05,1.07701
1219,14.0335,0.2807,9.9474,0.202,0.05,1.053037
1220,6.6024,0.132,9.8548,0.2001,0.05,1.120388
1221,10.7044,0.2141,9.92,0.2015,0.05,1.063167
1222,11.8555,0.2371,9.9505,0.2021,0.05,1.002043
1223,13.893,0.2779,10.0536,0.2041,0.05,0.968385
1224,4.8451,0.0969,9.8881,0.2008,0.05,0.976082
1225,18.0324,0.3606,9.9466,0.202,0.05,0.885265
1226,16.5403,0.3308,10.004,0.2031,0.05,1.047286
1227,15.1409,0.3028,10.0143,0.2033,0.05,0.914634
1228,7.2404,0.1724,9.9987,0.2033,0.05,0.976395
1229,3.5429,0.0709,9.9626,0.2026,0.05,0.993223
1230,6.7148,0.1343,9.9164,0.2017,0.05,0.936212
1231,16.9781,0.3396,9.8867,0.2011,0.05,1.049565
1232,6.2841,0.1257,9.9168,0.2017,0.05,1.031045
1233,17.6729,0.3535,9.9129,0.2016,0.05,0.95978
1234,5.2807,0.1056,9.8669,0.2007,0.05,0.904484
1235,20.3531,0.4071,9.9795,0.2029,0.05,0.993413
1236,10.191,0.2038,10.0379,0.2041,0.05,0.86516
1237,14.9356,0.2987,10.1409,0.2061,0.05,1.007288
1238,6.9884,0.1398,10.1477,0.2063,0.05,0.969761
1239,6.3165,0.1263,10.0338,0.204,0.05,0.970199
1240,6.5901,0.1318,10.058,0.2045,0.05,1.050449
1241,6.9283,0.1386,10.0243,0.2038,0.05,0.853004
1242,6.865,0.1373,10.0107,0.2035,0.05,0.954403
1243,7.1585,0.1432,9.9895,0.2031,0.05,1.085975
1244,18.8102,0.3762,10.0677,0.2047,0.05,0.867738
1245,15.9375,0.3188,10.1553,0.2034,0.05,1.183181
1246,3.8839,0.0777,10.1687,0.2036,0.05,1.039621
1247,6.4242,0.1285,10.0969,0.2022,0.05,0.971165
1248,11.8511,0.237,10.1399,0.2031,0.05,0.919769
1249,6.0327,0.1207,10.1399,0.2031,0.05,0.918207
1250,13.043,0.2609,10.2106,0.2045,0.05,1.186982
1251,23.4644,0.4693,10.3567,0.2074,0.05,1.018942
1252,4.9815,0.0996,10.3092,0.2065,0.05,0.988748
1253,7.2373,0.1447,10.3108,0.2065,0.05,1.124131
1254,29.757,0.5951,10.549,0.2113,0.05,0.93834
1255,6.7527,0.1351,10.5663,0.2116,0.05,0.832336
1256,21.7814,0.4356,10.759,0.2155,0.05,1.120158
1257,5.1097,0.1022,10.7652,0.2156,0.05,1.004158
1258,10.1381,0.2028,10.7312,0.2149,0.05,1.167086
1259,7.2433,0.1449,10.7389,0.2151,0.05,1.007497
1260,3.8015,0.076,10.7504,0.2153,0.05,0.939441
1261,12.9272,0.2585,10.7878,0.216,0.05,1.053605
1262,4.9308,0.0986,10.7435,0.2151,0.05,1.039954
1263,11.2043,0.2241,10.7827,0.2159,0.05,0.886895
1264,19.2345,0.3847,10.9061,0.2184,0.05,1.041916
1265,8.6495,0.173,10.937,0.219,0.05,1.053375
1266,10.6859,0.2137,10.7024,0.2143,0.05,1.097096
1267,4.8964,0.0979,10.6506,0.2133,0.05,1.120537
1268,4.8333,0.0967,10.6347,0.213,0.05,0.894989
1269,9.9176,0.1984,10.6856,0.214,0.05,1.023721
1270,4.024,0.0805,10.6797,0.2139,0.05,1.153549
1271,13.3308,0.2666,10.7257,0.2148,0.05,1.016518
1272,27.4627,0.5493,10.8743,0.2178,0.05,1.169205
1273,6.6279,0.1326,10.8506,0.2173,0.05,1.014982
1274,20.8257,0.4165,10.9435,0.2191,0.05,1.142756
1275,7.9852,0.1597,10.8899,0.2181,0.05,1.15868
1276,6.7566,0.1351,10.9277,0.2188,0.05,0.970707
1277,5.9093,0.1182,10.8822,0.2179,0.05,1.026213
1278,7.2581,0.1452,10.7976,0.2162,0.05,0.960464
1279,17.1805,0.3436,10.936,0.219,0.05,0.974948
1280,12.102,0.242,10.9994,0.2203,0.05,0.958509
1281,8.827,0.1765,11.0233,0.2207,0.05,1.014015
1282,14.2181,0.2844,11.1366,0.223,0.05,1.116586
1283,6.6529,0.1331,11.061,0.2215,0.05,0.952338
1284,14.6293,0.2926,11.0965,0.2222,0.05,1.131216
1285,19.7603,0.3952,11.221,0.2247,0.05,1.046269
1286,5.6556,0.1131,11.1993,0.2243,0.05,1.061831
1287,5.3606,0.1072,11.0537,0.2213,0.05,1.117668
1288,14.8067,0.2961,11.156,0.2234,0.05,1.037461
1289,18.0187,0.3604,11.2515,0.2253,0.05,0.976317
1290,4.4601,0.0892,11.1721,0.2237,0.05,1.029492
1291,15.9207,0.3184,11.1904,0.2241,0.05,0.983234
1292,2.68,0.0536,10.9957,0.2202,0.05,1.086783
1293,10.4097,0.2082,11.0329,0.2209,0.05,0.993444
1294,21.7634,0.4353,11.1712,0.2237,0.05,1.069881
1295,14.4599,0.2892,11.2186,0.2246,0.05,1.016895
1296,6.6556,0.1331,11.1737,0.2237,0.05,1.145551
1297,2.6634,0.0533,11.0561,0.2214,0.05,1.126416
1298,6.5405,0.1308,11.0176,0.2206,0.05,1.038769
1299,8.2034,0.1641,10.6989,0.2143,0.05,0.999389
1300,5.1891,0.1038,10.6683,0.2136,0.05,0.949597
1301,18.3152,0.3663,10.7167,0.2146,0.05,1.10902
1302,9.6102,0.1922,10.5548,0.2114,0.05,1.033388
1303,31.4816,0.6296,10.8038,0.2164,0.05,1.043366
1304,8.2087,0.1642,10.6795,0.2139,0.05,0.943493
1305,14.0007,0.28,10.5724,0.2117,0.05,0.992812
1306,7.2297,0.1446,10.608,0.2124,0.05,0.969512
1307,8.6872,0.1737,10.6422,0.2131,0.05,1.243282
1308,5.2229,0.1045,10.5865,0.212,0.05,0.998255
1309,5.5172,0.1103,10.5428,0.2111,0.05,1.082452
1310,5.744,0.1149,10.5614,0.2115,0.05,0.971911
1311,5.6289,0.1126,10.5667,0.2116,0.05,1.228006
1312,5.8867,0.1177,10.5253,0.2108,0.05,1.04534
1313,3.8863,0.0777,10.5174,0.2106,0.05,1.18188
1314,9.4729,0.1895,10.5366,0.211,0.05,1.038819
1315,8.9051,0.1781,10.5092,0.2105,0.05,0.960227
1316,5.0527,0.1011,10.4484,0.2092,0.05,1.057408
1317,7.773,0.1555,10.4874,0.21,0.05,0.871354
1318,5.3969,0.1079,10.4757,0.2098,0.05,0.965641
1319,11.6428,0.2329,10.4518,0.2093,0.05,1.076962
1320,7.449,0.149,10.4603,0.2095,0.05,1.087126
1321,15.6856,0.3137,10.5101,0.2105,0.05,1.135015
1322,34.3795,0.6876,10.7354,0.215,0.05,1.004322
1323,31.6928,0.6339,10.9134,0.2185,0.05,1.130155
1324,16.7558,0.3351,11.0325,0.2209,0.05,1.207976
1325,5.1849,0.1037,10.904,0.2184,0.05,0.983118
1326,4.3579,0.0872,10.7822,0.2159,0.05,1.163508
1327,32.1537,0.6431,10.9523,0.2193,0.05,0.904077
1328,3.5915,0.0718,10.9158,0.2183,0.05,1.20186
1329,13.5222,0.2704,11.0156,0.2203,0.05,0.917491
1330,6.2293,0.1246,11.0107,0.2202,0.05,1.012813
1331,6.5023,0.13,10.906,0.2181,0.05,1.024825
1332,8.0686,0.1614,10.9238,0.2185,0.05,1.093768
1333,4.492,0.0898,10.792,0.2158,0.05,1.27386
1334,8.4547,0.1691,10.8238,0.2165,0.05,1.09764
1335,5.7406,0.1148,10.6776,0.2136,0.05,1.220819
1336,6.3708,0.1274,10.6394,0.2128,0.05,1.159182
1337,6.9259,0.1385,10.5593,0.2112,0.05,1.140301
1338,6.3559,0.1271,10.553,0.2111,0.05,1.235744
1339,7.4796,0.1496,10.5646,0.2113,0.05,1.137197
1340,9.9425,0.1988,10.5982,0.212,0.05,1.073748
1341,2.9444,0.0589,10.5583,0.2112,0.05,1.060863
1342,8.0086,0.1602,10.5698,0.2114,0.05,1.186479
1343,8.5297,0.1706,10.5835,0.2117,0.05,1.08133
1344,11.1338,0.2227,10.5067,0.2101,0.05,1.063442
1345,9.2391,0.1848,10.4397,0.2088,0.05,1.056027
1346,8.9681,0.1794,10.4906,0.2098,0.05,0.904424
1347,8.9516,0.179,10.5158,0.2103,0.05,1.102672
1348,9.9929,0.1999,10.4973,0.2099,0.05,1.247811
1349,8.5752,0.1715,10.5227,0.2105,0.05,1.147267
1350,11.3982,0.228,10.5062,0.2101,0.05,1.102994
1351,12.1646,0.2433,10.3932,0.2079,0.05,1.204405
1352,4.3895,0.0878,10.3873,0.2077,0.05,0.988115
1353,16.0186,0.3204,10.4751,0.2095,0.05,1.104345
1354,4.0733,0.0815,10.2183,0.2044,0.05,1.230815
1355,11.2699,0.2254,10.2635,0.2053,0.05,1.140475
1356,18.123,0.3625,10.2269,0.2045,0.05,1.132192
1357,27.1625,0.5432,10.4474,0.2089,0.05,1.111987
1358,10.7089,0.2142,10.4531,0.2091,0.05,1.132641
1359,5.7727,0.1155,10.4384,0.2088,0.05,1.125452
1360,7.37,0.1474,10.4741,0.2095,0.05,1.236979
1361,10.4372,0.2087,10.4492,0.209,0.05,1.234063
1362,3.9241,0.0785,10.4391,0.2088,0.05,0.946676
1363,9.2334,0.1847,10.4194,0.2084,0.05,1.210235
1364,4.6441,0.0929,10.2735,0.2055,0.05,0.933152
1365,5.5816,0.1116,10.2428,0.2049,0.05,1.128301
1366,13.6667,0.2733,10.2726,0.2055,0.05,1.147356
1367,37.3706,0.7474,10.5974,0.2119,0.05,1.115393
1368,9.2598,0.1852,10.6417,0.2128,0.05,0.937321
1369,11.751,0.235,10.66,0.2132,0.05,1.252431
1370,4.0111,0.0802,10.6599,0.2132,0.05,1.120603
1371,9.9645,0.1993,10.6262,0.2125,0.05,1.136149
1372,12.0682,0.2414,10.4723,0.2094,0.05,1.244332
1373,12.7898,0.2558,10.5339,0.2107,0.05,1.290987
1374,9.5326,0.1907,10.4209,0.2084,0.05,1.200981
1375,14.1317,0.2826,10.4824,0.2096,0.05,1.159586
1376,6.2742,0.1255,10.4776,0.2096,0.05,0.965803
1377,18.3923,0.3678,10.6024,0.212,0.05,1.137462
1378,10.1183,0.2024,10.631,0.2126,0.05,1.396334
1379,8.5979,0.172,10.5452,0.2109,0.05,1.035821
1380,5.5223,0.1104,10.4794,0.2096,0.05,1.159946
1381,8.4441,0.1689,10.4756,0.2095,0.05,1.25182
1382,5.7656,0.1153,10.391,0.2078,0.05,1.171283
1383,13.0189,0.2604,10.4547,0.2091,0.05,1.260917
1384,7.8375,0.1568,10.3868,0.2077,0.05,1.109571
1385,5.4153,0.1083,10.2433,0.2049,0.05,1.202928
1386,4.6754,0.0935,10.2335,0.2047,0.05,1.275012
1387,7.3047,0.1461,10.253,0.2051,0.05,1.403455
1388,11.1493,0.223,10.2164,0.2043,0.05,1.207029
1389,7.3182,0.1464,10.1094,0.2022,0.05,1.312743
1390,18.748,0.375,10.2523,0.205,0.05,1.267366
1391,7.7507,0.155,10.1706,0.2034,0.05,1.24274
1392,16.3467,0.3633,10.3072,0.2065,0.05,1.240593
1393,16.5987,0.332,10.3691,0.2077,0.05,1.380243
1394,21.8876,0.4378,10.3704,0.2078,0.05,1.264353
1395,4.4165,0.0883,10.2699,0.2058,0.05,1.127527
1396,15.7077,0.3142,10.3605,0.2076,0.05,1.183543
1397,10.4055,0.2081,10.4379,0.2091,0.05,1.27173
1398,5.4155,0.1083,10.4266,0.2089,0.05,1.344264
1399,6.3434,0.1269,10.408,0.2085,0.05,1.35826
1400,13.3768,0.2675,10.4899,0.2102,0.05,1.240494
1401,7.2546,0.1451,10.3793,0.2079,0.05,1.37924
1402,5.6198,0.1124,10.3394,0.2072,0.05,1.176662
1403,11.0301,0.2206,10.1349,0.2031,0.05,1.275409
1404,6.9604,0.1392,10.1224,0.2028,0.05,1.176467
1405,5.0326,0.1007,10.0327,0.201,0.05,1.243507
1406,7.691,0.1538,10.0373,0.2011,0.05,1.070007
1407,5.5087,0.1102,10.0055,0.2005,0.05,1.345899
1408,7.424,0.1485,10.0276,0.2009,0.05,1.144411
1409,6.2917,0.1258,10.0353,0.2011,0.05,1.174194
1410,9.6034,0.1921,10.0739,0.2018,0.05,1.114754
1411,8.5134,0.1703,10.1027,0.2024,0.05,1.149028
1412,5.5545,0.1111,10.0994,0.2024,0.05,1.03831
1413,6.9115,0.1382,10.1297,0.203,0.05,1.178208
1414,5.02,0.1004,10.0851,0.2021,0.05,1.100984
1415,14.3663,0.2873,10.1397,0.2032,0.05,1.199695
1416,10.2787,0.2056,10.192,0.2042,0.05,1.247114
1417,8.7572,0.1751,10.2018,0.2044,0.05,1.125464
1418,5.387,0.1077,10.2017,0.2044,0.05,1.179652
1419,16.0369,0.3207,10.2457,0.2053,0.05,1.302879
1420,7.5869,0.4215,10.2471,0.208,0.05,1.375294
1421,6.3346,0.1267,10.1536,0.2061,0.05,1.299411
1422,16.989,0.3398,9.9797,0.2027,0.05,1.382697
1423,10.0303,0.2006,9.763,0.1983,0.05,1.265264
1424,16.6589,0.3332,9.7621,0.1983,0.05,1.079311
1425,23.4515,0.469,9.9447,0.202,0.05,1.271717
1426,4.5093,0.0902,9.9462,0.202,0.05,1.158289
1427,7.1388,0.1428,9.6961,0.197,0.05,1.106381
1428,6.0397,0.1208,9.7206,0.1975,0.05,1.257731
1429,6.5256,0.1305,9.6506,0.1961,0.05,1.237307
1430,9.4629,0.1893,9.6829,0.1967,0.05,1.12471
1431,7.7662,0.1553,9.6956,0.197,0.05,1.124328
1432,5.9768,0.1195,9.6747,0.1966,0.05,1.207931
1433,6.4401,0.1288,9.6941,0.1969,0.05,1.110745
1434,12.0553,0.2411,9.7301,0.1977,0.05,1.214008
1435,8.0585,0.1612,9.7533,0.1981,0.05,1.326259
1436,4.9268,0.0985,9.7389,0.1978,0.05,1.216359
1437,19.9466,0.3989,9.8691,0.2004,0.05,1.422358
1438,22.3786,0.4476,10.0293,0.2036,0.05,1.485127
1439,17.2866,0.3457,10.1274,0.2056,0.05,1.278886
1440,4.1134,0.0823,10.0691,0.2044,0.05,1.470871
1441,5.4884,0.1098,10.0945,0.205,0.05,1.530911
1442,25.6123,0.5122,10.2706,0.2085,0.05,1.48239
1443,10.2598,0.2052,10.2879,0.2088,0.05,1.179243
1444,15.4011,0.308,10.3306,0.2097,0.05,1.408508
1445,16.5746,0.3315,10.4039,0.2111,0.05,1.234352
1446,30.5269,0.6105,10.6195,0.2155,0.05,1.302935
1447,4.1181,0.0824,10.5712,0.2145,0.05,1.536251
1448,4.2428,0.0849,10.5137,0.2133,0.05,1.499897
1449,5.2411,0.1048,10.4803,0.2127,0.05,1.220431
1450,12.642,0.2528,10.4928,0.2129,0.05,1.244684
1451,3.7585,0.0752,10.4087,0.2112,0.05,1.138102
1452,18.8925,0.3778,10.5537,0.2141,0.05,1.186531
1453,8.2597,0.7509,10.4761,0.2184,0.05,1.173006
1454,15.1129,0.3023,10.5865,0.2206,0.05,1.40422
1455,25.7549,0.5151,10.7314,0.2235,0.05,1.415408
1456,7.5068,0.1501,10.6252,0.2214,0.05,1.340531
1457,19.308,0.3862,10.5467,0.2199,0.05,1.164175
1458,5.9861,0.1197,10.4994,0.2189,0.05,1.318887
1459,12.0849,0.2417,10.5626,0.2202,0.05,1.2508
1460,4.3209,0.0864,10.5321,0.2196,0.05,1.507873
1461,26.1703,0.5234,10.6894,0.2227,0.05,1.454222
1462,9.7907,0.1958,10.7481,0.2239,0.05,1.446139
1463,6.7894,0.1358,10.7236,0.2234,0.05,1.496807
1464,19.8001,0.396,10.8752,0.2264,0.05,1.338454
1465,5.8108,0.1162,10.8775,0.2265,0.05,1.329843
1466,9.4941,0.1899,10.8358,0.2256,0.05,1.256218
1467,3.3028,0.0661,10.4951,0.2188,0.05,1.412188
1468,5.192,0.1038,10.4544,0.218,0.05,1.514641
1469,4.2629,0.0853,10.3795,0.2165,0.05,1.44427
1470,10.599,0.212,10.4454,0.2178,0.05,1.363326
1471,6.535,0.1307,10.4111,0.2171,0.05,1.353033
1472,7.7755,0.1555,10.3682,0.2163,0.05,1.292272
1473,20.4831,0.4097,10.4451,0.2178,0.05,1.505921
1474,5.3729,0.1075,10.4035,0.217,0.05,1.449037
1475,5.3414,0.1068,10.3156,0.2152,0.05,1.450768
1476,22.4401,0.4488,10.4773,0.2185,0.05,1.431654
1477,9.7527,0.1951,10.3909,0.2167,0.05,1.504709
1478,14.363,0.2873,10.4333,0.2176,0.05,1.461461
1479,4.6481,0.093,10.3938,0.2168,0.05,1.233631
1480,7.0731,0.1415,10.4093,0.2171,0.05,1.23665
1481,8.9573,0.1791,10.4145,0.2172,0.05,1.288482
1482,22.687,0.4537,10.5837,0.2206,0.05,1.605377
1483,10.7026,0.2141,10.5605,0.2201,0.05,1.379745
1484,6.0298,0.1206,10.5424,0.2198,0.05,1.2703
1485,10.2109,0.2042,10.5904,0.2207,0.05,1.364345
1486,8.68,0.1736,10.6304,0.2215,0.05,1.151021
1487,10.4598,0.249,10.662,0.2226,0.05,1.354195
1488,5.2947,0.1059,10.6034,0.2214,0.05,1.34437
1489,17.5779,0.3516,10.706,0.2234,0.05,1.350535
1490,5.9379,0.1188,10.5779,0.2209,0.05,1.544008
1491,7.2737,0.1455,10.5732,0.2208,0.05,1.479404
1492,6.9262,0.1385,10.479,0.2185,0.05,1.601736
1493,6.6719,0.1334,10.3797,0.2165,0.05,1.414087
1494,18.3739,0.3675,10.3446,0.2158,0.05,1.471273
1495,8.0442,0.1609,10.3808,0.2166,0.05,1.486645
1496,6.8945,0.1379,10.2927,0.2148,0.05,1.409501
1497,13.3201,0.2664,10.3219,0.2154,0.05,1.249004
1498,5.4556,0.1091,10.3223,0.2154,0.05,1.487331
1499,12.8453,0.2569,10.3873,0.2167,0.05,1.701687
1500,5.8274,0.1165,10.3118,0.2152,0.05,1.392784
1501,6.1434,0.1229,10.3007,0.215,0.05,1.259506
1502,5.0663,0.1013,10.2951,0.2149,0.05,1.542055
1503,5.6994,0.114,10.2418,0.2138,0.05,1.529342
1504,7.1312,0.1426,10.2435,0.2138,0.05,1.571106
1505,8.8246,0.1765,10.2815,0.2146,0.05,1.307026
1506,12.4299,0.2486,10.3288,0.2155,0.05,1.285047
1507,26.0062,0.5201,10.5338,0.2196,0.05,1.205788
1508,13.8434,0.2769,10.598,0.2209,0.05,1.605615
1509,3.6837,0.0737,10.5719,0.2204,0.05,1.427992
1510,7.7213,0.1544,10.5531,0.22,0.05,1.344968
1511,6.861,0.1372,10.5366,0.2197,0.05,1.523928
1512,6.0388,0.1208,10.5414,0.2198,0.05,1.701815
1513,8.0328,0.1607,10.5526,0.22,0.05,1.532612
1514,31.1086,0.6222,10.8135,0.2252,0.05,1.586639
1515,9.9548,0.1991,10.7694,0.2243,0.05,1.516761
1516,3.5475,0.0709,10.7021,0.223,0.05,1.439202
1517,6.4102,0.1282,10.6786,0.2225,0.05,1.402321
1518,11.4599,0.2292,10.7394,0.2237,0.05,1.469016
1519,5.6861,0.1137,10.6358,0.2217,0.05,1.32616
1520,11.0025,0.2201,10.67,0.2197,0.05,1.554748
1521,4.8461,0.0969,10.6551,0.2194,0.05,1.608775
1522,8.853,0.1771,10.5738,0.2177,0.05,1.551154
1523,31.0542,0.6211,10.784,0.2219,0.05,1.375513
1524,7.7071,0.1541,10.6945,0.2201,0.05,1.423244
1525,17.1213,0.3424,10.6312,0.2189,0.05,1.191168
1526,5.4653,0.1093,10.6407,0.2191,0.05,1.337408
1527,7.455,0.1491,10.6439,0.2191,0.05,1.449576
1528,6.5249,0.1305,10.6488,0.2192,0.05,1.403865
1529,5.5154,0.1103,10.6387,0.219,0.05,1.549864
1530,28.0459,0.5609,10.8245,0.2227,0.05,1.615364
1531,29.4334,0.5887,11.0412,0.2271,0.05,1.41365
1532,5.7622,0.1152,11.039,0.227,0.05,1.43992
1533,7.4895,0.1498,11.0495,0.2272,0.05,1.460401
1534,6.5577,0.1312,10.9945,0.2261,0.05,1.637674
1535,12.0868,0.2417,11.0348,0.227,0.05,1.358365
1536,7.2821,0.1456,11.0584,0.2274,0.05,1.429538
1537,7.6931,0.1539,10.9358,0.225,0.05,1.246428
1538,24.538,0.4908,10.9574,0.2254,0.05,1.263021
1539,31.2331,0.6247,11.0969,0.2282,0.05,1.200488
1540,5.5039,0.1101,11.1108,0.2285,0.05,1.568123
1541,7.0469,0.1409,11.1264,0.2288,0.05,1.551775
1542,6.5451,0.1309,10.9357,0.225,0.05,1.425744
1543,7.1939,0.1439,10.905,0.2244,0.05,1.575158
1544,13.1849,0.2637,10.8829,0.2239,0.05,1.447083
1545,7.388,0.1478,10.791,0.2221,0.05,1.191732
1546,24.3565,0.4871,10.7293,0.2208,0.05,1.748404
1547,3.0628,0.6126,10.7188,0.2261,0.05,0.781285
1548,6.0677,0.1214,10.737,0.2265,0.05,1.484701
1549,4.8281,0.0966,10.7329,0.2264,0.05,1.943355
1550,18.93,0.3786,10.7958,0.2277,0.05,1.443259
1551,8.459,0.1692,10.8428,0.2286,0.05,1.49793
1552,10.8315,0.2166,10.7622,0.227,0.05,1.459881
1553,2.1228,0.0425,10.7008,0.2199,0.05,1.584277
1554,7.4536,0.1491,10.6242,0.2184,0.05,1.525362
1555,5.6515,0.113,10.4232,0.2144,0.05,1.648644
1556,6.0791,0.1216,10.4089,0.2141,0.05,1.430659
1557,5.5997,0.112,10.2718,0.2113,0.05,1.466094
1558,7.249,0.145,10.2844,0.2116,0.05,1.575912
1559,4.8817,0.0976,10.2124,0.2102,0.05,1.340386
1560,6.6813,0.1336,10.236,0.2106,0.05,1.385515
1561,13.3974,0.2679,10.1083,0.2081,0.05,1.451551
1562,10.4761,0.2095,10.1151,0.2082,0.05,1.451535
1563,6.2945,0.1259,10.1102,0.2081,0.05,1.481937
1564,9.6309,0.1926,10.0085,0.2061,0.05,1.625631
1565,5.9856,0.1197,10.0102,0.2061,0.05,1.645556
1566,6.6532,0.1331,9.9818,0.2055,0.05,1.797844
1567,7.1172,0.1423,10.02,0.2063,0.05,1.305571
1568,7.1939,0.1439,10.04,0.2067,0.05,1.356464
1569,4.9703,0.0994,10.0471,0.2069,0.05,1.586548
1570,25.2524,0.505,10.1936,0.2098,0.05,1.607983
1571,2.925,0.0585,10.1575,0.2091,0.05,1.201162
1572,5.9825,0.1197,10.1396,0.2087,0.05,1.682536
1573,9.9026,0.1981,10.0338,0.2066,0.05,1.501998
1574,3.3479,0.067,10.0135,0.2062,0.05,1.449284
1575,6.9047,0.1381,10.0291,0.2065,0.05,1.621094
1576,8.0721,0.1614,9.8855,0.2036,0.05,1.499052
1577,10.2678,0.2054,9.8906,0.2037,0.05,1.590323
1578,25.7251,0.5145,10.0042,0.206,0.05,1.388098
1579,13.0806,0.2616,10.0886,0.2077,0.05,1.882709
1580,5.7546,0.1151,10.0754,0.2074,0.05,1.579111
1581,2.8836,0.0577,10.0146,0.2062,0.05,1.395869
1582,6.9521,0.139,9.8573,0.2031,0.05,1.407931
1583,6.1763,0.1235,9.812,0.2022,0.05,1.504856
1584,6.0402,0.1208,9.8121,0.2022,0.05,1.655658
1585,9.1255,0.1825,9.8013,0.2019,0.05,1.668509
1586,5.9109,0.1182,9.7736,0.2014,0.05,1.584352
1587,3.0304,0.0606,9.6993,0.1995,0.05,1.503532
1588,16.5017,0.33,9.8114,0.2017,0.05,1.724889
1589,2.8831,0.0577,9.6644,0.1988,0.05,1.554473
1590,6.8052,0.1361,9.6731,0.199,0.05,1.574106
1591,42.485,0.8497,10.0252,0.206,0.05,1.65505
1592,6.6232,0.1325,10.0222,0.206,0.05,1.646346
1593,6.3396,0.1268,10.0189,0.2059,0.05,1.506544
1594,3.1891,0.0638,9.867,0.2029,0.05,1.444038
1595,5.8087,0.1162,9.8446,0.2024,0.05,1.526507
1596,7.1414,0.1428,9.8471,0.2025,0.05,1.615597
1597,14.9946,0.2999,9.8639,0.2028,0.05,1.486351
1598,5.9533,0.1191,9.8688,0.2029,0.05,1.523075
1599,4.891,0.0978,9.7893,0.2013,0.05,1.616012
1600,22.066,0.4413,9.9517,0.2045,0.05,1.463111
1601,4.4899,0.0898,9.9351,0.2042,0.05,1.512307
1602,6.518,0.1304,9.9497,0.2045,0.05,1.588878
1603,7.6181,0.1524,9.9689,0.2049,0.05,1.441039
1604,9.4865,0.1897,9.9924,0.2054,0.05,1.412743
1605,26.2013,0.524,10.1662,0.2088,0.05,1.527745
1606,4.3212,0.0864,10.0851,0.2072,0.05,1.350843
1607,14.5772,0.2915,9.9708,0.2049,0.05,1.45118
1608,4.351,0.087,9.8759,0.203,0.05,1.523254
1609,10.4036,0.2081,9.9431,0.2044,0.05,1.197842
1610,9.3223,0.1864,9.9591,0.2047,0.05,1.691763
1611,4.6349,0.0927,9.9368,0.2042,0.05,1.527732
1612,6.0547,0.1211,9.937,0.2043,0.05,1.684327
1613,11.3788,0.2276,9.9704,0.2049,0.05,1.300997
1614,9.2055,0.1841,9.7514,0.2005,0.05,1.575355
1615,5.3913,0.1078,9.7058,0.1996,0.05,1.634724
1616,16.5575,0.3311,9.8359,0.2022,0.05,1.62608
1617,6.3565,0.2764,9.8353,0.2037,0.05,1.737567
1618,7.4532,0.1491,9.7953,0.2029,0.05,1.417008
1619,11.5645,0.2313,9.854,0.2041,0.05,1.260455
1620,5.719,0.1144,9.8012,0.203,0.05,1.669231
1621,6.9899,0.1398,9.8227,0.2035,0.05,1.339959
1622,5.1135,0.1023,9.7853,0.2027,0.05,1.551783
1623,6.5339,0.1307,9.5401,0.1978,0.05,1.383459
1624,5.2413,0.1048,9.5154,0.1973,0.05,1.537302
1625,17.753,0.3551,9.5217,0.1974,0.05,1.41347
1626,33.9444,0.6789,9.8065,0.2031,0.05,1.446533
1627,12.1273,0.2425,9.8532,0.2041,0.05,1.306697
1628,4.1986,0.084,9.83,0.2036,0.05,1.516785
1629,13.475,0.2695,9.9096,0.2052,0.05,1.681016
1630,1.0792,1.0792,9.6399,0.2104,0.05,1.216019
1631,4.7103,0.0942,9.3927,0.2054,0.05,1.337438
1632,5.1664,0.1033,9.3867,0.2053,0.05,1.496922
1633,5.4191,0.1084,9.366,0.2049,0.05,1.760339
1634,4.7497,0.095,9.3479,0.2045,0.05,1.314801
1635,5.2798,0.1056,9.2798,0.2032,0.05,1.485602
1636,19.3498,0.387,9.4005,0.2056,0.05,1.583815
1637,7.1439,0.1429,9.395,0.2055,0.05,1.721877
1638,17.8594,0.3572,9.3282,0.2041,0.05,1.662005
1639,5.3709,0.1074,9.0696,0.199,0.05,1.469099
1640,9.7322,0.1946,9.1119,0.1998,0.05,1.469064
1641,5.2741,0.1055,9.0942,0.1995,0.05,1.741248
1642,7.1843,0.1437,9.1006,0.1996,0.05,1.583452
1643,9.758,0.1952,9.1262,0.2001,0.05,1.414205
1644,10.7623,0.2152,9.102,0.1996,0.05,1.547096
1645,26.7886,0.5358,9.296,0.2035,0.05,1.454294
1646,7.7946,0.1559,9.1304,0.2002,0.05,1.266643
1647,6.6958,0.1339,9.1667,0.1954,0.05,1.623082
1648,3.7788,0.0756,9.1438,0.1949,0.05,1.541164
1649,3.4132,0.0683,9.1297,0.1947,0.05,1.533383
1650,3.9162,0.0783,8.9795,0.1917,0.05,1.410387
1651,3.221,0.0644,8.9271,0.1906,0.05,1.609776
1652,4.9263,0.0985,8.8681,0.1894,0.05,1.214134
1653,5.5469,0.1109,8.9023,0.1901,0.05,1.279215
1654,9.2531,0.1851,8.9203,0.1905,0.05,1.477979
1655,6.0722,0.1214,8.9245,0.1906,0.05,1.56995
1656,4.1032,0.0821,8.9048,0.1902,0.05,1.773658
1657,25.071,0.5014,9.0995,0.1941,0.05,1.618432
1658,7.9466,0.1589,9.1065,0.1942,0.05,1.70046
1659,4.6115,0.0922,9.1038,0.1941,0.05,1.688424
1660,7.0147,0.1403,9.1071,0.1942,0.05,1.640919
1661,5.9205,0.1184,9.0323,0.1927,0.05,1.499949
1662,3.2246,0.0645,8.9598,0.1913,0.05,1.396665
1663,5.1677,0.1034,8.9485,0.191,0.05,1.425376
1664,7.1359,0.1427,8.9236,0.1905,0.05,1.410417
1665,4.8783,0.0976,8.9125,0.1903,0.05,1.470097
1666,12.0206,0.2404,8.9662,0.1914,0.05,1.586851
1667,7.4821,0.1496,8.9698,0.1915,0.05,1.344154
1668,4.5661,0.0913,8.9436,0.1909,0.05,1.553195
1669,6.2123,0.1242,8.956,0.1912,0.05,1.395854
1670,40.0247,0.8005,9.1037,0.1941,0.05,1.50165
1671,6.2933,0.1259,9.1374,0.1948,0.05,1.614953
1672,4.1057,0.0821,9.1186,0.1944,0.05,1.640086
1673,4.7847,0.0957,9.0674,0.1934,0.05,1.519096
1674,35.5742,0.7115,9.3897,0.1999,0.05,1.250838
1675,6.5328,0.1307,9.386,0.1998,0.05,1.36031
1676,23.3175,0.4664,9.5384,0.2028,0.05,1.459734
1677,34.0036,0.6801,9.7758,0.2076,0.05,1.530971
1678,7.6884,0.1538,9.5954,0.204,0.05,1.595617
1679,6.9299,0.1386,9.5339,0.2027,0.05,1.641307
1680,4.4097,0.0882,9.5205,0.2025,0.05,1.492451
1681,6.062,0.1212,9.5523,0.2031,0.05,1.586482
1682,6.9029,0.1381,9.5518,0.2031,0.05,1.709454
1683,6.2275,0.1246,9.5523,0.2031,0.05,1.571509
1684,3.4679,0.0694,9.5266,0.2026,0.05,1.467835
1685,6.0453,0.1209,9.4958,0.202,0.05,1.315502
1686,7.0206,0.1404,9.5069,0.2022,0.05,1.423463
1687,21.8891,0.4378,9.6954,0.206,0.05,1.623242
1688,4.3654,0.0873,9.5741,0.2035,0.05,1.347743
1689,6.2511,0.125,9.6078,0.2042,0.05,1.624632
1690,5.218,0.1044,9.5919,0.2039,0.05,1.624137
1691,5.2704,0.1054,9.2197,0.1965,0.05,1.478179
1692,6.5968,0.1319,9.2195,0.1965,0.05,1.443833
1693,7.3382,0.1468,9.2295,0.1967,0.05,1.392337
1694,5.1416,0.1028,9.249,0.197,0.05,1.363788
1695,3.84,0.0768,9.2293,0.1967,0.05,1.57442
1696,5.5005,0.11,9.2129,0.1963,0.05,1.594331
1697,6.4325,0.1286,9.1273,0.1946,0.05,1.577292
1698,13.7292,0.2746,9.205,0.1962,0.05,1.512281
1699,5.7479,0.115,9.2136,0.1963,0.05,1.352534
1700,4.2181,0.0844,9.0351,0.1928,0.05,1.739684
1701,14.2428,0.2849,9.1327,0.1947,0.05,1.543818
1702,7.3023,0.146,9.1405,0.1949,0.05,1.524622
1703,5.3923,0.1078,9.1182,0.1944,0.05,1.859743
1704,7.7367,0.1547,9.1007,0.1941,0.05,1.657827
1705,31.9302,0.6386,9.158,0.1952,0.05,1.582352
1706,5.4397,0.1088,9.1692,0.1955,0.05,1.478451
1707,11.1279,0.2226,9.1347,0.1948,0.05,1.42106
1708,5.2545,0.1051,9.1438,0.1949,0.05,1.465793
1709,3.3283,0.0666,9.073,0.1935,0.05,1.438144
1710,4.6276,0.0926,9.0261,0.1926,0.05,1.511794
1711,10.3357,0.2067,9.0831,0.1937,0.05,1.312109
1712,6.2807,0.1256,9.0853,0.1938,0.05,1.730583
1713,2.1568,0.0431,8.9931,0.1919,0.05,1.477113
1714,8.5584,0.1712,8.9866,0.1918,0.05,1.612437
1715,13.4354,0.2687,9.0671,0.1934,0.05,1.364739
1716,4.1483,0.083,8.943,0.1909,0.05,1.485493
1717,6.9679,0.1394,8.9491,0.1896,0.05,1.48358
1718,8.0299,0.1606,8.9549,0.1897,0.05,1.728318
1719,11.572,0.2314,8.9549,0.1897,0.05,1.572246
1720,5.7264,0.1145,8.955,0.1897,0.05,1.395532
1721,8.9564,0.1791,8.9747,0.1901,0.05,1.500853
1722,2.7543,0.0551,8.9511,0.1896,0.05,1.503676
1723,8.2152,0.1643,8.9679,0.1899,0.05,1.682253
1724,8.3872,0.1677,8.9994,0.1906,0.05,1.591578
1725,3.4381,0.0688,8.8562,0.1877,0.05,1.742029
1726,5.5165,0.1103,8.5719,0.182,0.05,1.46133
1727,4.1019,0.082,8.4917,0.1804,0.05,1.591312
1728,18.7005,0.374,8.6367,0.1833,0.05,1.531067
1729,6.037,0.1207,8.5623,0.1818,0.05,1.600755
1730,12.3144,0.2463,8.6747,0.1735,0.05,1.170505
1731,10.8886,0.2178,8.7365,0.1747,0.05,1.505901
1732,4.4539,0.0891,8.7293,0.1746,0.05,1.59604
1733,8.9791,0.1796,8.7649,0.1753,0.05,1.458304
1734,9.9903,0.1998,8.8173,0.1763,0.05,1.574627
1735,8.6339,0.1727,8.8509,0.177,0.05,1.567762
1736,6.6004,0.132,8.7234,0.1745,0.05,1.540243
1737,6.6695,0.1334,8.7186,0.1744,0.05,1.42855
1738,24.5228,0.4905,8.7853,0.1757,0.05,1.467605
1739,3.9734,0.0795,8.7713,0.1754,0.05,1.441255
1740,7.8421,0.1568,8.7524,0.175,0.05,1.718984
1741,5.6985,0.114,8.7566,0.1751,0.05,1.734656
1742,6.0682,0.1214,8.7455,0.1749,0.05,1.469054
1743,5.4376,0.1088,8.7023,0.174,0.05,1.420624
1744,5.4244,0.1085,8.6489,0.173,0.05,1.380744
1745,15.7272,0.3145,8.5383,0.1708,0.05,1.462231
1746,6.7286,0.1346,8.5276,0.1706,0.05,1.662343
1747,12.16,0.2432,8.5823,0.1716,0.05,1.538388
1748,6.3876,0.1278,8.6083,0.1722,0.05,1.463936
1749,6.5541,0.1311,8.6398,0.1728,0.05,1.236908
1750,6.6984,0.134,8.6676,0.1734,0.05,1.334821
1751,10.3724,0.2074,8.7391,0.1748,0.05,1.354657
1752,4.0163,0.0803,8.73,0.1746,0.05,1.439989
1753,8.4858,0.1697,8.7594,0.1752,0.05,1.475779
1754,9.7795,0.1956,8.7646,0.1753,0.05,1.368486
1755,8.6677,0.1734,8.7906,0.1758,0.05,1.585963
1756,14.1959,0.2839,8.8915,0.1778,0.05,1.396328
1757,5.5959,0.1119,8.6968,0.1739,0.05,1.40466
1758,4.111,0.0822,8.6584,0.1732,0.05,1.357657
1759,6.2417,0.1248,8.6747,0.1735,0.05,1.414212
1760,11.9475,0.239,8.7241,0.1745,0.05,1.586119
1761,5.5133,0.1103,8.72,0.1744,0.05,1.635715
1762,32.0821,0.6416,9.0086,0.1802,0.05,1.225042
1763,4.4446,0.0889,9.0013,0.18,0.05,1.329589
1764,9.9632,0.1993,9.0296,0.1806,0.05,1.362222
1765,8.5654,0.1713,9.0665,0.1813,0.05,1.591355
1766,4.9363,0.0987,8.9956,0.1799,0.05,1.410783
1767,4.6296,0.0926,8.9671,0.1793,0.05,1.159856
1768,6.8235,0.1365,8.9897,0.1798,0.05,1.274589
1769,5.8766,0.1175,8.9863,0.1797,0.05,1.501579
1770,7.657,0.1531,8.6626,0.1733,0.05,1.375672
1771,5.5303,0.1106,8.655,0.1731,0.05,1.371078
1772,5.5299,0.1106,8.6693,0.1734,0.05,1.555501
1773,9.5328,0.1907,8.7167,0.1743,0.05,1.266198
1774,5.5384,0.1108,8.4164,0.1683,0.05,1.440139
1775,4.688,0.0938,8.3979,0.168,0.05,1.315855
1776,5.8756,0.1175,8.2235,0.1645,0.05,1.179398
1777,5.8083,0.1162,7.9416,0.1588,0.05,1.526359
1778,7.4404,0.1488,7.9391,0.1588,0.05,1.240497
1779,6.7221,0.1344,7.937,0.1587,0.05,1.418085
1780,3.4755,0.0695,7.9277,0.1586,0.05,1.587289
1781,18.6164,0.3723,8.0532,0.1611,0.05,1.24362
1782,3.205,0.0641,8.0162,0.1603,0.05,1.525682
1783,2.5748,0.0515,7.9797,0.1596,0.05,1.660577
1784,6.1428,0.1229,8.0064,0.1601,0.05,1.241601
1785,6.3243,0.1265,8.0092,0.1602,0.05,1.188623
1786,4.9538,0.0991,7.9886,0.1598,0.05,1.40377
1787,37.4476,0.749,8.1441,0.1629,0.05,1.418111
1788,7.0374,0.1407,8.1709,0.1634,0.05,1.359215
1789,20.0263,0.4005,8.3086,0.1662,0.05,1.403025
1790,9.9616,0.1992,8.3561,0.1671,0.05,1.420852
1791,6.7331,0.1347,8.3707,0.1674,0.05,1.230206
1792,8.4531,0.1691,8.3892,0.1678,0.05,1.516775
1793,19.6977,0.394,8.5128,0.1703,0.05,1.408176
1794,6.1279,0.1226,8.5227,0.1705,0.05,1.548247
1795,6.4101,0.1282,8.5484,0.171,0.05,1.558225
1796,3.8485,0.077,8.5319,0.1706,0.05,1.48281
1797,4.665,0.0933,8.5142,0.1703,0.05,1.467916
1798,6.0599,0.1212,8.4375,0.1688,0.05,1.500382
1799,13.8106,0.2762,8.5181,0.1704,0.05,1.172318
1800,5.5419,0.1108,8.5314,0.1706,0.05,1.209287
1801,12.5548,0.2511,8.5145,0.1703,0.05,1.275971
1802,7.7612,0.1552,8.5191,0.1704,0.05,1.385519
1803,2.7946,0.0559,8.4931,0.1699,0.05,1.333035
1804,25.4584,0.5092,8.6703,0.1734,0.05,1.346796
1805,3.1022,0.062,8.3821,0.1676,0.05,1.4512
1806,2.6232,0.0525,8.3539,0.1671,0.05,1.226232
1807,5.9317,0.1186,8.3019,0.166,0.05,1.432279
1808,7.6577,0.1532,8.326,0.1665,0.05,1.574947
1809,6.187,0.1237,8.3545,0.1671,0.05,1.367923
1810,3.8521,0.077,8.3468,0.1669,0.05,1.462215
1811,7.8182,0.1564,8.3216,0.1664,0.05,1.589097
1812,6.3566,0.1271,8.3224,0.1664,0.05,1.399961
1813,2.6334,0.0527,8.3271,0.1665,0.05,1.302024
1814,7.2069,0.1441,8.3136,0.1663,0.05,1.236267
1815,3.6289,0.0726,8.2156,0.1643,0.05,1.830421
1816,2.7052,0.0541,8.2011,0.164,0.05,1.252265
1817,6.2593,0.1252,8.194,0.1639,0.05,1.42348
1818,7.3367,0.1467,8.1871,0.1637,0.05,1.280223
1819,2.3808,0.0476,8.0952,0.1619,0.05,1.321531
1820,7.2117,0.1442,8.1101,0.1622,0.05,1.209389
1821,14.5776,0.2916,8.1663,0.1633,0.05,1.495899
1822,4.5439,0.0909,8.1842,0.1637,0.05,1.355771
1823,4.7028,0.0941,8.149,0.163,0.05,1.397573
1824,5.1173,0.1023,8.1163,0.1623,0.05,1.289938
1825,4.0019,0.08,8.122,0.1624,0.05,1.280063
1826,8.9961,0.1799,8.1568,0.1631,0.05,1.386988
1827,7.7842,0.1557,8.1936,0.1639,0.05,1.34145
1828,8.9878,0.1798,8.0965,0.1619,0.05,1.368599
1829,7.4515,0.149,8.1106,0.1622,0.05,1.410482
1830,15.4314,0.3086,8.1418,0.1628,0.05,1.497225
1831,4.6926,0.0939,8.0798,0.1616,0.05,1.249298
1832,4.0066,0.0801,8.0754,0.1615,0.05,1.39195
1833,3.7914,0.0758,8.0235,0.1605,0.05,1.272477
1834,30.0193,0.6004,8.2238,0.1645,0.05,1.116388
1835,4.0153,0.0803,8.1776,0.1636,0.05,1.460714
1836,4.2979,0.086,8.1546,0.1631,0.05,1.215717
1837,4.2988,0.086,8.1308,0.1626,0.05,1.316722
1838,9.2525,0.1851,7.9781,0.1596,0.05,1.281465
1839,5.5786,0.1116,7.9942,0.1599,0.05,1.325163
1840,9.2312,0.1846,8.0081,0.1602,0.05,1.608708
1841,4.0052,0.0801,7.9912,0.1598,0.05,1.405788
1842,9.8137,0.1963,8.0286,0.1606,0.05,1.431097
1843,7.9556,0.1591,8.0538,0.1611,0.05,1.370039
1844,5.5164,0.1103,8.0547,0.1611,0.05,1.236058
1845,2.4602,0.0492,7.922,0.1584,0.05,1.146184
1846,6.0844,0.1217,7.9156,0.1583,0.05,1.343733
1847,7.0698,0.1414,7.8647,0.1573,0.05,1.265043
1848,16.4832,0.3297,7.9656,0.1593,0.05,1.193553
1849,9.0771,0.1815,7.9909,0.1598,0.05,1.213466
1850,9.9608,0.1992,8.0235,0.1605,0.05,1.565842
1851,5.0098,0.1002,7.9699,0.1594,0.05,1.202813
1852,6.2642,0.1253,7.9924,0.1598,0.05,1.244583
1853,6.4374,0.1287,7.9719,0.1594,0.05,1.320076
1854,6.4481,0.129,7.9386,0.1588,0.05,1.42622
1855,6.4164,0.1283,7.916,0.1583,0.05,1.21255
1856,5.2379,0.1048,7.8265,0.1565,0.05,1.270154
1857,4.3218,0.0864,7.8137,0.1563,0.05,1.380447
1858,5.7754,0.1155,7.8304,0.1566,0.05,1.265511
1859,4.052,0.081,7.8085,0.1562,0.05,1.21344
1860,4.3219,0.0864,7.7322,0.1546,0.05,1.412268
1861,8.2191,0.1644,7.7593,0.1552,0.05,1.359719
1862,5.3073,0.1061,7.4915,0.1498,0.05,1.405922
1863,6.4404,0.1288,7.5115,0.1502,0.05,1.312066
1864,4.08,0.0816,7.4526,0.1491,0.05,1.272317
1865,3.0333,0.0607,7.3973,0.1479,0.05,1.206668
1866,4.7591,0.0952,7.3956,0.1479,0.05,1.177884
1867,5.6658,0.1133,7.4059,0.1481,0.05,1.275924
1868,7.9227,0.1585,7.4169,0.1483,0.05,1.176986
1869,16.6438,0.3329,7.5246,0.1505,0.05,1.32282
1870,5.3375,0.1068,7.5014,0.15,0.05,1.375393
1871,4.7858,0.0957,7.4939,0.1499,0.05,1.340342
1872,10.7022,0.214,7.5457,0.1509,0.05,1.429986
1873,6.1325,0.1227,7.5117,0.1502,0.05,1.37655
1874,22.789,0.4558,7.6842,0.1537,0.05,1.23506
1875,5.1402,0.1028,7.6887,0.1538,0.05,1.306995
1876,4.9544,0.0991,7.6795,0.1536,0.05,1.15607
1877,13.5913,0.2718,7.7573,0.1551,0.05,1.278008
1878,3.4138,0.0683,7.717,0.1543,0.05,1.420627
1879,3.1482,0.063,7.6813,0.1536,0.05,1.650958
1880,12.2771,0.2455,7.7693,0.1554,0.05,1.374848
1881,6.8842,0.1377,7.652,0.153,0.05,1.334039
1882,5.0347,0.1007,7.6703,0.1534,0.05,1.19368
1883,5.108,0.1022,7.6956,0.1539,0.05,1.176257
1884,2.7524,0.055,7.6617,0.1532,0.05,1.305037
1885,5.0207,0.1004,7.6487,0.153,0.05,1.134432
1886,20.0608,0.4012,7.7998,0.156,0.05,1.444234
1887,5.3529,0.1071,7.4788,0.1496,0.05,1.275097
1888,7.1419,0.1428,7.4799,0.1496,0.05,1.113414
1889,5.6169,0.1123,7.3358,0.1467,0.05,1.312861
1890,5.6612,0.1132,7.2928,0.1459,0.05,1.148175
1891,7.6623,0.1532,7.302,0.146,0.05,1.253653
1892,6.0965,0.1219,7.2785,0.1456,0.05,1.156122
1893,20.319,0.4064,7.2847,0.1457,0.05,1.126785
1894,8.2809,0.1656,7.3062,0.1461,0.05,1.203366
1895,20.3283,0.4066,7.4454,0.1489,0.05,1.062587
1896,6.8154,0.1363,7.4751,0.1495,0.05,1.414032
1897,2.5352,0.0507,7.4538,0.1491,0.05,1.155998
1898,4.9276,0.0986,7.4425,0.1488,0.05,1.285084
1899,3.006,0.0601,7.3344,0.1467,0.05,1.204783
1900,8.0552,0.1611,7.3595,0.1472,0.05,1.26717
1901,10.2361,0.2047,7.3364,0.1467,0.05,1.143696
1902,3.0302,0.0606,7.289,0.1458,0.05,1.118859
1903,7.4345,0.1487,7.3354,0.1467,0.05,1.424482
1904,4.5232,0.0905,7.1261,0.1425,0.05,1.228343
1905,4.6135,0.0923,7.1412,0.1428,0.05,1.307155
1906,5.712,0.1142,7.1721,0.1434,0.05,1.333124
1907,3.8091,0.0762,7.1509,0.143,0.05,1.37917
1908,2.4687,0.0494,7.099,0.142,0.05,0.988796
1909,8.5842,0.1717,7.1229,0.1425,0.05,1.099283
1910,5.8803,0.1176,7.1432,0.1429,0.05,1.09483
1911,10.0232,0.2005,7.1653,0.1433,0.05,1.038274
1912,5.7777,0.1156,7.1595,0.1432,0.05,1.018104
1913,5.506,0.1101,7.1882,0.1438,0.05,1.075175
1914,10.9969,0.2199,7.2261,0.1445,0.05,1.19473
1915,6.9343,0.1387,7.2592,0.1452,0.05,1.321457
1916,12.7845,0.2557,7.36,0.1472,0.05,1.153706
1917,5.6224,0.1124,7.3536,0.1471,0.05,1.192831
1918,5.5595,0.1112,7.3358,0.1467,0.05,1.223511
1919,3.6562,0.0731,7.3486,0.147,0.05,1.189831
1920,5.8821,0.1176,7.3353,0.1467,0.05,1.071996
1921,5.3442,0.1069,7.2429,0.1449,0.05,1.401702
1922,4.567,0.0913,7.2432,0.1449,0.05,1.286232
1923,20.8967,0.4179,7.4051,0.1481,0.05,1.123274
1924,10.7602,0.2152,7.4615,0.1492,0.05,1.280204
1925,4.3975,0.088,7.4655,0.1493,0.05,1.417634
1926,13.4325,0.2687,7.5099,0.1502,0.05,1.167278
1927,5.8062,0.1161,7.4901,0.1498,0.05,1.111967
1928,8.2409,0.1648,7.4826,0.1497,0.05,1.381645
1929,5.0298,0.1006,7.4584,0.1492,0.05,1.207593
1930,11.222,0.2244,7.4163,0.1483,0.05,1.240399
1931,5.94,0.1188,7.4288,0.1486,0.05,1.308053
1932,8.4944,0.1699,7.4737,0.1495,0.05,1.093932
1933,6.5582,0.1312,7.5013,0.15,0.05,1.086098
1934,4.9114,0.0982,7.2502,0.145,0.05,0.952714
1935,12.8334,0.2567,7.3384,0.1468,0.05,1.195297
1936,4.5753,0.0915,7.3412,0.1468,0.05,1.168781
1937,4.3181,0.0864,7.3414,0.1468,0.05,1.156126
1938,5.0532,0.1011,7.2994,0.146,0.05,1.138281
1939,11.9083,0.2382,7.3627,0.1473,0.05,1.210465
1940,4.6018,0.092,7.3164,0.1463,0.05,1.324318
1941,22.4904,0.4498,7.5013,0.15,0.05,1.222476
1942,6.6384,0.1328,7.4695,0.1494,0.05,1.298558
1943,4.452,0.089,7.4345,0.1487,0.05,0.961427
1944,14.5493,0.291,7.5248,0.1505,0.05,1.204423
1945,9.1021,0.182,7.5912,0.1518,0.05,1.142899
1946,3.0605,0.0612,7.561,0.1512,0.05,1.294463
1947,3.2429,0.0649,7.5227,0.1505,0.05,1.033422
1948,9.2504,0.185,7.4504,0.149,0.05,1.22368
1949,6.0917,0.1218,7.4205,0.1484,0.05,1.108019
1950,5.2101,0.1042,7.373,0.1475,0.05,1.231928
1951,12.8305,0.2566,7.4512,0.149,0.05,1.091932
1952,5.2909,0.1058,7.4415,0.1488,0.05,1.531985
1953,3.8524,0.077,7.4156,0.1483,0.05,1.044112
1954,3.7893,0.0758,7.3891,0.1478,0.05,1.247463
1955,5.2211,0.1044,7.3771,0.1475,0.05,1.302171
1956,3.6148,0.0723,7.3609,0.1472,0.05,0.858134
1957,2.4856,0.0497,7.3425,0.1469,0.05,1.05817
1958,5.475,0.1095,7.3395,0.1468,0.05,1.064359
1959,7.8996,0.158,7.378,0.1476,0.05,1.226766
1960,4.853,0.0971,7.3833,0.1477,0.05,1.192953
1961,7.3354,0.1467,7.3745,0.1475,0.05,1.21715
1962,6.0821,0.1216,7.3822,0.1476,0.05,1.086643
1963,6.4681,0.1294,7.3825,0.1476,0.05,1.120738
1964,5.3044,0.1061,7.3947,0.1479,0.05,1.028928
1965,8.2569,0.1651,7.447,0.1489,0.05,1.314253
1966,8.5903,0.1718,7.4853,0.1497,0.05,1.099974
1967,9.6889,0.1938,7.5255,0.1505,0.05,1.079279
1968,6.1409,0.1228,7.5077,0.1502,0.05,1.04624
1969,4.6129,0.0923,7.3874,0.1477,0.05,1.223614
1970,5.3559,0.1071,7.3876,0.1478,0.05,1.051559
1971,34.9681,0.6994,7.6894,0.1538,0.05,1.034247
1972,14.0135,0.2803,7.7225,0.1544,0.05,0.860261
1973,4.8904,0.0978,7.7101,0.1542,0.05,0.946944
1974,2.9499,0.059,7.5117,0.1502,0.05,0.969773
1975,4.4998,0.09,7.5053,0.1501,0.05,1.033092
1976,11.4791,0.2296,7.5705,0.1514,0.05,1.080727
1977,4.1503,0.083,7.4761,0.1495,0.05,1.029668
1978,7.651,0.153,7.5185,0.1504,0.05,1.137043
1979,8.9762,0.1795,7.5768,0.1515,0.05,1.142216
1980,6.0701,0.1214,7.5147,0.1503,0.05,0.921886
1981,4.1244,0.0825,7.4871,0.1497,0.05,1.133933
1982,6.305,0.1261,7.4998,0.15,0.05,1.194956
1983,20.7081,0.4142,7.6558,0.1531,0.05,0.960401
1984,12.1328,0.2427,7.7496,0.155,0.05,1.009788
1985,3.191,0.0638,7.7313,0.1546,0.05,1.146337
1986,5.1979,0.104,7.5827,0.1517,0.05,1.185682
1987,9.5724,0.1914,7.6249,0.1525,0.05,1.157142
1988,14.8886,0.2978,7.7023,0.154,0.05,0.944626
1989,14.6236,0.2925,7.7924,0.1558,0.05,1.100447
1990,11.2902,0.2258,7.8487,0.157,0.05,1.014567
1991,10.4693,0.2094,7.8768,0.1575,0.05,1.122006
1992,3.231,0.0646,7.8481,0.157,0.05,1.007041
1993,7.0765,0.1415,7.7157,0.1543,0.05,0.928092
1994,4.2364,0.0847,7.6753,0.1535,0.05,1.113476
1995,34.193,0.6839,7.8139,0.1563,0.05,1.207862
1996,3.5271,0.0705,7.781,0.1556,0.05,1.127256
1997,6.5394,0.1308,7.8211,0.1564,0.05,1.0453
1998,7.6093,0.1522,7.8479,0.157,0.05,1.293714
1999,9.5277,0.1906,7.9131,0.1583,0.05,1.090357
2000,4.4203,0.0884,7.8767,0.1575,0.05,1.045559
2001,5.7705,0.1154,7.8321,0.1566,0.05,1.192791
2002,7.8906,0.1578,7.8807,0.1576,0.05,1.387935
2003,12.5744,0.2515,7.9321,0.1586,0.05,1.118534
2004,6.0957,0.1219,7.9478,0.159,0.05,0.994336
2005,3.7648,0.0753,7.9393,0.1588,0.05,1.070836
2006,3.3949,0.0679,7.9162,0.1583,0.05,0.974285
2007,7.4131,0.1483,7.9522,0.159,0.05,1.104223
2008,3.5432,0.0709,7.9629,0.1593,0.05,1.078067
2009,3.7688,0.0754,7.9148,0.1583,0.05,0.916187
2010,4.2135,0.0843,7.8981,0.158,0.05,0.95853
2011,3.374,0.0675,7.8316,0.1566,0.05,1.245925
2012,4.0041,0.0801,7.8139,0.1563,0.05,0.999551
2013,19.9029,0.3981,7.9579,0.1592,0.05,0.840484
2014,5.1642,0.1033,7.8995,0.158,0.05,1.063402
2015,5.1559,0.1031,7.8817,0.1576,0.05,1.078354
2016,10.0628,0.2013,7.8545,0.1571,0.05,0.918765
2017,4.5462,0.0909,7.8438,0.1569,0.05,0.92309
2018,7.5013,0.15,7.8632,0.1573,0.05,0.975337
2019,8.9408,0.1788,7.916,0.1583,0.05,1.063057
2020,43.0064,0.8601,8.2873,0.1657,0.05,1.024054
2021,2.896,0.0579,8.2628,0.1653,0.05,1.24846
2022,13.6,0.272,8.3531,0.1671,0.05,1.05361
2023,3.8097,0.0762,8.1823,0.1636,0.05,1.278645
2024,4.9698,0.0994,8.1244,0.1625,0.05,1.012598
2025,3.512,0.0702,8.1155,0.1623,0.05,0.996991
2026,6.7421,0.1348,8.0486,0.161,0.05,0.926955
2027,5.723,0.1145,8.0478,0.161,0.05,0.91619
2028,5.023,0.1005,8.0156,0.1603,0.05,1.066925
2029,7.1039,0.1421,8.0363,0.1607,0.05,0.940426
2030,5.904,0.1181,7.9831,0.1597,0.05,0.835819
2031,6.8033,0.1361,7.9918,0.1598,0.05,1.160787
2032,9.3687,0.1874,8.0005,0.16,0.05,1.117954
2033,5.0196,0.1004,7.9851,0.1597,0.05,0.899547
2034,4.9375,0.0988,7.9854,0.1597,0.05,1.108978
2035,15.5483,0.311,8.0125,0.1603,0.05,1.023767
2036,6.2203,0.1244,8.029,0.1606,0.05,0.983594
2037,3.6723,0.0734,8.0225,0.1605,0.05,1.112991
2038,13.5369,0.2707,8.1074,0.1621,0.05,1.122306
2039,19.0287,0.3806,8.1786,0.1636,0.05,1.090177
2040,20.5298,0.4106,8.3379,0.1668,0.05,1.050051
2041,16.5704,0.3314,8.2787,0.1656,0.05,1.075799
2042,5.1756,0.1035,8.264,0.1653,0.05,0.813947
2043,5.6407,0.1128,8.2759,0.1655,0.05,1.228244
2044,4.269,0.0854,8.1731,0.1635,0.05,1.123626
2045,6.0398,0.1208,8.1425,0.1628,0.05,0.950409
2046,11.5938,0.2319,8.2278,0.1646,0.05,1.03015
2047,4.0663,0.0813,8.2361,0.1647,0.05,1.077849
2048,3.7913,0.0758,8.1815,0.1636,0.05,1.177986
2049,2.9062,0.0581,8.1496,0.163,0.05,0.986854
2050,8.4624,0.1692,8.1821,0.1636,0.05,1.039384
2051,10.3025,0.206,8.1569,0.1631,0.05,0.970728
2052,29.9634,0.5993,8.4036,0.1681,0.05,1.077542
2053,3.1549,0.0631,8.3966,0.1679,0.05,1.082246
2054,5.6939,0.1139,8.4156,0.1683,0.05,0.975704
2055,3.823,0.0765,8.4017,0.168,0.05,1.059649
2056,17.7386,0.3548,8.5429,0.1709,0.05,1.127348
2057,7.2541,0.1451,8.5906,0.1718,0.05,1.021555
2058,23.9581,0.4792,8.7754,0.1755,0.05,0.932125
2059,23.6998,0.474,8.9334,0.1787,0.05,0.978552
2060,5.7681,0.1154,8.9426,0.1789,0.05,1.00335
2061,6.792,0.1358,8.9371,0.1787,0.05,1.049396
2062,4.68,0.0936,8.9231,0.1785,0.05,0.915884
2063,5.6496,0.113,8.9149,0.1783,0.05,1.062857
2064,15.1982,0.304,9.0139,0.1803,0.05,0.937084
2065,6.4806,0.1296,8.9961,0.1799,0.05,1.135475
2066,7.0684,0.1414,8.9809,0.1796,0.05,1.185041
2067,5.0307,0.1006,8.9343,0.1787,0.05,1.044876
2068,2.533,0.0507,8.8982,0.178,0.05,1.050868
2069,3.9977,0.08,8.8921,0.1778,0.05,1.039687
2070,6.0724,0.1214,8.8992,0.178,0.05,1.049631
2071,14.9298,0.2986,8.6989,0.174,0.05,1.018599
2072,4.5822,0.0916,8.6045,0.1721,0.05,0.945553
2073,3.8235,0.0765,8.5939,0.1719,0.05,1.04254
2074,20.6245,0.4125,8.7706,0.1754,0.05,0.856396
2075,6.7481,0.135,8.7931,0.1759,0.05,1.119771
2076,9.4509,0.189,8.7728,0.1755,0.05,0.967122
2077,15.9748,0.3195,8.8911,0.1778,0.05,1.05966
2078,3.6881,0.0738,8.8514,0.177,0.05,1.139797
2079,9.7641,0.1953,8.8593,0.1772,0.05,1.029786
2080,21.9751,0.4395,9.0184,0.1804,0.05,0.976971
2081,3.4038,0.0681,9.0112,0.1802,0.05,0.928254
2082,4.3605,0.0872,8.9917,0.1798,0.05,1.027548
2083,4.9624,0.0992,8.8343,0.1767,0.05,0.99499
2084,5.0891,0.1018,8.7638,0.1753,0.05,1.064975
2085,35.7432,0.7149,9.0893,0.1818,0.05,1.104237
2086,12.3664,0.2473,9.161,0.1832,0.05,1.065157
2087,12.2963,0.2459,9.1883,0.1838,0.05,1.018405
2088,6.6217,0.1324,9.1056,0.1821,0.05,0.988796
2089,4.729,0.0946,9.0067,0.1801,0.05,1.182918
2090,5.6237,0.1125,8.95,0.179,0.05,1.16537
2091,7.1264,0.1425,8.9166,0.1783,0.05,1.178942
2092,11.6011,0.6445,9.0003,0.1841,0.05,0.725296
2093,6.1816,0.1236,8.9913,0.184,0.05,0.914377
2094,4.0676,0.0814,8.9896,0.1839,0.05,1.157502
2095,9.1844,0.1837,8.7395,0.1789,0.05,0.890582
2096,3.2814,0.0656,8.7371,0.1789,0.05,1.402565
2097,5.7329,0.1147,8.729,0.1787,0.05,1.084907
2098,5.3951,0.1079,8.7069,0.1783,0.05,0.940766
2099,6.3208,0.1264,8.6748,0.1776,0.05,1.18549
2100,4.9895,0.0998,8.6805,0.1777,0.05,1.229546
2101,5.1322,0.1026,8.6741,0.1776,0.05,0.979991
2102,3.5396,0.0708,8.6306,0.1767,0.05,0.832397
2103,7.0247,0.1405,8.5751,0.1756,0.05,0.944759
2104,6.1237,0.1225,8.5754,0.1756,0.05,0.97543
2105,6.6156,0.1323,8.6039,0.1762,0.05,1.003684
2106,4.4504,0.089,8.6144,0.1764,0.05,1.133425
2107,4.7371,0.0947,8.5877,0.1759,0.05,1.146525
2108,4.9397,0.0988,8.6016,0.1762,0.05,1.062867
2109,10.146,0.2029,8.6654,0.1774,0.05,1.076099
2110,5.4701,0.1094,8.678,0.1777,0.05,0.967916
2111,8.41,0.1682,8.7283,0.1787,0.05,1.120723
2112,2.774,0.0555,8.716,0.1784,0.05,1.279109
2113,24.4277,0.4886,8.7613,0.1794,0.05,1.021367
2114,4.2035,0.0841,8.7517,0.1792,0.05,1.17174
2115,6.4755,0.1295,8.7649,0.1794,0.05,1.128322
2116,6.1242,0.1225,8.7255,0.1786,0.05,0.904816
2117,13.0531,0.2611,8.8106,0.1803,0.05,0.938869
2118,5.0458,0.1009,8.786,0.1798,0.05,1.222425
2119,18.1381,0.3628,8.878,0.1817,0.05,1.048861
2120,4.8886,0.0978,8.4968,0.1741,0.05,1.032347
2121,10.1432,0.2029,8.5693,0.1755,0.05,0.960302
2122,3.6971,0.0739,8.4702,0.1735,0.05,1.056268
2123,4.3716,0.0874,8.4759,0.1736,0.05,0.992462
2124,6.3664,0.1273,8.4898,0.1739,0.05,1.104783
2125,3.3887,0.0678,8.4886,0.1739,0.05,1.015918
2126,6.8304,0.1366,8.4895,0.1739,0.05,1.144872
2127,9.5749,0.1915,8.528,0.1747,0.05,0.947104
2128,14.1394,0.2828,8.6192,0.1765,0.05,1.009262
2129,4.7199,0.0944,8.5953,0.176,0.05,0.898351
2130,4.8259,0.0965,8.5845,0.1758,0.05,1.053211
2131,5.9193,0.1184,8.5757,0.1756,0.05,1.062775
2132,5.5064,0.1101,8.5371,0.1749,0.05,1.12322
2133,4.0554,0.0811,8.5274,0.1747,0.05,1.024362
2134,8.8334,0.1767,8.5664,0.1755,0.05,0.958898
2135,8.8537,0.1771,8.4995,0.1741,0.05,1.059596
2136,5.8634,0.1173,8.4959,0.174,0.05,0.954676
2137,3.3091,0.0662,8.4923,0.174,0.05,1.024229
2138,4.7249,0.0945,8.4041,0.1722,0.05,0.860544
2139,9.659,0.1932,8.3104,0.1703,0.05,0.982556
2140,14.9868,0.2997,8.255,0.1692,0.05,1.006952
2141,2.8468,0.0569,8.1178,0.1665,0.05,1.026433
2142,8.8687,0.1774,8.1547,0.1672,0.05,1.232919
2143,10.7379,0.2148,8.2057,0.1682,0.05,1.069778
2144,5.3848,0.1077,8.2168,0.1685,0.05,1.040684
2145,5.43,0.1086,8.2107,0.1683,0.05,0.999191
2146,8.5022,0.17,8.1798,0.1677,0.05,0.976559
2147,3.8739,0.0775,8.1779,0.1677,0.05,0.945714
2148,15.331,0.3066,8.2933,0.17,0.05,1.08429
2149,5.0018,0.1,8.3142,0.1704,0.05,0.979346
2150,21.0411,0.4208,8.44,0.1729,0.05,1.077482
2151,3.6187,0.0724,8.3732,0.1716,0.05,1.102526
2152,5.8993,0.118,8.1326,0.1668,0.05,1.041864
2153,12.7664,0.2553,8.2287,0.1687,0.05,1.121267
2154,5.0067,0.1001,8.2218,0.1686,0.05,1.053755
2155,5.6897,0.1138,8.2405,0.1689,0.05,1.058617
2156,2.9594,0.0592,8.0927,0.166,0.05,1.084422
2157,14.1499,0.283,8.1616,0.1674,0.05,1.002297
2158,7.2649,0.1453,7.9947,0.164,0.05,1.020207
2159,20.9102,0.4182,7.9668,0.1635,0.05,1.14113
2160,4.3533,0.0871,7.9527,0.1632,0.05,0.972095
2161,7.9102,0.1582,7.9638,0.1634,0.05,1.13327
2162,6.1496,0.123,7.9785,0.1637,0.05,0.994457
2163,4.3651,0.0873,7.9657,0.1634,0.05,1.079264
2164,5.9515,0.119,7.8732,0.1616,0.05,1.021309
2165,5.7467,0.1149,7.8659,0.1614,0.05,1.177602
2166,3.9477,0.079,7.8347,0.1608,0.05,1.049165
2167,4.4664,0.0893,7.829,0.1607,0.05,1.12118
2168,8.1172,0.1623,7.8849,0.1618,0.05,1.175481
2169,7.5735,0.1515,7.9206,0.1625,0.05,0.911871
2170,14.4266,0.2885,8.0042,0.1642,0.05,1.000111
2171,4.931,0.0986,7.9042,0.1622,0.05,0.97202
2172,6.1092,0.1222,7.9195,0.1625,0.05,1.006249
2173,12.8105,0.2562,8.0093,0.1643,0.05,1.163062
2174,9.1582,0.1832,7.8947,0.162,0.05,0.900034
2175,7.2466,0.1449,7.8996,0.1621,0.05,1.224714
2176,5.2019,0.104,7.8572,0.1613,0.05,1.115882
2177,5.312,0.1062,7.7505,0.1591,0.05,0.956077
2178,5.9113,0.1182,7.7728,0.1596,0.05,1.096333
2179,4.9299,0.0986,7.7244,0.1586,0.05,1.016218
2180,4.0705,0.0814,7.5454,0.155,0.05,0.963766
2181,12.4786,0.2496,7.6361,0.1568,0.05,0.953739
2182,4.3715,0.0874,7.6362,0.1568,0.05,0.971392
2183,5.2012,0.104,7.6386,0.1569,0.05,1.196194
2184,5.1806,0.1036,7.6395,0.1569,0.05,1.003533
2185,2.0243,0.0405,7.3023,0.1502,0.05,0.773654
2186,4.2424,0.0848,7.2211,0.1485,0.05,0.986162
2187,5.9209,0.1184,7.1574,0.1473,0.05,1.311634
2188,6.6777,0.1336,7.1579,0.1473,0.05,1.223591
2189,4.9046,0.0981,7.1597,0.1473,0.05,1.061849
2190,7.5996,0.152,7.1794,0.1477,0.05,1.066074
2191,5.4605,0.1092,7.1628,0.1474,0.05,1.043757
2192,5.4737,0.1095,7.1015,0.142,0.05,0.970199
2193,7.6501,0.153,7.1162,0.1423,0.05,1.118238
2194,6.9828,0.1397,7.1453,0.1429,0.05,0.990474
2195,2.753,0.0551,7.081,0.1416,0.05,1.004136
2196,4.7498,0.095,7.0957,0.1419,0.05,0.987989
2197,4.4404,0.0888,7.0828,0.1417,0.05,1.026888
2198,20.8552,0.4171,7.2374,0.1447,0.05,0.964974
2199,7.0809,0.1416,7.245,0.1449,0.05,1.041373
2200,3.1603,0.0632,7.2267,0.1445,0.05,0.917746
2201,32.1009,0.642,7.4964,0.1499,0.05,0.994816
2202,4.6165,0.0923,7.5071,0.1501,0.05,1.060041
2203,14.9952,0.2999,7.5868,0.1517,0.05,1.055909
2204,12.4506,0.249,7.6501,0.153,0.05,1.031126
2205,3.7928,0.0759,7.6219,0.1524,0.05,0.924988
2206,23.0934,0.4619,7.8083,0.1562,0.05,1.175736
2207,4.782,0.0956,7.8088,0.1562,0.05,0.990162
2208,4.1082,0.0822,7.8005,0.156,0.05,0.941011
2209,4.8431,0.0969,7.7474,0.1549,0.05,0.940686
2210,4.0403,0.0808,7.7331,0.1547,0.05,1.20095
2211,4.8006,0.096,7.697,0.1539,0.05,0.974001
2212,7.7132,0.1543,7.7464,0.1549,0.05,1.09692
2213,8.0396,0.1608,7.5825,0.1517,0.05,1.228125
2214,4.0179,0.0804,7.5807,0.1516,0.05,1.014162
2215,9.2117,0.1842,7.6081,0.1522,0.05,1.015841
2216,5.602,0.112,7.6028,0.1521,0.05,0.917889
2217,2.3192,0.0464,7.4955,0.1499,0.05,0.932886
2218,8.0352,0.1607,7.5254,0.1505,0.05,0.995464
2219,9.4634,0.1893,7.4386,0.1488,0.05,1.16672
2220,5.2586,0.1052,7.4423,0.1488,0.05,1.095454
2221,9.8546,0.1971,7.4394,0.1488,0.05,0.99691
2222,7.7161,0.1543,7.4796,0.1496,0.05,0.87381
2223,8.7786,0.1756,7.5237,0.1505,0.05,1.025433
2224,4.19,0.0838,7.5019,0.15,0.05,1.14045
2225,12.4726,0.2495,7.5928,0.1519,0.05,0.92618
2226,8.2835,0.1657,7.6073,0.1521,0.05,0.902114
2227,7.9415,0.1588,7.591,0.1518,0.05,1.104852
2228,32.2105,0.6442,7.7717,0.1554,0.05,1.077999
2229,7.1068,0.1421,7.7956,0.1559,0.05,1.252673
2230,25.5011,0.51,8.0023,0.16,0.05,1.037162
2231,6.9588,0.1392,8.0127,0.1603,0.05,0.962995
2232,5.2924,0.1058,8.0106,0.1602,0.05,1.118272
2233,4.1683,0.0834,8.0117,0.1602,0.05,0.994412
2234,2.9641,0.0593,7.953,0.1591,0.05,1.129557
2235,5.9947,0.1199,7.9244,0.1585,0.05,1.138356
2236,3.5534,0.0711,7.9013,0.158,0.05,0.889186
2237,4.684,0.0937,7.9151,0.1583,0.05,0.88424
2238,3.2948,0.0659,7.9008,0.158,0.05,1.055195
2239,5.3533,0.1071,7.8577,0.1572,0.05,1.120557
2240,2.6253,0.0525,7.7341,0.1547,0.05,1.083351
2241,4.2852,0.0857,7.7485,0.155,0.05,1.063135
2242,3.3687,0.0674,7.6935,0.1539,0.05,0.994639
2243,11.3688,0.2274,7.6998,0.154,0.05,0.792608
2244,2.8476,0.057,7.6744,0.1535,0.05,1.028743
2245,6.08,0.1216,7.6809,0.1536,0.05,1.131598
2246,3.3556,0.0671,7.6294,0.1526,0.05,1.020052
2247,2.1884,0.0438,7.6126,0.1523,0.05,0.844987
2248,2.8033,0.0561,7.4873,0.1497,0.05,1.027467
2249,3.3145,0.0663,7.4704,0.1494,0.05,1.020155
2250,3.0996,0.062,7.291,0.1458,0.05,0.966708
2251,2.2155,0.0443,7.277,0.1455,0.05,0.864996
2252,3.4293,0.0686,7.2523,0.145,0.05,1.00424
2253,4.1045,0.0821,7.1657,0.1433,0.05,1.030085
2254,5.1394,0.1028,7.167,0.1433,0.05,0.930105
2255,5.1536,0.1031,7.1616,0.1432,0.05,0.823194
2256,10.293,0.2059,7.235,0.1447,0.05,1.187602
2257,6.3371,0.1267,7.1568,0.1431,0.05,0.937133
2258,3.4421,0.0688,7.1186,0.1424,0.05,0.988317
2259,9.5961,0.1919,7.0055,0.1401,0.05,0.910452
2260,14.5282,0.2906,7.1072,0.1421,0.05,0.990341
2261,7.3035,0.1461,7.1012,0.142,0.05,0.828549
2262,4.3264,0.0865,7.0829,0.1417,0.05,1.023584
2263,5.3716,0.1074,7.093,0.1419,0.05,1.016553
2264,9.0615,0.1812,7.1241,0.1425,0.05,0.965436
2265,3.0148,0.0603,7.0968,0.1419,0.05,0.864756
2266,2.9053,0.0581,7.0863,0.1417,0.05,0.922822
2267,6.2253,0.1245,7.1039,0.1421,0.05,0.984349
2268,4.3261,0.0865,7.066,0.1413,0.05,1.107852
2269,3.9294,0.0786,7.0296,0.1406,0.05,0.906427
2270,6.9429,0.1389,6.9547,0.1391,0.05,0.970855
2271,4.6455,0.0929,6.9519,0.139,0.05,1.02289
2272,4.8478,0.097,6.9393,0.1388,0.05,0.902165
2273,3.593,0.0719,6.8471,0.1369,0.05,1.07667
2274,8.4874,0.1697,6.8404,0.1368,0.05,1.13096
2275,4.4786,0.0896,6.8127,0.1363,0.05,1.018582
2276,14.1775,0.2835,6.9025,0.138,0.05,0.883403
2277,5.6865,0.1137,6.9062,0.1381,0.05,0.854795
2278,26.4118,0.5282,7.1112,0.1422,0.05,0.906857
2279,5.3474,0.1069,7.1154,0.1423,0.05,0.84549
2280,4.2422,0.0848,7.1171,0.1423,0.05,1.023086
2281,2.7601,0.0552,7.0199,0.1404,0.05,0.940868
2282,3.8787,0.0776,7.015,0.1403,0.05,0.969306
2283,8.693,0.1739,7.0499,0.141,0.05,1.064028
2284,5.0772,0.1015,7.0489,0.141,0.05,1.054271
2285,6.1021,0.122,7.0897,0.1418,0.05,0.828498
2286,5.3309,0.1066,7.1005,0.142,0.05,0.968211
2287,4.2938,0.0859,7.0843,0.1417,0.05,0.922557
2288,2.8228,0.0565,7.0457,0.1409,0.05,0.886201
2289,4.0211,0.0804,7.0369,0.1407,0.05,0.905478
2290,5.2046,0.1041,7.0129,0.1403,0.05,1.022076
2291,5.0914,0.1018,7.0093,0.1402,0.05,0.888802
2292,2.8355,0.0567,6.9829,0.1397,0.05,0.940719
2293,2.5036,0.0501,6.9314,0.1386,0.05,1.027806
2294,30.5969,0.6119,7.1675,0.1434,0.05,0.955249
2295,5.2715,0.1054,7.1927,0.1439,0.05,0.913859
2296,6.4327,0.1287,7.2096,0.1442,0.05,0.928152
2297,5.7703,0.1154,7.2229,0.1445,0.05,0.880421
2298,18.2064,0.3641,7.1964,0.1439,0.05,0.880259
2299,24.1309,0.4826,7.3669,0.1473,0.05,1.025397
2300,4.9481,0.099,7.3848,0.1477,0.05,0.910079
2301,7.3325,0.1467,7.1371,0.1427,0.05,0.837416
2302,3.7947,0.0759,7.1288,0.1426,0.05,0.949533
2303,8.1037,0.1621,7.0599,0.1412,0.05,0.876398
2304,26.0696,0.5214,7.1961,0.1439,0.05,0.849016
2305,5.5414,0.1108,7.2136,0.1443,0.05,0.756199
2306,8.442,0.1688,7.0671,0.1413,0.05,1.121265
2307,9.4627,0.1893,7.1139,0.1423,0.05,1.011055
2308,5.7405,0.1148,7.1302,0.1426,0.05,0.828648
2309,4.7034,0.0941,7.1288,0.1426,0.05,0.710171
2310,2.7699,0.0554,7.1161,0.1423,0.05,0.940137
2311,14.9042,0.2981,7.2172,0.1443,0.05,0.859376
2312,8.8211,0.1764,7.2282,0.1446,0.05,0.991914
2313,3.8528,0.0771,7.1864,0.1437,0.05,0.955307
2314,30.6721,0.6134,7.4529,0.1491,0.05,0.896265
2315,5.878,0.1176,7.4196,0.1484,0.05,1.00792
2316,5.5889,0.1118,7.4194,0.1484,0.05,0.78029
2317,32.5805,0.6516,7.7221,0.1544,0.05,0.980469
2318,3.6752,0.0735,7.6785,0.1536,0.05,1.037476
2319,4.8637,0.0973,7.6325,0.1526,0.05,0.92345
2320,3.9445,0.0789,7.6193,0.1524,0.05,0.755424
2321,21.1088,0.4222,7.7319,0.1546,0.05,0.792922
2322,7.2293,0.1446,7.727,0.1545,0.05,0.843298
2323,5.5183,0.1104,7.6944,0.1539,0.05,0.91193
2324,42.6424,0.8528,8.0789,0.1616,0.05,1.125862
2325,6.73,0.1346,8.0215,0.1604,0.05,0.808093
2326,10.3691,0.2074,8.0423,0.1608,0.05,0.842144
2327,5.6769,0.1135,8.0197,0.1604,0.05,0.739493
2328,5.5332,0.1107,7.7529,0.1551,0.05,0.865626
2329,16.578,0.3316,7.8476,0.157,0.05,0.932701
2330,2.8247,0.0565,7.6209,0.1524,0.05,0.899296
2331,3.725,0.0745,7.5885,0.1518,0.05,0.984006
2332,4.0347,0.0807,7.576,0.1515,0.05,1.030607
2333,3.5519,0.071,7.5698,0.1514,0.05,1.006419
2334,5.9582,0.1192,7.5997,0.152,0.05,0.89516
2335,6.7194,0.1344,7.607,0.1521,0.05,0.915882
2336,3.7055,0.0741,7.6085,0.1522,0.05,0.878159
2337,10.0411,0.2008,7.6621,0.1532,0.05,0.957148
2338,10.846,0.2169,7.7376,0.1548,0.05,0.806461
2339,20.4881,0.4098,7.8889,0.1578,0.05,0.991109
2340,9.9674,0.1993,7.9624,0.1592,0.05,0.881034
2341,29.5516,0.591,8.215,0.1643,0.05,1.013199
2342,6.6586,0.1332,8.2479,0.165,0.05,0.963136
2343,7.1872,0.1437,8.2061,0.1641,0.05,1.053088
2344,4.116,0.0823,8.2188,0.1644,0.05,0.863568
2345,36.8871,0.7377,8.5269,0.1705,0.05,0.975765
2346,7.0427,0.1409,8.5637,0.1713,0.05,0.958291
2347,4.1147,0.0823,8.583,0.1717,0.05,0.969541
2348,13.7727,0.2755,8.6927,0.1739,0.05,1.008358
2349,4.9951,0.0999,8.7095,0.1742,0.05,1.053652
2350,5.6965,0.1139,8.7355,0.1747,0.05,1.003114
2351,3.5976,0.072,8.7493,0.175,0.05,1.010748
2352,2.5837,0.0517,8.7408,0.1748,0.05,1.003556
2353,2.524,0.4207,8.725,0.1782,0.05,1.38002
2354,3.3304,0.0666,8.7069,0.1778,0.05,0.870976
2355,3.6634,0.0733,8.692,0.1775,0.05,0.797738
2356,6.8312,0.1366,8.6574,0.1769,0.05,0.86729
2357,4.9012,0.098,8.6431,0.1766,0.05,0.852616
2358,6.4051,0.1281,8.6727,0.1772,0.05,1.02001
2359,3.2132,0.0643,8.6089,0.1759,0.05,1.051909
2360,7.3835,0.1477,8.5374,0.1745,0.05,0.998078
2361,14.3132,0.2863,8.6075,0.1759,0.05,0.90535
2362,6.4313,0.1286,8.6286,0.1763,0.05,0.959608
2363,7.4787,0.1496,8.6496,0.1767,0.05,0.895008
2364,3.9462,0.0789,8.5985,0.1757,0.05,0.926801
2365,2.6283,0.0526,8.5946,0.1756,0.05,0.854791
2366,3.4782,0.0696,8.6003,0.1757,0.05,0.848795
2367,5.188,0.1038,8.59,0.1755,0.05,1.145104
2368,5.746,0.1149,8.6042,0.1758,0.05,0.866336
2369,11.9487,0.239,8.6844,0.1774,0.05,1.028032
2370,4.1867,0.0837,8.6568,0.1768,0.05,0.947847
2371,6.4618,0.1292,8.675,0.1772,0.05,1.164546
2372,12.8787,0.2576,8.7553,0.1788,0.05,1.064496
2373,3.3129,0.0663,8.7525,0.1788,0.05,0.829293
2374,4.7525,0.095,8.7151,0.178,0.05,1.00532
2375,4.7966,0.0959,8.7183,0.1781,0.05,0.904704
2376,5.9897,0.1198,8.6364,0.1764,0.05,0.932951
2377,5.2868,0.1057,8.6324,0.1764,0.05,0.84449
2378,4.9664,0.0993,8.418,0.1721,0.05,0.915311
2379,14.2471,0.2849,8.507,0.1738,0.05,0.970398
2380,4.0941,0.0819,8.5055,0.1738,0.05,0.956263
2381,6.9313,0.1386,8.5472,0.1746,0.05,0.983226
2382,4.2314,0.0846,8.5507,0.1747,0.05,1.064945
2383,31.2066,0.6241,8.7759,0.1792,0.05,0.988397
2384,5.9248,0.1185,8.7843,0.1794,0.05,0.746017
2385,2.5176,0.0504,8.7485,0.1787,0.05,0.923389
2386,5.9008,0.118,8.7542,0.1788,0.05,0.922206
2387,26.6286,0.5326,8.9775,0.1833,0.05,1.032377
2388,3.1003,0.062,8.9803,0.1833,0.05,1.179274
2389,7.0513,0.141,9.0106,0.1839,0.05,0.881467
2390,3.9615,0.0792,8.9982,0.1837,0.05,0.955172
2391,5.9018,0.118,9.0063,0.1838,0.05,0.808525
2392,10.4767,0.2095,9.0827,0.1854,0.05,1.080506
2393,5.2959,0.1059,9.1106,0.1859,0.05,1.065667
2394,9.2736,0.1855,8.8974,0.1816,0.05,1.040811
2395,4.7304,0.0946,8.892,0.1815,0.05,0.946397
2396,3.36,0.0672,8.8612,0.1809,0.05,0.853874
2397,4.3012,0.086,8.8466,0.1806,0.05,0.874083
2398,11.9017,0.238,8.7835,0.1794,0.05,1.003477
2399,3.4298,0.0686,8.5765,0.1752,0.05,0.864448
2400,6.0657,0.1213,8.5877,0.1755,0.05,0.928124
2401,3.05,0.061,8.5449,0.1746,0.05,0.88749
2402,5.0489,0.101,8.5574,0.1748,0.05,0.943562
2403,5.0575,0.1012,8.5269,0.1742,0.05,0.922199
2404,6.3569,0.1271,8.3298,0.1703,0.05,0.791286
2405,5.7009,0.114,8.3314,0.1703,0.05,0.887277
2406,15.1321,0.3026,8.3983,0.1717,0.05,0.979606
2407,4.8455,0.0969,8.3521,0.1707,0.05,0.911428
2408,6.737,0.1347,8.3621,0.1709,0.05,1.006208
2409,22.443,0.4489,8.5395,0.1745,0.05,0.87577
2410,29.5093,0.5902,8.8069,0.1798,0.05,0.892463
2411,4.1763,0.0835,8.6996,0.1777,0.05,0.75537
2412,14.525,0.2905,8.7566,0.1788,0.05,1.078886
2413,4.6263,0.0925,8.7644,0.179,0.05,0.902831
2414,2.9778,0.0596,8.4874,0.1735,0.05,1.023252
2415,6.2956,0.1259,8.4916,0.1735,0.05,0.955988
2416,4.9436,0.0989,8.4852,0.1734,0.05,0.908569
2417,2.9674,0.0593,8.189,0.1675,0.05,0.818664
2418,26.7267,0.5345,8.4195,0.1721,0.05,0.848824
2419,9.3124,0.1862,8.464,0.173,0.05,0.911359
2420,4.8594,0.0972,8.4732,0.1732,0.05,1.198072
2421,5.3061,0.1061,8.3152,0.17,0.05,0.91403
2422,4.0655,0.0813,8.2835,0.1694,0.05,0.897848
2423,9.1333,0.1827,8.3197,0.1701,0.05,0.91309
2424,5.2072,0.1041,7.9453,0.1626,0.05,0.955096
2425,6.7541,0.1351,7.9456,0.1626,0.05,0.97155
2426,9.7475,0.195,7.9393,0.1625,0.05,0.993449
2427,4.3704,0.0874,7.9263,0.1622,0.05,0.913933
2428,30.2481,0.605,8.1734,0.1672,0.05,0.93249
2429,10.0258,0.2005,8.1079,0.1659,0.05,0.847508
2430,6.4971,0.1299,8.1446,0.1666,0.05,1.006706
2431,5.6806,0.1136,8.1642,0.167,0.05,0.852434
2432,3.4118,0.0682,8.158,0.1669,0.05,1.062707
2433,8.6509,0.173,8.2089,0.1679,0.05,0.927523
2434,6.125,0.1225,8.2106,0.1679,0.05,0.862098
2435,8.3119,0.1662,8.2265,0.1682,0.05,0.869165
2436,11.4552,0.2291,8.304,0.1698,0.05,0.802121
2437,7.3881,0.1478,8.2775,0.1693,0.05,0.701705
2438,8.6525,0.173,8.2556,0.1688,0.05,0.874738
2439,3.1721,0.0634,8.0824,0.1653,0.05,0.870155
2440,5.599,0.112,8.0387,0.1645,0.05,0.990487
2441,4.8418,0.0968,7.7916,0.1595,0.05,1.165416
2442,5.8486,0.117,7.7835,0.1594,0.05,0.983832
2443,3.5732,0.0715,7.7474,0.1586,0.05,0.955129
2444,5.5783,0.1116,7.762,0.1589,0.05,1.043311
2445,6.1235,0.1225,7.4544,0.1528,0.05,0.995856
2446,7.1333,0.1427,7.4553,0.1528,0.05,0.915658
2447,7.203,0.1441,7.4862,0.1534,0.05,1.099257
2448,5.1054,0.1021,7.3995,0.1517,0.05,1.07651
2449,3.8772,0.0775,7.3883,0.1515,0.05,1.1406
2450,2.5377,0.0508,7.3567,0.1508,0.05,1.107541
2451,6.2975,0.1259,7.3837,0.1514,0.05,0.916751
2452,7.803,0.1561,7.4359,0.1524,0.05,0.809126
2453,7.0968,0.1419,7.4816,0.1496,0.05,0.957034
2454,3.5274,0.0705,7.4836,0.1497,0.05,0.984341
2455,9.2346,0.1847,7.5393,0.1508,0.05,0.801358
2456,10.4429,0.2089,7.5754,0.1515,0.05,1.032301
2457,8.0552,0.1611,7.607,0.1521,0.05,0.952195
2458,9.0104,0.1802,7.633,0.1527,0.05,1.048595
2459,3.7684,0.0754,7.6386,0.1528,0.05,0.85407
2460,3.8101,0.0762,7.6028,0.1521,0.05,1.244429
2461,12.1627,0.2433,7.5813,0.1516,0.05,1.08183
2462,8.6607,0.1732,7.6036,0.1521,0.05,1.030781
2463,4.5597,0.0912,7.5744,0.1515,0.05,0.866828
2464,6.5225,0.1305,7.6002,0.152,0.05,1.134979
2465,12.681,0.2536,7.7007,0.154,0.05,0.884929
2466,26.9109,0.5382,7.9351,0.1587,0.05,0.940825
2467,4.5466,0.0909,7.9286,0.1586,0.05,0.89294
2468,25.6576,0.5132,8.1278,0.1626,0.05,0.964585
2469,4.5679,0.0914,8.054,0.1611,0.05,1.025224
2470,5.979,0.1196,8.0719,0.1614,0.05,1.08754
2471,19.2098,0.3842,8.1994,0.164,0.05,0.938869
2472,7.9642,0.1593,8.1502,0.163,0.05,0.985501
2473,2.9012,0.058,8.1461,0.1629,0.05,1.019912
2474,5.499,0.11,8.1536,0.1631,0.05,1.138445
2475,9.0589,0.1812,8.1962,0.1639,0.05,1.050154
2476,13.3691,0.2674,8.27,0.1654,0.05,0.922098
2477,8.3991,0.168,8.3011,0.166,0.05,0.880437
2478,3.0137,0.0603,8.2816,0.1656,0.05,1.13201
2479,10.6375,0.2127,8.2455,0.1649,0.05,0.970342
2480,5.0783,0.1016,8.2553,0.1651,0.05,1.074379
2481,5.9286,0.1186,8.2453,0.1649,0.05,1.06376
2482,2.8597,0.0572,8.2316,0.1646,0.05,1.211399
2483,9.2465,0.1849,8.012,0.1602,0.05,1.154803
2484,5.1894,0.1038,8.0046,0.1601,0.05,1.037332
2485,6.9185,0.1384,8.0486,0.161,0.05,0.987807
2486,4.2498,0.085,8.0321,0.1606,0.05,1.08031
2487,8.4461,0.1689,7.8503,0.157,0.05,1.159166
2488,5.8424,0.1168,7.8777,0.1576,0.05,1.001452
2489,5.0059,0.1001,7.8573,0.1571,0.05,1.009362
2490,6.8257,0.1365,7.8859,0.1577,0.05,1.156372
2491,3.3525,0.067,7.8604,0.1572,0.05,1.102766
2492,8.7728,0.1755,7.8434,0.1569,0.05,0.966342
2493,6.2545,0.1251,7.853,0.1571,0.05,1.17941
2494,3.2938,0.0659,7.7932,0.1559,0.05,1.090407
2495,4.95,0.099,7.7954,0.1559,0.05,1.107021
2496,7.3868,0.1477,7.8356,0.1567,0.05,1.075655
2497,3.3972,0.0679,7.8266,0.1565,0.05,1.142355
2498,3.7165,0.0743,7.7447,0.1549,0.05,0.99483
2499,2.9131,0.0583,7.7396,0.1548,0.05,1.238206
2500,11.3801,0.2276,7.7927,0.1559,0.05,1.152293
